,target instance,closest counterfactual,runtime,dataset_name,text_method,model_name,vectorizer,not find,closest_counterfactual \stopword,closest_true_instance,closest_similaritys,distance cf target,distance counterfactual target instance lev,distance counterfactual target instance bert,distance counterfactual closest_true_instance lev,distance counterfactual closest_true_instance bert,closest_true_instance_bert,closest_similaritys_bert
0,obama to apply for political asylum in moneygall,the story behind the african rihanna ,0.166255235671997,fake,xspells,rf,_TfidfVectorizer,0,story african rihanna,gorka smite hater radical islamist jerusalem post speech breitbart,0.2879863678155479,0.6501485405382607,8,0.01947023905813694,9,0.1843031495809555,"Italian Train Derails in Switzerland, Seven Injured",-0.186164453625679
1,nato goes on high ale to block donald trump presidency put hillary clinton in power,oregon gov ryan zinke conceded there ,0.1013119220733642,fake,xspells,rf,_TfidfVectorizer,0,oregon gov ryan zinke concede,diamond silk,0.2224441448288206,0.7040718112971983,15,-0.05151810869574547,7,-0.0504484884440898,Meet The First UFC Fighter To Wear A Turban To A Match,-0.2145157903432846
2,tesla hits a new milestone passing g m in valuation the new york times,breitba exposed white house visitor ,0.0958807468414306,fake,xspells,rf,_TfidfVectorizer,1,breitba expose white house visitor,gwen stefani superfan beat gwen stefani gwen stefani quiz,0.0958318958908122,0.5942185140853562,14,-0.019264228641986847,9,-0.0958717912435531,"Aleksei Navalny, Putin Critic, Says He’ll Run for President of Russia - The New York Times",-0.1645980328321457
3,john mayer s weird new low budget video is a meme wohy masterpiece,snl host chadwick boseman appears ,0.0869097709655761,fake,xspells,rf,_TfidfVectorizer,1,snl host chadwick boseman appear,budget deal increase wildfire disaster funding $ 2 billion annually,0.1568473736556929,0.487413043066825,13,0.30107381939888,10,-0.0597775802016258,Comment on New USDA Rules Eliminate Junk Food in Schools by conflictedhealth,-0.2341949045658111
4,come back to bed explores intimacy after experiencing sexual assault,chris dances wrecking ball with his ,1.2274658679962158,fake,xspells,rf,_TfidfVectorizer,1,chris dance wreck ball,fallacy goldilocks war policy,0.3104488735666816,0.607449814126783,10,0.0417761355638504,7,-0.0350695587694644,Gun Owners And Non-Gun Owners Actually Agree On A Lot Of Gun Reforms,-0.2322141379117965
5,california today fighting fire with fire the new york times,warriors coach steve calls nfl ban ,0.1258010864257812,fake,xspells,rf,_TfidfVectorizer,1,warrior coach steve call nfl ban,gwen stefani superfan beat gwen stefani gwen stefani quiz,0.2582918766275137,0.6264149150480075,10,0.08720453083515167,9,-0.0404349230229854,"Deep in Brazil’s Amazon, Exploring the Ruins of Ford’s Fantasyland - The New York Times",-0.2247899025678634
6,democratic lawmakers ask trump how it was legal to bomb syria,doj wants repeatedly to kill fbi ’ ,0.0817821025848388,fake,xspells,rf,_TfidfVectorizer,1,doj want repeatedly kill fbi,idris elba star new hunchback notre dame netflix,0.2754052769240643,0.7310443050102902,11,0.3249704837799072,8,0.0089819794520735,15 Unique Gifts For Mom This Mother's Day,-0.1974796056747436
7,americans are surprised domestic terrorism isn’t a federal crime most think it should be,if you can be more in music and she ,0.094428539276123,fake,xspells,rf,_TfidfVectorizer,1,music,idris elba star new hunchback notre dame netflix,0.1234297917662156,0.8458862518224025,14,0.009722516871988773,10,0.1497684866189956,Top House Republican Threatens To Subpoena Trump DOJ Official Over Census Citizenship Request,-0.1988528966903686
8,breaking trump was right,comey memo trump claims epa over trade ,0.1901626586914062,fake,xspells,rf,_TfidfVectorizer,1,comey memo trump claim epa trade,gwen stefani superfan beat gwen stefani gwen stefani quiz,0.1691450863061481,0.5560314346680052,7,0.22986629605293274,9,-0.2184385061264038,"In Historic Victory, Barbados Elects First Female Prime Minister",-0.2255331873893737
9,retired 4 star general simply outrageous that jared kushner represents america,colbe has a few blistering questions ,0.1089231967926025,fake,xspells,rf,_TfidfVectorizer,1,colbe blistering question,idris elba star new hunchback notre dame netflix,0.0901806579323618,0.6028373458285959,11,0.21382692456245422,8,0.0610602609813213,Trump Campaign Pays Lawyer Who’s Trying To Make Stormy Daniels Shut Up,-0.1866140812635421
10,“if trump loses i’m grabbing my musket” former congressman ready to go full revolution,if you re tired of the old way you ,1.1777105331420898,fake,xspells,rf,_TfidfVectorizer,2,tired old way,gwen stefani superfan beat gwen stefani gwen stefani quiz,0.0634517190884682,0.8402847479757094,14,0.23040318489074707,10,-0.0310392640531063,"U.S. Hits Russia With Sanctions For Election Meddling, Cyber Attacks",-0.2064871937036514
11,russian ambassador to turkey is assassinated in ankara the new york times,jerry brown california won t roll ,0.1706881523132324,fake,xspells,rf,_TfidfVectorizer,2,jerry brown california win t roll,gorka smite hater radical islamist jerusalem post speech breitbart,0.2520536711656077,0.5907205951188129,12,-0.13883240520954132,9,0.0386858247220516,Egypt Says Traces of Explosives Were Found on Bodies From Paris Flight - The New York Times,-0.2293745279312133
12,questions over melania trump’s speech set off finger pointing the new york times,republicans by trump ’ s reversal ,0.0921220779418945,fake,xspells,rf,_TfidfVectorizer,4,republican trump s reversal,gwen stefani superfan beat gwen stefani gwen stefani quiz,0.1445299896422605,0.682323830570219,13,0.3112807869911194,9,-0.0968902483582496,Serena Williams Beats Venus Williams to Win Her 7th Australian Open Title - The New York Times,-0.1920820474624633
13,chinese american scientist who was wrongly accused of spying gets job back,eric schneiderman has always been ,0.0861604213714599,fake,xspells,rf,_TfidfVectorizer,4,eric schneiderman,idris elba star new hunchback notre dame netflix,0.2780453770643274,0.5768156691948874,12,-0.061235543340444565,8,-0.0092391669750213,"In Rare LGBTQ Rights Win, Kenyan Court Rules Forced Anal Exams Illegal",-0.1895870417356491
14,the view from the mountaintop main luther king s turbulent tragic last year,obama surprises it s political for ,1.080357789993286,fake,xspells,rf,_TfidfVectorizer,5,obama surprise s political,idris elba star new hunchback notre dame netflix,0.2231181406365036,0.7215665853225336,12,0.133262038230896,8,-0.0023831031285226,Chrissy Metz Says She Was Physically Abused By Her Stepfather As A Teen,-0.1785077154636383
15,russia and syria warn about us shifting isis from mosul to battle assad,8 netflix titles with black stars ,0.4884436130523681,fake,xspells,rf,_TfidfVectorizer,5,8 netflix title black star,gorka smite hater radical islamist jerusalem post speech breitbart,0.0444777855086676,0.3750986119205743,13,-0.18273411691188812,9,-0.0318708270788192,How To Meet The Challenges Of Urban Farming,-0.1922248005867004
16,watch james corden get smashed in the face by a ball in slow motion,8 netflix titles with black stars ,0.0485856533050537,fake,xspells,rf,_TfidfVectorizer,5,8 netflix title black star,gorka smite hater radical islamist jerusalem post speech breitbart,0.0444777855086676,0.5933479453447339,14,0.12760889530181885,9,-0.0318708270788192,How To Meet The Challenges Of Urban Farming,-0.1922248005867004
17,hannity ’what has been happening to me in the last week is a kill shot’ breitba,here ’ s exactly when to book an international ,1.2941651344299316,fake,xspells,rf,_TfidfVectorizer,5,s exactly book international,kate mckinnon break impression rudy giuliani,0.1279875532925155,0.8763746206050124,15,0.1917940378189087,10,-0.0917970314621925,"'American Idol' Performer Is So Good, Katy Perry Drops Her Chair",-0.2036266773939132
18,tied to europe britain’s car industry is vulnerable after ‘brexit’ the new york times,emily blunt says his powerful love ,0.0802419185638427,fake,xspells,rf,_TfidfVectorizer,5,emily blunt say powerful love,wikileak obama saudi agent,0.2566656470232851,0.6568095068641545,14,0.043505020439624786,7,0.1400499939918518,Russia May Face Olympics Ban as Doping Scheme Is Confirmed - The New York Times,-0.2336904853582382
19,trump’s stormy daniels disclosure still leaves questions about payments to cohen,trump campaign was that could repoedly ,0.0568606853485107,fake,xspells,rf,_TfidfVectorizer,5,trump campaign repoedly,idris elba star new hunchback notre dame netflix,0.1633002014467441,0.7487924102610367,11,0.12261894345283508,8,0.0397326052188873,Kelis Says Nas Physically Abused Her During Their Marriage,-0.1908291280269622
20,nyc mayor threatens to destroy idnyc database containing personal info of nearly 500 000 illegal immigrants,gun owners and non gun owners actually ,0.5052669048309326,fake,xspells,rf,_TfidfVectorizer,6,gun owner non gun owner actually,gwen stefani superfan beat gwen stefani gwen stefani quiz,0.0124911376717636,0.6828411497319636,16,0.013047445565462112,9,-0.0911959782242775,"DML Provides Stunning Analysis, Predicts Trump Will Win Presidential Election",-0.194987416267395
21,damon wayans completely rips clayne crawford in twitter outburst,chinese american who was accused of ,0.1735150814056396,fake,xspells,rf,_TfidfVectorizer,6,chinese american accuse,idris elba star new hunchback notre dame netflix,0.2547351526642453,0.40475379058148,9,-0.027162570506334305,8,0.0495389141142368,Women In Iceland Leave Work 14% Early To Protest The Country’s 14% Wage Gap,-0.1529183089733123
22,bank fines elect democrats,officer charged with murder in shooting ,0.26711106300354,fake,xspells,rf,_TfidfVectorizer,6,officer charge murder shoot,gwen stefani superfan beat gwen stefani gwen stefani quiz,-0.0142848845127286,0.4395119329905793,7,0.054838333278894424,9,-0.0709278210997581,Channel 4 announces neverending cycle of Gogglebox spinoffs,-0.2618562579154968
23,how to rig an election james o’keefe expose’ follow the money,trump ’ s latest foreign policy chaos ,0.0916748046875,fake,xspells,rf,_TfidfVectorizer,6,trump s late foreign policy chaos,gwen stefani superfan beat gwen stefani gwen stefani quiz,0.0939707266686313,0.7400698203049965,11,0.32114121317863464,9,-0.0161953009665012,Michael Bublé And Wife Luisana Lopilato Expecting Third Child,-0.1564300209283828
24,poll finds most voters embrace milestone for women if not hillary clinton the new york times,conservative senate democrat who backs ,0.0669677257537841,fake,xspells,rf,_TfidfVectorizer,6,conservative senate democrat back,gwen stefani superfan beat gwen stefani gwen stefani quiz,0.094037611281372,0.713043065859463,16,0.27220070362091064,9,0.0192317217588424,United Airlines Temporarily Suspends Cargo Travel For Pets,-0.1999358981847763
25,harvey weinstein expected to turn himself in to the nypd for sex crimes,illegal immigrants to us mexico border ,0.0973231792449951,fake,xspells,rf,_TfidfVectorizer,6,illegal immigrant mexico border,idris elba star new hunchback notre dame netflix,0.153873681083202,0.6779408754969569,12,-0.03702745959162712,8,0.0059179379604756,Michael Bolton Singing John Bolton's Scary Words About War Is Almost Soothing,-0.2555844187736511
26,teens call out the nra gun makers and politicians in powerful new march promo,as calais jungle burns refugees try ,0.6165506839752197,fake,xspells,rf,_TfidfVectorizer,6,calais jungle burn refugee try,idris elba star new hunchback notre dame netflix,0.2423235379172566,0.5780214751702886,14,-0.019946657121181488,8,-0.0394572466611862,"Oliver North, Key Player In Iran-Contra Scandal, Named NRA President",-0.2887636423110962
27,michael moore threatens dems block gorsuch or face primaries,jimmy kimmel tricks royal fans into ,0.1359705924987793,fake,xspells,rf,_TfidfVectorizer,7,jimmy kimmel trick royal fan,budget deal increase wildfire disaster funding $ 2 billion annually,0.2444335509534729,0.5754014312831642,9,0.0697278380393982,10,-0.0370244644582271,Michigan Allots $87 Million to Replace Flint’s Tainted Water Pipes - The New York Times,-0.2205029129981994
28,jim carrey skewers trump s bromance with macron in clever new awork,80 western backed ngos ask un to drop ,0.1238934993743896,fake,xspells,rf,_TfidfVectorizer,7,80 western back ngo ask un drop,chrissy teigen explain snapchat decision feel beyoncé biter,0.2259172666755238,0.4113631180698006,12,-0.024975931271910667,9,-0.1430703699588775,Cardi B Gets Real About Her Career And Motherhood: 'Why Can't I Have Both?',-0.195072740316391
29,184 u s generals and admirals endorse trump for commander in chief,questlove has a superhero power when ,0.1079156398773193,fake,xspells,rf,_TfidfVectorizer,7,questlove superhero power,kate mckinnon break impression rudy giuliani,0.225674559480813,0.5456539053333946,12,0.12479577958583832,7,0.0508553311228752,EPA Reportedly Approved Pipeline Project Linked To Lobbyist Renting Room To Pruitt,-0.2533967792987823
30,the murder of a black brazilian politician has only amplified her cause,hillary now caught red fixing foreign ,1.0573883056640625,fake,xspells,rf,_TfidfVectorizer,7,hillary catch red fix foreign,idris elba star new hunchback notre dame netflix,0.2726799633130177,0.753026555288701,12,0.18016837537288666,8,0.0908685401082038,"Elon Musk's Estranged Father Has Child With Stepdaughter, Says It's 'God's Plan'",-0.2164555937051773
31,israel reverses course hours after signing u n deal to resettle african migrants,man who by the white after 23 years ,0.0790188312530517,fake,xspells,rf,_TfidfVectorizer,7,man white 23 year,gwen stefani superfan beat gwen stefani gwen stefani quiz,0.0614883603828388,0.6948195581659083,13,0.06341716647148132,9,-0.0147480312734842,Channel 4 announces neverending cycle of Gogglebox spinoffs,-0.2463934570550918
32,vincent viola billionaire businessman is trump’s choice to lead the army the new york times,canada ’ s largest school system cancels ,0.9855079650878906,fake,xspells,rf,_TfidfVectorizer,7,canada s large school system cancel,gwen stefani superfan beat gwen stefani gwen stefani quiz,0.0876095220612097,0.7007054146597603,15,-0.04084672033786774,9,0.0271489545702934,"[VIDEO] Hackers EXPOSE Hillary’s ‘Bond Girl’ Huma Abedin: Wife, Lover, And Spy?",-0.247775137424469
33,rick and moy future still up in the air says co creator dan harmon,poll 50 of russians fear us syria ,0.0875551700592041,fake,xspells,rf,_TfidfVectorizer,7,poll 50 russian fear syria,idris elba star new hunchback notre dame netflix,0.218603978724792,0.5981340375615422,14,-0.10212644934654236,8,-0.0703001320362091,Seann William Scott Replaces Clayne Crawford On Renewed 'Lethal Weapon',-0.1850328892469406
34,deadpool and david beckham hug out feud in deadpool 2 teaser,lawmakers want mark zuckerberg to ,0.1257522106170654,fake,xspells,rf,_TfidfVectorizer,7,lawmaker want mark zuckerberg,gwen stefani superfan beat gwen stefani gwen stefani quiz,0.1922894486844387,0.453820013565712,11,-0.07784537971019745,9,-0.0889654755592346,World’s tallest church being eroded by urinating revellers,-0.2336021065711975
35,opposing nba teams unite to wear shis honoring stephon clark,rachel national anthem and has to ,0.2051780223846435,fake,xspells,rf,_TfidfVectorizer,8,rachel national anthem,gwen stefani superfan beat gwen stefani gwen stefani quiz,0.1986244515487343,0.5545967689360275,10,0.21522170305252075,9,0.1577005535364151,"Pressure on Taliban leaders, makes Afghan Issue more Complex",-0.193400964140892
36,in shadow of amazon european challenger looks to china for inspiration the new york times,i o a test for complete jobs the fox ,1.2391209602355957,fake,xspells,rf,_TfidfVectorizer,8,o test complete job fox,gwen stefani superfan beat gwen stefani gwen stefani quiz,0.142149166458883,0.8094859567430812,14,0.1586029976606369,10,0.07255320250988,Trump fans rally in Jerusalem,-0.25717693567276
37,too many millennials are cool with communism,8 netflix shows how to next and <end> ,0.1626677513122558,fake,xspells,rf,_TfidfVectorizer,9,8 netflix show < end >,jew shielder gavin mccuck rekt jew hate female shitlord,0.0426144160558496,0.6418303640201395,9,-0.060827530920505524,9,-0.0814850777387619,Donald Trump Receives Bay of Pigs Veterans Association's First Ever Endorsement - Breitbart,-0.1833459436893463
38,oregon man refuses to pay taxes based on religious beliefs about aboion,trump nominee refuses to say if she ,0.0837953090667724,fake,xspells,rf,_TfidfVectorizer,9,trump nominee refuse,gwen stefani superfan beat gwen stefani gwen stefani quiz,0.1591732037573306,0.7674987315973005,10,0.1986922025680542,9,0.04990054666996,Bricklayers rejoice!,-0.2492431551218032
39,jets chairman christopher johnson won t fine players for anthem protests,wall street and the pentagon pre political ,0.7630114555358887,fake,xspells,rf,_TfidfVectorizer,9,wall street pentagon pre political,idris elba star new hunchback notre dame netflix,0.1973054674577405,0.6365749017175029,11,0.02857874520123005,8,0.0340885035693645,"'American Idol' Performer Is So Good, Katy Perry Drops Her Chair",-0.197827011346817
40,tonight show says this is us is whip his nuts fan doesn t notice,conservative pollster sounds the alarm ,0.0630717277526855,fake,xspells,rf,_TfidfVectorizer,11,conservative pollster sound alarm,idris elba star new hunchback notre dame netflix,0.0863610594247963,0.603454207169668,14,0.2640426754951477,8,0.1568213701248169,Cardi B Doesn't Owe You Anything,-0.2458131611347198
41,james comey discussing pee tape dossier with trump was out of body experience,adorable video for kids shows that ,0.0963099002838134,fake,xspells,rf,_TfidfVectorizer,11,adorable video kid show,kate mckinnon break impression rudy giuliani,0.1971817088024353,0.7120941031904687,13,0.24105675518512726,7,0.0004318674327805,Tokyo could ban US troops from stationing on disputed isles,-0.1726574450731277
42,coroner reclassifies a man s suspicious death after huffpost investigates,ohio man seeking to join isis arrested ,0.0853912830352783,fake,xspells,rf,_TfidfVectorizer,11,ohio man seek join isis arrest,chrissy teigen explain snapchat decision feel beyoncé biter,0.3062779769301234,0.6237609010503021,9,0.044309910386800766,8,-0.0864693373441696,Jim Carrey's Latest Painting Slams Kent State 'Goldilocks' And Her AR-10,-0.2752319574356079
43,donald trump lashes out at so called leaks and twitter users pounce,trump russia and syria disaster yet ,0.0911719799041748,fake,xspells,rf,_TfidfVectorizer,13,trump russia syria disaster,idris elba star new hunchback notre dame netflix,0.3446149147417633,0.6373893879494161,11,0.3576838970184326,8,-0.0510013736784458,Sarah Paulson Is Unapologetic About 32-Year Age Gap With Girlfriend Holland Taylor,-0.1575001627206802
44,gop we will be united against any supreme cou nominee of hillary clinton video,gop state senator thinks laws created ,0.0516772270202636,fake,xspells,rf,_TfidfVectorizer,13,gop state senator think law create,gwen stefani superfan beat gwen stefani gwen stefani quiz,0.096652253311157,0.7829145157606945,13,0.28595855832099915,9,-0.0951730385422706,Flight to London Evacuated Following Bomb Threat,-0.2185187935829162
45,china showcases advanced missile following mattis visit to japan breitba,a man s suspicious death after huffpost ,1.078843593597412,fake,xspells,rf,_TfidfVectorizer,13,man s suspicious death huffpost,gwen stefani superfan beat gwen stefani gwen stefani quiz,0.1601913569400944,0.465707315500016,10,-0.12373001128435135,9,-0.1669462025165558,Serena Williams Beats Venus Williams to Win Her 7th Australian Open Title - The New York Times,-0.2192916870117187
46,repo ny gov andrew cuomo hires 2 florida fundraisers in move toward presidential bid breitba,michael cohen repoedly paid 600 000 ,0.1028215885162353,fake,xspells,rf,_TfidfVectorizer,13,michael cohen repoedly pay 600 000,spirit liberalism liberalism left,0.0847996647635321,0.4920051184839836,15,0.07483591884374619,7,-0.0635557547211647,Squatters See a New Frontier in the Empty Homes of Las Vegas - The New York Times,-0.2362126260995865
47,josh holt american captive in venezuela begs for help in prison videos,germany moves to ban of crops under ,0.129042387008667,fake,xspells,rf,_TfidfVectorizer,13,germany move ban crop,idris elba star new hunchback notre dame netflix,0.1516442182655951,0.6765763831978682,12,-0.1360911726951599,8,-0.1381100416183471,1 Person Found Dead After Explosion Rocks Site Of Alleged Domestic Hostage Situation,-0.2403788268566131
48,coal baron subsidize coal ‘to make sure grandma doesn’t die on the operating table’,brexit betrayal britain must prepare ,1.1559944152832031,fake,xspells,rf,_TfidfVectorizer,14,brexit betrayal britain prepare,idris elba star new hunchback notre dame netflix,0.2510531747321105,0.5825586996014017,14,0.12205135822296143,8,-0.0831490829586982,Country Music Stars Return To Las Vegas For First Time Since Mass Shooting,-0.2278860211372375
49,wall street cheers as joe biden smacks hillary clinton in vegas ‘i never thought she was the correct candidate’,man arrested for wears ’ hold my beer ,0.7226672172546387,fake,xspells,rf,_TfidfVectorizer,14,man arrest wear hold beer,gwen stefani superfan beat gwen stefani gwen stefani quiz,0.1302050082698734,0.7564213472824869,19,0.1124458909034729,9,-0.0513910837471485,Chuck Schumer Turns Melania Trump's 'Be Best' Campaign Against Donald Trump,-0.199388712644577
50,channel 4 announces neverending cycle of gogglebox spinoffs,texas bomb suspect s family devastated ,0.2467074394226074,fake,xspells,rf,_TfidfVectorizer,14,texas bomb suspect s family devastate,gwen stefani superfan beat gwen stefani gwen stefani quiz,0.1445913302358241,0.2789966368485831,8,0.012024052441120148,9,-0.0897599160671234,Corey Lewandowski Continues to Be Paid by Donald Trump’s Campaign - The New York Times,-0.1902673691511154
51,trump netanyahu abbas vowed to ’reach for peace’ and i believe them,watch out alec baldwin these kids ,0.4247310161590576,fake,xspells,rf,_TfidfVectorizer,14,watch alec baldwin kid,fallacy goldilocks war policy,0.322206730029475,0.6469780596806792,12,0.09374500066041946,7,0.0354435369372367,Tokyo could ban US troops from stationing on disputed isles,-0.1614618897438049
52,trump and the american far right stoke hate in canada,washington d c insider says obama ,0.8031213283538818,fake,xspells,rf,_TfidfVectorizer,14,washington d c insider say obama,gwen stefani superfan beat gwen stefani gwen stefani quiz,0.2673816499450991,0.617258064060123,10,0.20082703232765198,9,-0.2047925442457199,"Italian Train Derails in Switzerland, Seven Injured",-0.2426463961601257
53,comey ag lynch directed me to call hillary email investigation a ‘matter’ breitba,if the law says scott walker has to ,0.0606276988983154,fake,xspells,rf,_TfidfVectorizer,15,law say scott walker,gwen stefani superfan beat gwen stefani gwen stefani quiz,0.1821423157562605,0.7536928889899966,13,0.1239609643816948,9,-0.1598968654870987,"Donald Trump Defeats Hillary Clinton, Wins 2016 Election",-0.2058214396238327
54,re prescription painkiller crisis why do americans consume 80 percent of all prescription painkillers,stormy daniels finds a new way to ,1.5645103454589844,fake,xspells,rf,_TfidfVectorizer,16,stormy daniels find new way,jew shielder gavin mccuck rekt jew hate female shitlord,0.2050415285184205,0.5655962187868366,14,0.026749182492494583,9,-0.0559681951999664,"Most Primate Species Threatened With Extinction, Scientists Find - The New York Times",-0.2305425703525543
55,obamacare repeal stalled by moderate republican opposition breitba,paul ryan suggests steve suppos kevin ,0.1225640773773193,fake,xspells,rf,_TfidfVectorizer,16,paul ryan suggest steve suppos kevin,budget deal increase wildfire disaster funding $ 2 billion annually,0.1374888634161623,0.2949202884303759,8,0.050893932580947876,10,-0.0709828436374664,"Tens of thousands march for, against Venezuela government",-0.2647263407707214
56,bet chairman and ceo debra lee is stepping down,neil young doesn t words about mess ,0.1142663955688476,fake,xspells,rf,_TfidfVectorizer,17,neil young doesn t word mess,gwen stefani superfan beat gwen stefani gwen stefani quiz,0.2628297173377137,0.6619440332709798,9,0.03488895297050476,9,-0.0078180786222219,Top Turkish Delegation Visits Crimea: A Sign of Turkey's Eurasian Future?,-0.2082775235176086
57,green water lingers in olympic pools as the excuses pile up the new york times,u s putin s inner circle with new ,0.1548192501068115,fake,xspells,rf,_TfidfVectorizer,17,u s putin s inner circle new,gwen stefani superfan beat gwen stefani gwen stefani quiz,0.1147244344706669,0.6749710583757147,14,-0.012820105999708176,9,-0.0428694710135459,"Bridgewater, World’s Biggest Hedge Fund, Is Said to Be Slowing Hiring - The New York Times",-0.1934782415628433
58,a gay take on the golden girls has been picked up for development,watch diamond and silk slam obama ,0.5753674507141113,fake,xspells,rf,_TfidfVectorizer,18,watch diamond silk slam obama,chrissy teigen explain snapchat decision feel beyoncé biter,0.311926716903969,0.6428415161352616,13,0.0016774646937847137,8,0.2557691037654876,NY State Police Building MS-13 Unit,-0.2255674302577972
59,76ers send clear message over anthem singer s shi keep politics off the cou just do your job,william friedkin s faith in exorcisms ,0.0689358711242675,fake,xspells,rf,_TfidfVectorizer,18,william friedkin s faith exorcism,tonight say whip nut fan notice,0.2404389350555829,0.3783608750386671,17,0.042937491089105606,7,0.0378869920969009,EPA Reportedly Approved Pipeline Project Linked To Lobbyist Renting Room To Pruitt,-0.1805763244628906
60,anonymity the greatest weapon against oppression,a bell radio show transgender dies ,0.1899478435516357,fake,xspells,rf,_TfidfVectorizer,18,bell radio transgender die,gwen stefani superfan beat gwen stefani gwen stefani quiz,0.1957844383716682,0.5154205636595688,7,-0.02286957949399948,9,0.0547472946345806,How To Meet The Challenges Of Urban Farming,-0.245547279715538
61,‘atlanta’ shows the horror of black childhood trauma,syrian warn us turkey can ’ t be involved ,0.8402853012084961,fake,xspells,rf,_TfidfVectorizer,18,syrian warn turkey t involve,idris elba star new hunchback notre dame netflix,0.2107882920756495,0.6565482793800165,10,0.06672898679971695,10,-0.0433968678116798,Tim Allen's 'Last Man Standing' Is Coming Back Just One Year After Being Canceled,-0.1844809800386428
62,don’t let counterpunch go up in smoke,gold end of the year ” – stewa thomson ,1.853698253631592,fake,xspells,rf,_TfidfVectorizer,18,gold end year stewa thomson,gwen stefani superfan beat gwen stefani gwen stefani quiz,0.0409358898043563,0.6150530680973733,10,0.11839184165000916,10,0.05898217856884,Roy Moore Files Complaint Claiming He Was Targeted By Political Conspiracy,-0.2537845075130462
63,white house blames deadly gaza violence on hamas ‘propaganda’,beyoncé falls on stage at coachella ,0.0847532749176025,fake,xspells,rf,_TfidfVectorizer,18,beyoncé fall stage coachella,trump control mossad,0.2278240182312055,0.4094784901925043,9,0.05273973569273949,7,0.0562212616205215,These Towns Are Trying Out A Basic-Income Scheme And It's Already Changing Lives,-0.2488633245229721
64,trevor noah has a mind blowing theory about sean hannity,rod rosenstein personally off on the ,0.1398100852966308,fake,xspells,rf,_TfidfVectorizer,18,rod rosenstein personally,idris elba star new hunchback notre dame netflix,0.1473361420541749,0.5582931047140816,10,0.2693532407283783,8,0.075405828654766,Woman Alleges Rapper Young Lo Raped Her While She Was Trapped In Chris Brown's Home,-0.232592761516571
65,nate berkus and jeremiah brent unveil first photos of their son,video of bear eating ice cream at ,0.1009778976440429,fake,xspells,rf,_TfidfVectorizer,18,video bear eat ice cream,idris elba star new hunchback notre dame netflix,0.1763199910396947,0.6143120386976353,11,0.08949033915996552,8,0.1054460480809211,Timothée Chalamet's Youth And Charm Make John Mulaney Very Insecure,-0.1550002098083496
66,here’s what is coming to amazon prime in may 2018,watch hillary clinton can ’ t stop ,1.6587893962860107,fake,xspells,rf,_TfidfVectorizer,19,watch hillary clinton t stop,idris elba star new hunchback notre dame netflix,0.3640932271778879,0.6632249357669029,10,-0.00022049248218536377,8,0.1437347084283828,1 Person Found Dead After Explosion Rocks Site Of Alleged Domestic Hostage Situation,-0.1883219927549362
67,illegal immigrants surging to us mexico border in race against election day,paul mccaney joins march for our lives ,0.5807075500488281,fake,xspells,rf,_TfidfVectorizer,20,paul mccaney join march life,gwen stefani superfan beat gwen stefani gwen stefani quiz,0.1488478845733707,0.7354751583649713,12,-0.014495501294732094,9,0.0270960722118616,China Tries to Censor AI Victory Over Go Champion - Breitbart,-0.2454647868871688
68,sean bean s role in game of thrones was much bigger than you thought,sean hannity was over the fbi raid ,0.0864083766937255,fake,xspells,rf,_TfidfVectorizer,20,sean hannity fbi raid,chrissy teigen explain snapchat decision feel beyoncé biter,0.3358088010791674,0.6297327074349632,12,0.2986317276954651,8,0.1949457079172134,"Calling Trans Kids By Their Chosen Name Lowers Risk Of Depression, Suicide",-0.1852591037750244
69,trump’s 1st win germany hints at compromises on trade military,trump is going to white house congress ,0.0736308097839355,fake,xspells,rf,_TfidfVectorizer,20,trump go white house congress,gwen stefani superfan beat gwen stefani gwen stefani quiz,0.1627482144604232,0.770068132015531,10,0.3102979362010956,9,-0.1192956119775772,4 Notorious Hurricane Names You'll Never Hear Again,-0.187812253832817
70,obama surprises vice president joe biden with a presidential medal of freedom breitba,social security administration paid ,0.0960969924926757,fake,xspells,rf,_TfidfVectorizer,20,social security administration pay,gwen stefani superfan beat gwen stefani gwen stefani quiz,-0.037358758732801,0.6007949802371558,13,0.18392382562160492,9,-0.078559823334217,Review: Miranda Lambert Sings of What Comes After the Heartbreak - The New York Times,-0.1843722015619278
71,protest leader nikol pashinian elected prime minister of armenia,tennessee shooting suspect arrested ,0.2083373069763183,fake,xspells,rf,_TfidfVectorizer,20,tennessee shooting suspect arrest,gwen stefani superfan beat gwen stefani gwen stefani quiz,0.1337206172563888,0.4519461286922424,9,0.001477380283176899,9,-0.0633925125002861,"Deep in Brazil’s Amazon, Exploring the Ruins of Ford’s Fantasyland - The New York Times",-0.2460442930459976
72,beyoncé and solange s dad finally speaks about that infamous elevator fight,professor wants children to learn ,0.0965635776519775,fake,xspells,rf,_TfidfVectorizer,21,professor want child learn,idris elba star new hunchback notre dame netflix,0.1410076587370823,0.6730660528723934,12,0.05895495414733887,8,0.0762490108609199,Dozens Dead After Suicide Bomber Blows Himself Up Near Kabul Shrine,-0.1872436851263046
73,cut ties to donald trump big donors urge r n c the new york times,students from 2 600 schools plan walk ,0.1055939197540283,fake,xspells,rf,_TfidfVectorizer,21,student 2 600 school plan walk,gwen stefani superfan beat gwen stefani gwen stefani quiz,-0.0176977943149933,0.6084193405923678,15,0.023289838805794716,9,-0.084681823849678,‘He Wasn’t Profiteering During the Conflict’ - The New York Times,-0.2562775909900665
74,adveisers may be fleeing but fox news is sticking with laura ingraham,conservative urges melania trump it ,0.0728766918182373,fake,xspells,rf,_TfidfVectorizer,22,conservative urge melania trump,idris elba star new hunchback notre dame netflix,0.2313324550012019,0.5234586307482911,12,0.20675168931484222,8,0.0658747181296348,"Knife Attack In Paris Leaves 1 Dead, Several Injured",-0.197612464427948
75,ryan reynolds perfectly trolls avengers by revealing why he s not in the film,miss world contestant who challenged ,0.0747945308685302,fake,xspells,rf,_TfidfVectorizer,22,miss world contestant challenge,bill maher shred baghdad bob sarah huckabee sander bulls**t,0.2210291621982863,0.6918599932649093,14,0.09533300995826721,9,0.0636206120252609,Gun Owners And Non-Gun Owners Actually Agree On A Lot Of Gun Reforms,-0.2953765094280243
76,hundreds protest in cities across u s for poor people s campaign,man is by the white after 23 years ,0.1041426658630371,fake,xspells,rf,_TfidfVectorizer,22,man white 23 year,gwen stefani superfan beat gwen stefani gwen stefani quiz,0.0568471716076921,0.7350010273906931,12,0.06026994436979294,9,-0.0511669069528579,Channel 4 announces neverending cycle of Gogglebox spinoffs,-0.245781198143959
77,this trump country house district just became a key progressive battleground,trump campaign was that ordered to ,0.0843787193298339,fake,xspells,rf,_TfidfVectorizer,22,trump campaign order,idris elba star new hunchback notre dame netflix,0.1319466935661228,0.8026488043922043,10,0.3419830799102783,8,-0.0677536204457283,New Studies Examine Mental Health Challenges For LGBTQ Youth,-0.1587345153093338
