,target instance,closest counterfactual,closest_counterfactual \stopword,closest_true_instance,text_method,model_name,dataset_name,runtime,not find,closest_similaritys,distance cf target,distance counterfactual target instance lev,distance counterfactual target instance bert,distance counterfactual closest_true_instance lev,distance counterfactual closest_true_instance bert,closest_true_instance_bert,closest_similaritys_bert
0,"the movie has a soft , percolating magic , a deadpan suspense .","UNKWORDZ UNKWORDZ UNKWORDZ UNKWORDZ UNKWORDZ UNKWORDZ UNKWORDZ UNKWORDZ , UNKWORDZ UNKWORDZ UNKWORDZ UNKWORDZ",unkwordz unkwordz unkwordz unkwordz unkwordz unkwordz unkwordz unkwordz unkwordz unkwordz unkwordz unkwordz,pompous garbled,sedc,DistilBertForSequenceClassification,polarity,16.651381254196167,0,0.0013432262998533,0.5455550635599024,12,0.009895658120512962,13,0.0796340182423591,"hey arnold ! the movie could have been made 40 years ago , and parents' appreciation of it may depend on whether they consider that a good thing .",-0.2128872573375702
1,this is one of polanski's best films .,UNKWORDZ UNKWORDZ UNKWORDZ UNKWORDZ UNKWORDZ UNKWORDZ UNKWORDZ UNKWORDZ UNKWORDZ,unkwordz unkwordz unkwordz unkwordz unkwordz unkwordz unkwordz unkwordz unkwordz,movie soft percolate magic deadpan suspense,sedc,DistilBertForSequenceClassification,polarity,13.792794466018677,0,0.0,0.0,9,-0.053937528282403946,9,0.057093434035778,"hey arnold ! the movie could have been made 40 years ago , and parents' appreciation of it may depend on whether they consider that a good thing .",-0.2123251110315323
2,"like dickens with his passages , mcgrath crafts quite moving scenes throughout his resolutely dramatic variation on the novel .",UNKWORDZ UNKWORDZ with his UNKWORDZ UNKWORDZ UNKWORDZ UNKWORDZ quite moving UNKWORDZ UNKWORDZ his UNKWORDZ UNKWORDZ UNKWORDZ UNKWORDZ the novel .,unkwordz unkwordz unkwordz unkwordz unkwordz unkwordz move unkwordz unkwordz unkwordz unkwordz unkwordz unkwordz novel,bluto blutarsky miss,sedc,DistilBertForSequenceClassification,polarity,20.132095098495483,0,0.0149678966295434,0.9094343930106292,12,0.17672905325889587,20,0.0755288675427436,"it's worth seeing just on the basis of the wisdom , and at times , the startling optimism , of the children .",-0.1608401238918304
3,"there's no point of view , no contemporary interpretation of joan's prefeminist plight , so we're left thinking the only reason to make the movie is because present standards allow for plenty of nudity .","there UNKWORDZ UNKWORDZ point of UNKWORDZ UNKWORDZ no contemporary interpretation of joan 's prefeminist UNKWORDZ , so UNKWORDZ 're left UNKWORDZ the only reason to make the movie is UNKWORDZ present standards UNKWORDZ for UNKWORDZ UNKWORDZ UNKWORDZ .",unkwordz unkwordz point unkwordz unkwordz contemporary interpretation joan prefeminist unkwordz unkwordz leave unkwordz reason movie unkwordz present standard unkwordz unkwordz unkwordz unkwordz,else-,sedc,DistilBertForSequenceClassification,polarity,31.15560936927796,0,0.0,0.9915564921059,16,0.4141277074813843,38,0.1099546030163765,probably the best case for christianity since chesterton and lewis .,-0.1334204375743866
4,sitting through the last reel ( spoiler alert ! ) is significantly less charming than listening to a four-year-old with a taste for exaggeration recount his halloween trip to the haunted house .,UNKWORDZ through the last reel ( UNKWORDZ alert ! ) is UNKWORDZ less UNKWORDZ UNKWORDZ UNKWORDZ to a UNKWORDZ - year - old with UNKWORDZ taste for exaggeration recount UNKWORDZ UNKWORDZ trip UNKWORDZ the haunted UNKWORDZ .,unkwordz reel unkwordz alert unkwordz unkwordz unkwordz unkwordz unkwordz year old unkwordz taste exaggeration recount unkwordz unkwordz trip unkwordz haunt unkwordz,execrable,sedc,DistilBertForSequenceClassification,polarity,29.348718404769897,0,-0.0492132982108761,0.9788973651886904,16,0.3900279104709625,37,0.0793916657567024,"from the opening scenes , it's clear that all about the benjamins is a totally formulaic movie .",-0.1309071034193039
5,". . . mesmerizing , an eye-opening tour of modern beijing culture in a journey of rebellion , retreat into oblivion and return .",". UNKWORDZ . mesmerizing , an UNKWORDZ UNKWORDZ UNKWORDZ UNKWORDZ UNKWORDZ modern beijing culture UNKWORDZ UNKWORDZ journey of UNKWORDZ UNKWORDZ retreat into UNKWORDZ and return UNKWORDZ",unkwordz mesmerizing unkwordz unkwordz unkwordz unkwordz unkwordz modern beijing culture unkwordz unkwordz journey unkwordz unkwordz retreat unkwordz return unkwordz,bluto blutarsky miss,sedc,DistilBertForSequenceClassification,polarity,23.242918252944943,0,0.0290933082802168,0.9733221838002686,12,0.41930168867111206,26,-0.007417214103043,"remember the kind of movie we were hoping "" ecks vs . sever "" or "" xxx "" was going to be ? this is it .",-0.1915861815214157
6,it's a glorious spectacle like those d . w . griffith made in the early days of silent film .,it UNKWORDZ UNKWORDZ UNKWORDZ UNKWORDZ UNKWORDZ UNKWORDZ UNKWORDZ . UNKWORDZ UNKWORDZ griffith UNKWORDZ in the early days of UNKWORDZ UNKWORDZ .,unkwordz unkwordz unkwordz unkwordz unkwordz unkwordz unkwordz unkwordz unkwordz griffith unkwordz early day unkwordz unkwordz,bluto blutarsky miss,sedc,DistilBertForSequenceClassification,polarity,20.510995864868164,0,0.0600262067306312,0.9230507868954434,13,0.0840219184756279,21,0.0819022133946418,it makes you believe the cast and crew thoroughly enjoyed themselves and believed in their small-budget film .,-0.1711267530918121
7,[at least] moore is a real charmer .,UNKWORDZ UNKWORDZ UNKWORDZ UNKWORDZ UNKWORDZ UNKWORDZ UNKWORDZ UNKWORDZ UNKWORDZ UNKWORDZ,unkwordz unkwordz unkwordz unkwordz unkwordz unkwordz unkwordz unkwordz unkwordz unkwordz,movie soft percolate magic deadpan suspense,sedc,DistilBertForSequenceClassification,polarity,14.134986639022827,0,0.0,0.0,10,-0.02996966615319252,10,0.053777776658535,"hey arnold ! the movie could have been made 40 years ago , and parents' appreciation of it may depend on whether they consider that a good thing .",-0.2101506888866424
8,the film starts out as competent but unremarkable . . . and gradually grows into something of considerable power .,UNKWORDZ UNKWORDZ UNKWORDZ UNKWORDZ UNKWORDZ competent UNKWORDZ unremarkable UNKWORDZ UNKWORDZ UNKWORDZ and UNKWORDZ grows into something UNKWORDZ considerable UNKWORDZ .,unkwordz unkwordz unkwordz unkwordz unkwordz competent unkwordz unremarkable unkwordz unkwordz unkwordz unkwordz grow unkwordz considerable unkwordz,bluto blutarsky miss,sedc,DistilBertForSequenceClassification,polarity,20.05546903610229,0,0.0454994995993014,0.9374630074237886,12,0.17594638466835022,20,-0.044546190649271,if you're a fan of the series you'll love it and probably want to see it twice . i will be .,-0.2356269061565399
9,. . . always remains movingly genuine .,UNKWORDZ UNKWORDZ UNKWORDZ UNKWORDZ UNKWORDZ UNKWORDZ UNKWORDZ UNKWORDZ,unkwordz unkwordz unkwordz unkwordz unkwordz unkwordz unkwordz unkwordz,movie soft percolate magic deadpan suspense,sedc,DistilBertForSequenceClassification,polarity,12.827765703201294,0,0.0,0.0,8,0.07682540267705917,8,0.0601793825626373,"hey arnold ! the movie could have been made 40 years ago , and parents' appreciation of it may depend on whether they consider that a good thing .",-0.2132067382335662
10,jonathan parker's bartleby should have been the be-all-end-all of the modern-office anomie films .,jonathan UNKWORDZ UNKWORDZ UNKWORDZ should have been the be UNKWORDZ UNKWORDZ UNKWORDZ UNKWORDZ UNKWORDZ UNKWORDZ of UNKWORDZ modern UNKWORDZ UNKWORDZ anomie films .,jonathan unkwordz unkwordz unkwordz unkwordz unkwordz unkwordz unkwordz unkwordz unkwordz unkwordz modern unkwordz unkwordz anomie film,else-,sedc,DistilBertForSequenceClassification,polarity,22.11868953704834,0,0.0,0.8894719782135235,14,0.1457516998052597,23,0.1618233621120453,"minority report is exactly what the title indicates , a report .",-0.0947460606694221
11,there's more repetition than creativity throughout the movie .,UNKWORDZ UNKWORDZ UNKWORDZ UNKWORDZ UNKWORDZ UNKWORDZ UNKWORDZ UNKWORDZ UNKWORDZ UNKWORDZ,unkwordz unkwordz unkwordz unkwordz unkwordz unkwordz unkwordz unkwordz unkwordz unkwordz,point view contemporary interpretation joan prefeminist plight leave think reason movie present standard allow plenty nudity,sedc,DistilBertForSequenceClassification,polarity,13.205636262893677,0,0.0,0.0,10,0.05426066368818283,16,-0.0294469092041254,"everybody loves a david and goliath story , and this one is told almost entirely from david's point of view .",-0.1656481176614761
12,"the movie isn't just hilarious : it's witty and inventive , too , and in hindsight , it isn't even all that dumb .","UNKWORDZ UNKWORDZ UNKWORDZ n't just UNKWORDZ : it UNKWORDZ witty UNKWORDZ inventive , too , and UNKWORDZ UNKWORDZ , it UNKWORDZ UNKWORDZ even UNKWORDZ that UNKWORDZ .",unkwordz unkwordz unkwordz unkwordz unkwordz witty unkwordz inventive unkwordz unkwordz unkwordz unkwordz unkwordz unkwordz,execrable,sedc,DistilBertForSequenceClassification,polarity,25.60720276832581,0,-0.0053488829646072,0.9702937542619694,14,0.1323036402463913,27,0.113771453499794,equlibrium could pass for a thirteen-year-old's book report on the totalitarian themes of 1984 and farenheit 451 .,-0.1351923644542694
13,"a spellbinding african film about the modern condition of rootlessness , a state experienced by millions around the globe .","a UNKWORDZ african film about the UNKWORDZ UNKWORDZ UNKWORDZ UNKWORDZ , UNKWORDZ UNKWORDZ UNKWORDZ UNKWORDZ millions around UNKWORDZ UNKWORDZ UNKWORDZ",unkwordz african film unkwordz unkwordz unkwordz unkwordz unkwordz unkwordz unkwordz unkwordz million unkwordz unkwordz unkwordz,bluto blutarsky miss,sedc,DistilBertForSequenceClassification,polarity,19.95399570465088,0,0.0348385903363398,0.919206306734982,12,0.43868035078048706,20,0.0802129656076431,a worthwhile way to spend two hours .,-0.1183013841509819
14,"in the telling of a story largely untold , bui chooses to produce something that is ultimately suspiciously familiar .","UNKWORDZ UNKWORDZ UNKWORDZ UNKWORDZ UNKWORDZ UNKWORDZ UNKWORDZ untold , bui UNKWORDZ to produce UNKWORDZ that UNKWORDZ UNKWORDZ UNKWORDZ familiar .",unkwordz unkwordz unkwordz unkwordz unkwordz unkwordz unkwordz untold bui unkwordz produce unkwordz unkwordz unkwordz unkwordz familiar,else-,sedc,DistilBertForSequenceClassification,polarity,19.63856315612793,0,0.0,0.9016275706406908,12,0.170476034283638,20,0.1104933843016624,jonathan parker's bartleby should have been the be-all-end-all of the modern-office anomie films .,-0.2266387939453125
15,"for all its shoot-outs , fistfights , and car chases , this movie is a phlegmatic bore , so tedious it makes the silly spy vs . spy film the sum of all fears , starring ben affleck , seem downright hitchcockian .","for all its shoot - UNKWORDZ UNKWORDZ fistfights , and car chases , this movie is a UNKWORDZ bore , UNKWORDZ tedious UNKWORDZ makes the silly UNKWORDZ UNKWORDZ UNKWORDZ spy film UNKWORDZ UNKWORDZ of all UNKWORDZ , starring ben UNKWORDZ , seem downright hitchcockian .",shoot unkwordz unkwordz fistfight car chase movie unkwordz bore unkwordz tedious unkwordz make silly unkwordz unkwordz unkwordz spy film unkwordz unkwordz unkwordz star ben unkwordz downright hitchcockian,else-,sedc,DistilBertForSequenceClassification,polarity,36.156020402908325,0,0.0,0.9898041991754384,14,0.5025853514671326,45,0.1367461234331131,your appreciation of it will depend on what experiences you bring to it and what associations you choose to make .,-0.1051726639270782
16,"a pleasant ramble through the sort of idoosyncratic terrain that errol morris has often dealt with . . . it does possess a loose , lackadaisical charm .","UNKWORDZ UNKWORDZ UNKWORDZ through the UNKWORDZ of idoosyncratic terrain that UNKWORDZ morris UNKWORDZ often UNKWORDZ UNKWORDZ . . UNKWORDZ it UNKWORDZ possess a UNKWORDZ , lackadaisical charm UNKWORDZ",unkwordz unkwordz unkwordz unkwordz idoosyncratic terrain unkwordz morris unkwordz unkwordz unkwordz unkwordz unkwordz possess unkwordz lackadaisical charm unkwordz,else-,sedc,DistilBertForSequenceClassification,polarity,26.451335668563843,0,0.0,0.9788944204453917,12,0.3219339847564697,28,0.0982505157589912,jonathan parker's bartleby should have been the be-all-end-all of the modern-office anomie films .,-0.1698786169290542
17,eight crazy nights is a showcase for sandler's many talents .,UNKWORDZ UNKWORDZ UNKWORDZ UNKWORDZ UNKWORDZ UNKWORDZ UNKWORDZ UNKWORDZ UNKWORDZ UNKWORDZ UNKWORDZ UNKWORDZ,unkwordz unkwordz unkwordz unkwordz unkwordz unkwordz unkwordz unkwordz unkwordz unkwordz unkwordz unkwordz,movie soft percolate magic deadpan suspense,sedc,DistilBertForSequenceClassification,polarity,16.064308881759644,0,0.0,0.0,12,0.1313675343990326,12,0.0470239929854869,"hey arnold ! the movie could have been made 40 years ago , and parents' appreciation of it may depend on whether they consider that a good thing .",-0.2076243162155151
18,"from beginning to end , this overheated melodrama plays like a student film .",UNKWORDZ UNKWORDZ UNKWORDZ UNKWORDZ UNKWORDZ UNKWORDZ UNKWORDZ UNKWORDZ UNKWORDZ like UNKWORDZ UNKWORDZ UNKWORDZ .,unkwordz unkwordz unkwordz unkwordz unkwordz unkwordz unkwordz unkwordz unkwordz like unkwordz unkwordz unkwordz,execrable,sedc,DistilBertForSequenceClassification,polarity,16.77914047241211,0,-0.0715500563802257,0.7453565073618564,12,-0.04837653040885925,14,0.0731605663895607,jonathan parker's bartleby should have been the be-all-end-all of the modern-office anomie films .,-0.1752181351184845
19,"by taking entertainment tonight subject matter and giving it humor and poignancy , auto focus becomes both gut-bustingly funny and crushingly depressing .","UNKWORDZ UNKWORDZ entertainment UNKWORDZ UNKWORDZ matter UNKWORDZ UNKWORDZ UNKWORDZ humor UNKWORDZ UNKWORDZ , UNKWORDZ focus becomes both gut - bustingly funny UNKWORDZ crushingly UNKWORDZ .",unkwordz unkwordz entertainment unkwordz unkwordz matter unkwordz unkwordz unkwordz humor unkwordz unkwordz unkwordz focus gut bustingly funny unkwordz crushingly unkwordz,else-,sedc,DistilBertForSequenceClassification,polarity,23.13658690452576,0,0.0,0.9486263978864624,15,0.41037851572036743,25,0.1424844712018966,jonathan parker's bartleby should have been the be-all-end-all of the modern-office anomie films .,-0.1570950299501419
20,like mike isn't interested in recycling old cliches . it wants to tweak them with a taste of tangy new humor .,like UNKWORDZ is UNKWORDZ UNKWORDZ in UNKWORDZ old UNKWORDZ . UNKWORDZ UNKWORDZ UNKWORDZ tweak them UNKWORDZ UNKWORDZ UNKWORDZ of tangy new humor UNKWORDZ,like unkwordz unkwordz unkwordz unkwordz old unkwordz unkwordz unkwordz unkwordz tweak unkwordz unkwordz unkwordz tangy new humor unkwordz,else-,sedc,DistilBertForSequenceClassification,polarity,24.24764084815979,0,0.0,0.9680433851077408,13,0.23809979856014252,23,0.1418113559484481,"everybody loves a david and goliath story , and this one is told almost entirely from david's point of view .",-0.1717480421066284
21,"it is a testament of quiet endurance , of common concern , of reconciled survival .","UNKWORDZ UNKWORDZ UNKWORDZ UNKWORDZ UNKWORDZ UNKWORDZ UNKWORDZ , UNKWORDZ common UNKWORDZ UNKWORDZ of UNKWORDZ survival UNKWORDZ",unkwordz unkwordz unkwordz unkwordz unkwordz unkwordz unkwordz unkwordz common unkwordz unkwordz unkwordz survival unkwordz,bluto blutarsky miss,sedc,DistilBertForSequenceClassification,polarity,16.860531330108643,0,-0.0160052138820886,0.8834020386490519,12,0.1628454327583313,16,-0.0046498356387019,""" birthday girl "" is an actor's movie first and foremost .",-0.217403694987297
22,it's probably not easy to make such a worthless film . . .,UNKWORDZ UNKWORDZ UNKWORDZ UNKWORDZ easy UNKWORDZ UNKWORDZ UNKWORDZ UNKWORDZ worthless UNKWORDZ UNKWORDZ UNKWORDZ UNKWORDZ,unkwordz unkwordz unkwordz unkwordz easy unkwordz unkwordz unkwordz unkwordz worthless unkwordz unkwordz unkwordz unkwordz,else-,sedc,DistilBertForSequenceClassification,polarity,15.764806985855104,0,0.0,0.6956573551819026,12,0.09738165140151978,14,0.1308618336915969,jonathan parker's bartleby should have been the be-all-end-all of the modern-office anomie films .,-0.1847549378871917
23,""" antwone fisher "" is an earnest , by-the-numbers effort by washington . it won't rock any boats but is solid meat-and-potatoes filmmaking .","UNKWORDZ antwone fisher "" UNKWORDZ UNKWORDZ earnest UNKWORDZ UNKWORDZ - UNKWORDZ - numbers effort by UNKWORDZ . it UNKWORDZ n't rock any boats but UNKWORDZ UNKWORDZ UNKWORDZ - and - potatoes UNKWORDZ .",unkwordz antwone fisher unkwordz unkwordz earnest unkwordz unkwordz unkwordz number effort unkwordz unkwordz rock boat unkwordz unkwordz unkwordz potato unkwordz,bluto blutarsky miss,sedc,DistilBertForSequenceClassification,polarity,26.451106309890747,0,0.0960555305987183,0.9681715674101192,20,0.3055739402770996,33,-0.0070264022797346,"hey arnold ! the movie could have been made 40 years ago , and parents' appreciation of it may depend on whether they consider that a good thing .",-0.2259548157453537
24,a non-mystery mystery .,UNKWORDZ UNKWORDZ UNKWORDZ UNKWORDZ UNKWORDZ UNKWORDZ,unkwordz unkwordz unkwordz unkwordz unkwordz unkwordz,movie soft percolate magic deadpan suspense,sedc,DistilBertForSequenceClassification,polarity,9.459019660949709,0,0.0,0.0,6,0.11819852888584137,6,0.0759913474321365,"remember the kind of movie we were hoping "" ecks vs . sever "" or "" xxx "" was going to be ? this is it .",-0.2149748653173446
25,"i can imagine this movie as a b&w british comedy , circa 1960 , with peter sellers , kenneth williams , et al . , but at this time , with this cast , this movie is hopeless .","i can UNKWORDZ UNKWORDZ UNKWORDZ as a b&w UNKWORDZ comedy , UNKWORDZ 1960 , with peter sellers UNKWORDZ UNKWORDZ williams UNKWORDZ et al . , UNKWORDZ at this time UNKWORDZ UNKWORDZ this cast , UNKWORDZ movie is hopeless .",unkwordz unkwordz unkwordz b&w unkwordz comedy unkwordz 1960 peter seller unkwordz unkwordz williams unkwordz et al unkwordz time unkwordz unkwordz cast unkwordz movie hopeless,execrable,sedc,DistilBertForSequenceClassification,polarity,29.335201025009155,0,-0.0458827720212817,0.9920179168347204,12,0.45336437225341797,39,0.173573613166809,your appreciation of it will depend on what experiences you bring to it and what associations you choose to make .,-0.1259475350379943
26,"a touching , sophisticated film that almost seems like a documentary in the way it captures an italian immigrant family on the brink of major changes .","a touching , sophisticated UNKWORDZ that UNKWORDZ UNKWORDZ UNKWORDZ a UNKWORDZ in the UNKWORDZ it captures UNKWORDZ italian immigrant family UNKWORDZ the UNKWORDZ of UNKWORDZ UNKWORDZ UNKWORDZ",touching sophisticated unkwordz unkwordz unkwordz unkwordz unkwordz unkwordz capture unkwordz italian immigrant family unkwordz unkwordz unkwordz unkwordz unkwordz,bluto blutarsky miss,sedc,DistilBertForSequenceClassification,polarity,21.61437225341797,0,0.0524929299435524,0.9674046199548068,12,0.3099048137664795,27,-0.0458959005773067,if you're a fan of the series you'll love it and probably want to see it twice . i will be .,-0.1827035844326019
27,". . . very funny , very enjoyable . . .",UNKWORDZ UNKWORDZ UNKWORDZ UNKWORDZ UNKWORDZ UNKWORDZ UNKWORDZ UNKWORDZ UNKWORDZ UNKWORDZ UNKWORDZ,unkwordz unkwordz unkwordz unkwordz unkwordz unkwordz unkwordz unkwordz unkwordz unkwordz unkwordz,movie soft percolate magic deadpan suspense,sedc,DistilBertForSequenceClassification,polarity,14.651867628097534,0,0.0,0.0,11,-0.04717797413468361,11,0.0487146638333797,"hey arnold ! the movie could have been made 40 years ago , and parents' appreciation of it may depend on whether they consider that a good thing .",-0.208459734916687
28,"it celebrates the group's playful spark of nonconformity , glancing vividly back at what hibiscus grandly called his 'angels of light . '",UNKWORDZ celebrates UNKWORDZ group UNKWORDZ playful spark UNKWORDZ UNKWORDZ UNKWORDZ UNKWORDZ vividly back at what UNKWORDZ grandly UNKWORDZ his ' UNKWORDZ of light UNKWORDZ UNKWORDZ,unkwordz celebrate unkwordz group unkwordz playful spark unkwordz unkwordz unkwordz unkwordz vividly unkwordz grandly unkwordz unkwordz light unkwordz unkwordz,bluto blutarsky miss,sedc,DistilBertForSequenceClassification,polarity,24.708175659179688,0,0.0800267310982844,0.9588616501440193,14,0.3040044903755188,25,0.0424427725374698,if you're a fan of the series you'll love it and probably want to see it twice . i will be .,-0.1384224146604538
29,i can't recommend it . but it's surprisingly harmless .,UNKWORDZ UNKWORDZ UNKWORDZ UNKWORDZ UNKWORDZ UNKWORDZ UNKWORDZ UNKWORDZ UNKWORDZ UNKWORDZ UNKWORDZ UNKWORDZ,unkwordz unkwordz unkwordz unkwordz unkwordz unkwordz unkwordz unkwordz unkwordz unkwordz unkwordz unkwordz,point view contemporary interpretation joan prefeminist plight leave think reason movie present standard allow plenty nudity,sedc,DistilBertForSequenceClassification,polarity,16.30840516090393,0,0.0,0.0,12,-0.08725214004516602,16,-0.0319539010524749,"everybody loves a david and goliath story , and this one is told almost entirely from david's point of view .",-0.1602864116430282
30,"narratively , trouble every day is a plodding mess .",UNKWORDZ UNKWORDZ UNKWORDZ UNKWORDZ UNKWORDZ UNKWORDZ UNKWORDZ UNKWORDZ UNKWORDZ UNKWORDZ,unkwordz unkwordz unkwordz unkwordz unkwordz unkwordz unkwordz unkwordz unkwordz unkwordz,point view contemporary interpretation joan prefeminist plight leave think reason movie present standard allow plenty nudity,sedc,DistilBertForSequenceClassification,polarity,14.923538208007812,0,0.0,0.0,10,0.13772375881671906,16,-0.0294469092041254,"everybody loves a david and goliath story , and this one is told almost entirely from david's point of view .",-0.1656481176614761
31,[a] rather thinly-conceived movie .,UNKWORDZ UNKWORDZ UNKWORDZ UNKWORDZ UNKWORDZ UNKWORDZ UNKWORDZ UNKWORDZ UNKWORDZ,unkwordz unkwordz unkwordz unkwordz unkwordz unkwordz unkwordz unkwordz unkwordz,point view contemporary interpretation joan prefeminist plight leave think reason movie present standard allow plenty nudity,sedc,DistilBertForSequenceClassification,polarity,13.57052206993103,1,0.0,0.0,9,-0.06283213198184967,16,-0.0261591225862503,"everybody loves a david and goliath story , and this one is told almost entirely from david's point of view .",-0.1645778566598892
32,has a lot of the virtues of eastwood at his best .,UNKWORDZ UNKWORDZ UNKWORDZ UNKWORDZ UNKWORDZ UNKWORDZ UNKWORDZ UNKWORDZ UNKWORDZ UNKWORDZ UNKWORDZ UNKWORDZ,unkwordz unkwordz unkwordz unkwordz unkwordz unkwordz unkwordz unkwordz unkwordz unkwordz unkwordz unkwordz,movie soft percolate magic deadpan suspense,sedc,DistilBertForSequenceClassification,polarity,15.168056011199951,1,0.0,0.0,12,-0.052911967039108276,12,0.0470239929854869,"hey arnold ! the movie could have been made 40 years ago , and parents' appreciation of it may depend on whether they consider that a good thing .",-0.2076243162155151
33,kept aloft largely by a comically adept ensemble .,UNKWORDZ UNKWORDZ UNKWORDZ UNKWORDZ UNKWORDZ UNKWORDZ UNKWORDZ UNKWORDZ UNKWORDZ,unkwordz unkwordz unkwordz unkwordz unkwordz unkwordz unkwordz unkwordz unkwordz,point view contemporary interpretation joan prefeminist plight leave think reason movie present standard allow plenty nudity,sedc,DistilBertForSequenceClassification,polarity,13.927254915237429,1,0.0,0.0,9,0.12377908825874329,16,-0.0261591225862503,"everybody loves a david and goliath story , and this one is told almost entirely from david's point of view .",-0.1645778566598892
34,"the words , 'frankly , my dear , i don't give a damn , ' have never been more appropriate .","the UNKWORDZ , UNKWORDZ frankly , UNKWORDZ dear , UNKWORDZ do n't UNKWORDZ a UNKWORDZ UNKWORDZ UNKWORDZ UNKWORDZ UNKWORDZ been UNKWORDZ UNKWORDZ .",unkwordz unkwordz frankly unkwordz dear unkwordz unkwordz unkwordz unkwordz unkwordz unkwordz unkwordz unkwordz unkwordz,else-,sedc,DistilBertForSequenceClassification,polarity,20.543022871017456,1,0.0,0.957850070790468,15,0.20054005086421967,23,0.1316480487585067,equlibrium could pass for a thirteen-year-old's book report on the totalitarian themes of 1984 and farenheit 451 .,-0.1632063835859298
35,a fascinating but choppy documentary .,UNKWORDZ UNKWORDZ UNKWORDZ UNKWORDZ UNKWORDZ UNKWORDZ,unkwordz unkwordz unkwordz unkwordz unkwordz unkwordz,point view contemporary interpretation joan prefeminist plight leave think reason movie present standard allow plenty nudity,sedc,DistilBertForSequenceClassification,polarity,9.483662366867064,1,0.0,0.0,6,0.016335390508174896,16,-0.0206869598478078,"everybody loves a david and goliath story , and this one is told almost entirely from david's point of view .",-0.1568137258291244
36,"it takes a strange kind of laziness to waste the talents of robert forster , anne meara , eugene levy , and reginald veljohnson all in the same movie .","UNKWORDZ takes UNKWORDZ strange kind UNKWORDZ UNKWORDZ to waste the UNKWORDZ of UNKWORDZ forster , anne UNKWORDZ UNKWORDZ eugene UNKWORDZ UNKWORDZ and reginald veljohnson all in the UNKWORDZ UNKWORDZ .",unkwordz take unkwordz strange kind unkwordz unkwordz waste unkwordz unkwordz forster anne unkwordz unkwordz eugene unkwordz unkwordz reginald veljohnson unkwordz unkwordz,else-,sedc,DistilBertForSequenceClassification,polarity,26.52238297462464,1,0.0,0.9714086372589908,12,0.3130858540534973,30,0.1057870835065841,this is the kind of movie that gets a quick release before real contenders arrive in september .,-0.1596352010965347
37,"passable entertainment , but it's the kind of motion picture that won't make much of a splash when it's released , and will not be remembered long afterwards .","passable UNKWORDZ , UNKWORDZ UNKWORDZ UNKWORDZ the kind of UNKWORDZ picture UNKWORDZ UNKWORDZ n't make much of a splash UNKWORDZ UNKWORDZ 's released UNKWORDZ UNKWORDZ will not be UNKWORDZ long afterwards .",passable unkwordz unkwordz unkwordz unkwordz kind unkwordz picture unkwordz unkwordz splash unkwordz unkwordz release unkwordz unkwordz unkwordz long,else-,sedc,DistilBertForSequenceClassification,polarity,26.91229748725891,1,0.0,0.9885943160960732,14,0.2815808653831482,32,0.046162873506546,probably the best case for christianity since chesterton and lewis .,-0.1638412475585937
38,clayburgh and tambor are charming performers ; neither of them deserves eric schaeffer .,clayburgh UNKWORDZ UNKWORDZ UNKWORDZ UNKWORDZ UNKWORDZ UNKWORDZ UNKWORDZ UNKWORDZ UNKWORDZ UNKWORDZ UNKWORDZ schaeffer UNKWORDZ,clayburgh unkwordz unkwordz unkwordz unkwordz unkwordz unkwordz unkwordz unkwordz unkwordz unkwordz unkwordz schaeffer unkwordz,deserve see pass interest event shape world horizon,sedc,DistilBertForSequenceClassification,polarity,16.87699556350708,1,-0.2319409936630518,0.0524817096747696,12,0.23993253707885742,14,-0.065089538693428,"hey arnold ! the movie could have been made 40 years ago , and parents' appreciation of it may depend on whether they consider that a good thing .",-0.2212724089622497
39,the way coppola professes his love for movies -- both colorful pop junk and the classics that unequivocally qualify as art -- is giddily entertaining .,UNKWORDZ way UNKWORDZ professes UNKWORDZ UNKWORDZ UNKWORDZ movies UNKWORDZ both colorful UNKWORDZ junk UNKWORDZ UNKWORDZ UNKWORDZ UNKWORDZ unequivocally qualify as art UNKWORDZ is giddily entertaining .,unkwordz way unkwordz profess unkwordz unkwordz unkwordz movie unkwordz colorful unkwordz junk unkwordz unkwordz unkwordz unkwordz unequivocally qualify art unkwordz giddily entertaining,bluto blutarsky miss,sedc,DistilBertForSequenceClassification,polarity,27.62826132774353,1,0.1191389457907454,0.9438249635230728,12,0.25895488262176514,26,0.0480572581291198,if you're a fan of the series you'll love it and probably want to see it twice . i will be .,-0.1059980392456054
40,"morton uses her face and her body language to bring us morvern's soul , even though the character is almost completely deadpan .",morton uses UNKWORDZ face UNKWORDZ her UNKWORDZ language UNKWORDZ UNKWORDZ us morvern UNKWORDZ UNKWORDZ UNKWORDZ UNKWORDZ UNKWORDZ UNKWORDZ UNKWORDZ is almost completely deadpan .,morton use unkwordz face unkwordz unkwordz language unkwordz unkwordz morvern unkwordz unkwordz unkwordz unkwordz unkwordz unkwordz unkwordz completely deadpan,bluto blutarsky miss,sedc,DistilBertForSequenceClassification,polarity,21.67284917831421,1,0.1063168613837304,0.9519946340492356,13,0.47853726148605347,24,-0.1016797870397567,"a blessed gift to film geeks and historians . if the '70's were your idea of a good time at the movies , this will make you very happy .",-0.2498961836099624
41,"the actors are so terrific at conveying their young angst , we do indeed feel for them .",UNKWORDZ UNKWORDZ UNKWORDZ UNKWORDZ terrific UNKWORDZ UNKWORDZ their UNKWORDZ UNKWORDZ UNKWORDZ we UNKWORDZ UNKWORDZ feel for UNKWORDZ .,unkwordz unkwordz unkwordz unkwordz terrific unkwordz unkwordz unkwordz unkwordz unkwordz unkwordz unkwordz feel unkwordz,bluto blutarsky miss,sedc,DistilBertForSequenceClassification,polarity,18.87882924079895,1,0.1150288135940841,0.9382894675315656,12,0.008660287596285343,18,-0.0022920069750398,""" birthday girl "" is an actor's movie first and foremost .",-0.179783210158348
42,"once [kim] begins to overplay the shock tactics and bait-and-tackle metaphors , you may decide it's too high a price to pay for a shimmering picture postcard .","once [ UNKWORDZ UNKWORDZ begins UNKWORDZ overplay the shock tactics UNKWORDZ UNKWORDZ UNKWORDZ UNKWORDZ - tackle metaphors , UNKWORDZ UNKWORDZ decide it 's too high UNKWORDZ price to pay for a shimmering UNKWORDZ UNKWORDZ .",unkwordz unkwordz begin unkwordz overplay shock tactic unkwordz unkwordz unkwordz unkwordz tackle metaphor unkwordz unkwordz decide high unkwordz price pay shimmering unkwordz unkwordz,execrable,sedc,DistilBertForSequenceClassification,polarity,27.94226050376892,1,-0.0338857935610484,0.9806822801053384,17,0.36501529812812805,35,0.1334633529186248,"minority report is exactly what the title indicates , a report .",-0.1618474125862121
43,if you enjoy more thoughtful comedies with interesting conflicted characters ; this one is for you .,UNKWORDZ you enjoy UNKWORDZ UNKWORDZ comedies UNKWORDZ UNKWORDZ UNKWORDZ UNKWORDZ ; UNKWORDZ UNKWORDZ UNKWORDZ UNKWORDZ UNKWORDZ .,unkwordz enjoy unkwordz unkwordz comedy unkwordz unkwordz unkwordz unkwordz unkwordz unkwordz unkwordz unkwordz unkwordz,pompous garbled,sedc,DistilBertForSequenceClassification,polarity,17.21109890937805,1,0.1186497073941385,0.8584734608000135,12,0.25659579038619995,17,0.1401066035032272,"it's worth seeing just on the basis of the wisdom , and at times , the startling optimism , of the children .",-0.0930133461952209
44,"weirdly , broomfield has compelling new material but he doesn't unveil it until the end , after endless scenes of him wheedling reluctant witnesses and pointing his camera through the smeared windshield of his rental car .","UNKWORDZ , broomfield UNKWORDZ compelling new UNKWORDZ but he does UNKWORDZ UNKWORDZ it until UNKWORDZ end , UNKWORDZ endless scenes UNKWORDZ UNKWORDZ UNKWORDZ reluctant witnesses and pointing his UNKWORDZ UNKWORDZ the smeared windshield of his rental car .",unkwordz broomfield unkwordz compelling new unkwordz unkwordz unkwordz unkwordz end unkwordz endless scene unkwordz unkwordz unkwordz reluctant witness point unkwordz unkwordz smear windshield rental car,else-,sedc,DistilBertForSequenceClassification,polarity,31.66734552383423,1,0.0,0.9880602811974172,13,0.582775890827179,38,0.1978857368230819,equlibrium could pass for a thirteen-year-old's book report on the totalitarian themes of 1984 and farenheit 451 .,-0.1494618505239486
45,beware the quirky brit-com . they can and will turn on a dime from oddly humorous to tediously sentimental .,beware UNKWORDZ UNKWORDZ brit UNKWORDZ UNKWORDZ . UNKWORDZ UNKWORDZ UNKWORDZ will UNKWORDZ on UNKWORDZ UNKWORDZ UNKWORDZ oddly humorous to tediously UNKWORDZ .,beware unkwordz unkwordz brit unkwordz unkwordz unkwordz unkwordz unkwordz unkwordz unkwordz unkwordz unkwordz oddly humorous tediously unkwordz,else-,sedc,DistilBertForSequenceClassification,polarity,20.879956483840942,1,0.0,0.9309145213156776,13,0.34997111558914185,22,0.1011889427900314,equlibrium could pass for a thirteen-year-old's book report on the totalitarian themes of 1984 and farenheit 451 .,-0.1641404032707214
46,"at some point , all this visual trickery stops being clever and devolves into flashy , vaguely silly overkill .",UNKWORDZ UNKWORDZ point UNKWORDZ all this visual UNKWORDZ UNKWORDZ UNKWORDZ UNKWORDZ and UNKWORDZ into UNKWORDZ UNKWORDZ UNKWORDZ silly overkill UNKWORDZ,unkwordz unkwordz point unkwordz visual unkwordz unkwordz unkwordz unkwordz unkwordz unkwordz unkwordz unkwordz silly overkill unkwordz,else-,sedc,DistilBertForSequenceClassification,polarity,20.80559515953064,1,0.0,0.9367772798702744,12,0.35888174176216125,20,0.0997045114636421,equlibrium could pass for a thirteen-year-old's book report on the totalitarian themes of 1984 and farenheit 451 .,-0.1557318419218063
47,it deserves to be seen by anyone with even a passing interest in the events shaping the world beyond their own horizons .,UNKWORDZ UNKWORDZ UNKWORDZ be UNKWORDZ UNKWORDZ anyone with even a passing UNKWORDZ in UNKWORDZ UNKWORDZ shaping the UNKWORDZ beyond UNKWORDZ own UNKWORDZ UNKWORDZ,unkwordz unkwordz unkwordz unkwordz unkwordz pass unkwordz unkwordz unkwordz shape unkwordz unkwordz unkwordz unkwordz,bluto blutarsky miss,sedc,DistilBertForSequenceClassification,polarity,19.94811129570008,1,0.0555780958294551,0.9735466021182722,12,0.0013213381171226501,23,-0.0470695309340953,"remember the kind of movie we were hoping "" ecks vs . sever "" or "" xxx "" was going to be ? this is it .",-0.2272670716047287
48,it's young guns meets goodfellas in this easily skippable hayseeds-vs . -greaseballs mob action-comedy .,UNKWORDZ 's UNKWORDZ UNKWORDZ meets goodfellas in UNKWORDZ easily UNKWORDZ UNKWORDZ UNKWORDZ UNKWORDZ UNKWORDZ UNKWORDZ mob action - UNKWORDZ UNKWORDZ,unkwordz unkwordz unkwordz meet goodfella unkwordz easily unkwordz unkwordz unkwordz unkwordz unkwordz unkwordz mob action unkwordz unkwordz,execrable,sedc,DistilBertForSequenceClassification,polarity,22.76262402534485,1,-0.0397926405606741,0.8907501200614738,15,0.3346874713897705,20,0.106435127556324,jonathan parker's bartleby should have been the be-all-end-all of the modern-office anomie films .,-0.1681916564702987
49,"cinematic pyrotechnics aside , the only thing avary seems to care about are mean giggles and pulchritude . it makes sense that he went back to school to check out the girls -- his film is a frat boy's idea of a good time .","UNKWORDZ pyrotechnics UNKWORDZ , the only thing avary seems UNKWORDZ care UNKWORDZ are mean giggles and UNKWORDZ . it UNKWORDZ UNKWORDZ that he went back to school UNKWORDZ check out the girls -- his film UNKWORDZ UNKWORDZ frat boy 's UNKWORDZ of a good UNKWORDZ .",unkwordz pyrotechnic unkwordz thing avary unkwordz care unkwordz mean giggle unkwordz unkwordz unkwordz go school unkwordz check girl film unkwordz unkwordz frat boy unkwordz good unkwordz,else-,sedc,DistilBertForSequenceClassification,polarity,39.00190424919128,1,0.0,0.9909822525783052,14,0.42339083552360535,46,0.1827236860990524,it's so badly made on every level that i'm actually having a hard time believing people were paid to make it .,-0.1042634695768356
50,the notion that bombing buildings is the funniest thing in the world goes entirely unexamined in this startlingly unfunny comedy .,UNKWORDZ UNKWORDZ that bombing buildings is the UNKWORDZ UNKWORDZ in UNKWORDZ UNKWORDZ goes entirely UNKWORDZ in UNKWORDZ UNKWORDZ UNKWORDZ UNKWORDZ UNKWORDZ,unkwordz unkwordz bombing building unkwordz unkwordz unkwordz unkwordz go entirely unkwordz unkwordz unkwordz unkwordz unkwordz unkwordz,fluffy disposible,sedc,DistilBertForSequenceClassification,polarity,23.02156376838684,1,-0.0024576003110911,0.9048682632845438,12,0.36819326877593994,21,0.1050067171454429,probably the best case for christianity since chesterton and lewis .,-0.1346439272165298
51,"an amusing , breezily apolitical documentary about life on the campaign trail .",UNKWORDZ UNKWORDZ UNKWORDZ UNKWORDZ UNKWORDZ documentary UNKWORDZ UNKWORDZ UNKWORDZ UNKWORDZ UNKWORDZ UNKWORDZ UNKWORDZ,unkwordz unkwordz unkwordz unkwordz unkwordz documentary unkwordz unkwordz unkwordz unkwordz unkwordz unkwordz unkwordz,fluffy disposible,sedc,DistilBertForSequenceClassification,polarity,17.014938831329346,1,-0.0329988896163199,0.5542567837681053,12,0.16523005068302155,13,0.1484547108411789,jonathan parker's bartleby should have been the be-all-end-all of the modern-office anomie films .,-0.1371460556983947
52,"a screenplay more ingeniously constructed than "" memento """,UNKWORDZ UNKWORDZ UNKWORDZ UNKWORDZ UNKWORDZ UNKWORDZ UNKWORDZ UNKWORDZ UNKWORDZ,unkwordz unkwordz unkwordz unkwordz unkwordz unkwordz unkwordz unkwordz unkwordz,point view contemporary interpretation joan prefeminist plight leave think reason movie present standard allow plenty nudity,sedc,DistilBertForSequenceClassification,polarity,14.383441686630247,1,0.0,0.0,9,-0.07665778696537018,16,-0.0261591225862503,"everybody loves a david and goliath story , and this one is told almost entirely from david's point of view .",-0.1645778566598892
53,this 100-minute movie only has about 25 minutes of decent material .,UNKWORDZ UNKWORDZ UNKWORDZ UNKWORDZ UNKWORDZ UNKWORDZ UNKWORDZ UNKWORDZ UNKWORDZ UNKWORDZ UNKWORDZ decent UNKWORDZ .,unkwordz unkwordz unkwordz unkwordz unkwordz unkwordz unkwordz unkwordz unkwordz unkwordz unkwordz decent unkwordz,else-,sedc,DistilBertForSequenceClassification,polarity,16.123473405838013,1,0.0,0.7139031819198621,12,-0.049138110131025314,14,0.1407517939805984,equlibrium could pass for a thirteen-year-old's book report on the totalitarian themes of 1984 and farenheit 451 .,-0.1714678108692169
54,"drops you into a dizzying , volatile , pressure-cooker of a situation that quickly snowballs out of control , while focusing on the what much more than the why .","drops you into UNKWORDZ UNKWORDZ , UNKWORDZ UNKWORDZ UNKWORDZ - cooker of a situation that quickly UNKWORDZ out UNKWORDZ control UNKWORDZ while focusing on the UNKWORDZ UNKWORDZ more than UNKWORDZ UNKWORDZ .",drop unkwordz unkwordz unkwordz unkwordz unkwordz cooker situation quickly unkwordz unkwordz control unkwordz focus unkwordz unkwordz unkwordz unkwordz,execrable,sedc,DistilBertForSequenceClassification,polarity,25.92545175552368,1,-0.0888787151289628,0.9858099644372804,14,0.38034793734550476,32,0.0123479068279266,jonathan parker's bartleby should have been the be-all-end-all of the modern-office anomie films .,-0.2131479382514953
55,occasionally amateurishly made but a winsome cast and nice dialogue keeps it going .,UNKWORDZ amateurishly UNKWORDZ UNKWORDZ UNKWORDZ UNKWORDZ UNKWORDZ and UNKWORDZ UNKWORDZ UNKWORDZ UNKWORDZ UNKWORDZ UNKWORDZ,unkwordz amateurishly unkwordz unkwordz unkwordz unkwordz unkwordz unkwordz unkwordz unkwordz unkwordz unkwordz unkwordz,else-,sedc,DistilBertForSequenceClassification,polarity,17.025171518325806,1,0.0,0.5120506343583736,12,0.18774403631687164,14,0.1071329563856124,"everybody loves a david and goliath story , and this one is told almost entirely from david's point of view .",-0.1656646281480789
56,"intriguing and beautiful film , but those of you who read the book are likely to be disappointed .","UNKWORDZ UNKWORDZ UNKWORDZ film , UNKWORDZ those of UNKWORDZ who read the UNKWORDZ UNKWORDZ UNKWORDZ UNKWORDZ UNKWORDZ UNKWORDZ UNKWORDZ",unkwordz unkwordz unkwordz film unkwordz unkwordz read unkwordz unkwordz unkwordz unkwordz unkwordz unkwordz unkwordz,else-,sedc,DistilBertForSequenceClassification,polarity,18.290674448013306,1,0.0,0.935912667943834,12,0.17878518998622894,19,0.1367299854755401,your appreciation of it will depend on what experiences you bring to it and what associations you choose to make .,-0.086279273033142
57,the wild thornberrys movie is a jolly surprise .,UNKWORDZ UNKWORDZ UNKWORDZ UNKWORDZ UNKWORDZ UNKWORDZ UNKWORDZ UNKWORDZ UNKWORDZ,unkwordz unkwordz unkwordz unkwordz unkwordz unkwordz unkwordz unkwordz unkwordz,movie soft percolate magic deadpan suspense,sedc,DistilBertForSequenceClassification,polarity,12.43414545059204,1,0.0,0.0,9,-0.026948649436235428,9,0.057093434035778,"hey arnold ! the movie could have been made 40 years ago , and parents' appreciation of it may depend on whether they consider that a good thing .",-0.2123251110315323
58,"it's a bizarre curiosity memorable mainly for the way it fritters away its potentially interesting subject matter via a banal script , unimpressive acting and indifferent direction .","it UNKWORDZ a bizarre UNKWORDZ memorable UNKWORDZ for the way UNKWORDZ fritters away UNKWORDZ UNKWORDZ interesting UNKWORDZ matter via UNKWORDZ banal UNKWORDZ , UNKWORDZ acting and indifferent UNKWORDZ UNKWORDZ",unkwordz bizarre unkwordz memorable unkwordz way unkwordz fritter away unkwordz unkwordz interesting unkwordz matter unkwordz banal unkwordz unkwordz acting indifferent unkwordz unkwordz,else-,sedc,DistilBertForSequenceClassification,polarity,25.94672393798828,2,0.0,0.9774098762597858,13,0.3533846139907837,29,0.1202770769596099,probably the best case for christianity since chesterton and lewis .,-0.1372464001178741
59,taylor appears to have blown his entire budget on soundtrack rights and had nothing left over for jokes .,UNKWORDZ UNKWORDZ UNKWORDZ UNKWORDZ UNKWORDZ his entire UNKWORDZ on UNKWORDZ rights and had UNKWORDZ left UNKWORDZ UNKWORDZ UNKWORDZ UNKWORDZ,unkwordz unkwordz unkwordz unkwordz unkwordz entire unkwordz unkwordz right unkwordz leave unkwordz unkwordz unkwordz unkwordz,fluffy disposible,sedc,DistilBertForSequenceClassification,polarity,18.221400260925293,2,-0.0009256121986739,0.919077957788545,12,0.14505234360694885,19,0.0772896036505699,jonathan parker's bartleby should have been the be-all-end-all of the modern-office anomie films .,-0.1568372994661331
60,only about as sexy and dangerous as an actress in a role that reminds at every turn of elizabeth berkley's flopping dolphin-gasm .,UNKWORDZ about as sexy UNKWORDZ dangerous as UNKWORDZ UNKWORDZ in a role UNKWORDZ UNKWORDZ UNKWORDZ UNKWORDZ turn of UNKWORDZ UNKWORDZ 's flopping UNKWORDZ - UNKWORDZ .,unkwordz sexy unkwordz dangerous unkwordz unkwordz role unkwordz unkwordz unkwordz unkwordz turn unkwordz unkwordz flop unkwordz unkwordz,else-,sedc,DistilBertForSequenceClassification,polarity,23.615055799484253,2,0.0,0.9508163801541272,14,0.3099735379219055,26,0.0877327844500541,probably the best case for christianity since chesterton and lewis .,-0.2001930028200149
61,"you see robin williams and psycho killer , and you think , hmmmmm . you see the movie and you think , zzzzzzzzz .","you see UNKWORDZ williams UNKWORDZ UNKWORDZ UNKWORDZ , UNKWORDZ UNKWORDZ UNKWORDZ UNKWORDZ UNKWORDZ . you UNKWORDZ the UNKWORDZ and you think , UNKWORDZ .",unkwordz williams unkwordz unkwordz unkwordz unkwordz unkwordz unkwordz unkwordz unkwordz unkwordz unkwordz think unkwordz,pompous garbled,sedc,DistilBertForSequenceClassification,polarity,23.37298274040222,2,0.1207139574389151,0.9617315514762994,12,0.20296676456928253,24,0.1105894446372985,""" birthday girl "" is an actor's movie first and foremost .",-0.1644861549139022
62,plays like some corny television production from a bygone era,UNKWORDZ UNKWORDZ UNKWORDZ UNKWORDZ UNKWORDZ UNKWORDZ UNKWORDZ UNKWORDZ UNKWORDZ UNKWORDZ,unkwordz unkwordz unkwordz unkwordz unkwordz unkwordz unkwordz unkwordz unkwordz unkwordz,point view contemporary interpretation joan prefeminist plight leave think reason movie present standard allow plenty nudity,sedc,DistilBertForSequenceClassification,polarity,14.87135934829712,2,0.0,0.0,10,-0.019266678020358086,16,-0.0294469092041254,"everybody loves a david and goliath story , and this one is told almost entirely from david's point of view .",-0.1656481176614761
63,"every now and again , a movie comes along to remind us of how very bad a motion picture can truly be . frank mcklusky c . i . is that movie !",every now and again UNKWORDZ UNKWORDZ movie UNKWORDZ along UNKWORDZ remind us of how very UNKWORDZ a motion picture UNKWORDZ truly be UNKWORDZ frank UNKWORDZ UNKWORDZ . i . is UNKWORDZ UNKWORDZ UNKWORDZ,unkwordz unkwordz movie unkwordz unkwordz remind unkwordz motion picture unkwordz truly unkwordz frank unkwordz unkwordz unkwordz unkwordz unkwordz,execrable,sedc,DistilBertForSequenceClassification,polarity,26.344719409942627,2,-0.0303554684297939,0.9918834725145586,12,0.3773255944252014,33,0.0997733473777771,probably the best case for christianity since chesterton and lewis .,-0.1129377111792564
64,once you get into its rhythm . . . the movie becomes a heady experience .,UNKWORDZ you UNKWORDZ UNKWORDZ UNKWORDZ rhythm UNKWORDZ UNKWORDZ UNKWORDZ UNKWORDZ UNKWORDZ UNKWORDZ a UNKWORDZ UNKWORDZ .,unkwordz unkwordz unkwordz unkwordz rhythm unkwordz unkwordz unkwordz unkwordz unkwordz unkwordz unkwordz unkwordz,bluto blutarsky miss,sedc,DistilBertForSequenceClassification,polarity,17.540334463119507,2,0.094835963612963,0.9008951889629556,12,0.06079165264964104,16,0.0041990070603787,"hey arnold ! the movie could have been made 40 years ago , and parents' appreciation of it may depend on whether they consider that a good thing .",-0.1857008039951324
65,"there's no doubting that this is a highly ambitious and personal project for egoyan , but it's also one that , next to his best work , feels clumsy and convoluted .","there 's UNKWORDZ doubting that this UNKWORDZ UNKWORDZ highly ambitious UNKWORDZ personal project UNKWORDZ egoyan UNKWORDZ but UNKWORDZ 's also one UNKWORDZ UNKWORDZ UNKWORDZ UNKWORDZ UNKWORDZ best work , feels clumsy and convoluted .",unkwordz doubt unkwordz unkwordz highly ambitious unkwordz personal project unkwordz egoyan unkwordz unkwordz unkwordz unkwordz unkwordz unkwordz unkwordz good work feel clumsy convoluted,else-,sedc,DistilBertForSequenceClassification,polarity,29.028664350509644,2,0.0,0.98566066800661,15,0.4200272560119629,34,0.1754082143306732,probably the best case for christianity since chesterton and lewis .,-0.2022855132818222
66,this 10th film in the series looks and feels tired .,UNKWORDZ UNKWORDZ UNKWORDZ UNKWORDZ UNKWORDZ UNKWORDZ UNKWORDZ UNKWORDZ UNKWORDZ UNKWORDZ UNKWORDZ,unkwordz unkwordz unkwordz unkwordz unkwordz unkwordz unkwordz unkwordz unkwordz unkwordz unkwordz,point view contemporary interpretation joan prefeminist plight leave think reason movie present standard allow plenty nudity,sedc,DistilBertForSequenceClassification,polarity,14.709060192108154,2,0.0,0.0,11,-0.016862327232956886,16,-0.0329530239105224,"everybody loves a david and goliath story , and this one is told almost entirely from david's point of view .",-0.1617951244115829
67,"the movie is a desperate miscalculation . it gives poor dana carvey nothing to do that is really funny , and then expects us to laugh because he acts so goofy all the time .","the movie UNKWORDZ UNKWORDZ desperate UNKWORDZ UNKWORDZ it gives poor UNKWORDZ carvey nothing UNKWORDZ do that UNKWORDZ really UNKWORDZ , and UNKWORDZ expects us to UNKWORDZ UNKWORDZ he acts UNKWORDZ goofy all the time .",movie unkwordz unkwordz desperate unkwordz unkwordz give poor unkwordz carvey unkwordz unkwordz unkwordz unkwordz expect unkwordz unkwordz act unkwordz goofy time,else-,sedc,DistilBertForSequenceClassification,polarity,27.90310573577881,2,0.0,0.9882213359329304,12,0.4707915484905243,35,0.1098998412489891,your appreciation of it will depend on what experiences you bring to it and what associations you choose to make .,-0.1429915726184845
68,fancy a real downer ? [leigh] lays it on so thick this time that it feels like a suicide race .,UNKWORDZ a UNKWORDZ UNKWORDZ ? UNKWORDZ UNKWORDZ ] UNKWORDZ it on UNKWORDZ UNKWORDZ UNKWORDZ UNKWORDZ UNKWORDZ it feels like UNKWORDZ suicide race .,unkwordz unkwordz unkwordz unkwordz unkwordz unkwordz unkwordz unkwordz unkwordz unkwordz unkwordz feel like unkwordz suicide race,execrable,sedc,DistilBertForSequenceClassification,polarity,20.40609765052796,2,-0.059211111476799,0.9629723665714404,13,0.36234188079833984,23,0.1291850358247757,jonathan parker's bartleby should have been the be-all-end-all of the modern-office anomie films .,-0.135934978723526
69,"[t]here's only so much anyone can do with a florid , overplotted , anne rice rock 'n' roll vampire novel before the built-in silliness of the whole affair defeats them .","[ UNKWORDZ 's only so much UNKWORDZ can do with UNKWORDZ UNKWORDZ UNKWORDZ overplotted , anne UNKWORDZ UNKWORDZ ' n ' roll UNKWORDZ novel before the built - in UNKWORDZ UNKWORDZ the UNKWORDZ affair UNKWORDZ them .",unkwordz unkwordz unkwordz unkwordz unkwordz overplotte anne unkwordz unkwordz n roll unkwordz novel build unkwordz unkwordz unkwordz affair unkwordz,execrable,sedc,DistilBertForSequenceClassification,polarity,31.510384559631348,2,-0.0610929113767574,0.9778881063506254,20,0.30518049001693726,37,0.1873321682214737,probably the best case for christianity since chesterton and lewis .,-0.1002501547336578
70,"bluto blutarsky , we miss you .",UNKWORDZ UNKWORDZ UNKWORDZ UNKWORDZ UNKWORDZ UNKWORDZ UNKWORDZ,unkwordz unkwordz unkwordz unkwordz unkwordz unkwordz unkwordz,movie soft percolate magic deadpan suspense,sedc,DistilBertForSequenceClassification,polarity,12.124133348464966,2,0.0,0.0,7,-0.03456081822514534,7,0.0665939226746559,"hey arnold ! the movie could have been made 40 years ago , and parents' appreciation of it may depend on whether they consider that a good thing .",-0.2151974290609359
71,the film's few ideas are stretched to the point of evaporation ; the whole central section is one big chase that seems to have no goal and no urgency . it's just filler .,the film UNKWORDZ few ideas are stretched to UNKWORDZ point UNKWORDZ UNKWORDZ UNKWORDZ the whole central UNKWORDZ UNKWORDZ one big chase that seems to UNKWORDZ no UNKWORDZ and no UNKWORDZ . UNKWORDZ 's just UNKWORDZ .,film unkwordz idea stretch unkwordz point unkwordz unkwordz unkwordz central unkwordz unkwordz big chase unkwordz unkwordz unkwordz unkwordz unkwordz,execrable,sedc,DistilBertForSequenceClassification,polarity,29.08886671066284,2,-0.0326641411735216,0.9885745750994211,14,0.45328134298324585,36,0.0849825292825698,your appreciation of it will depend on what experiences you bring to it and what associations you choose to make .,-0.1164365410804748
72,"if you're a wwf fan , or you related to the people who watched the robots getting butchered in a . i . , you'll probably like rollerball .","UNKWORDZ you UNKWORDZ a wwf fan , UNKWORDZ you related to UNKWORDZ people UNKWORDZ UNKWORDZ the robots getting UNKWORDZ in UNKWORDZ UNKWORDZ i . UNKWORDZ UNKWORDZ UNKWORDZ probably like rollerball .",unkwordz unkwordz wwf fan unkwordz relate unkwordz people unkwordz unkwordz robot get unkwordz unkwordz unkwordz unkwordz unkwordz unkwordz probably like rollerball,bluto blutarsky miss,sedc,DistilBertForSequenceClassification,polarity,26.09714412689209,2,0.1171573040514537,0.98453752238887,13,0.39568403363227844,31,0.032840896397829,the movie is one of the best examples of artful large format filmmaking you are likely to see anytime soon .,-0.1790648847818374
73,rare is the 'urban comedy' that even attempts the insight and honesty of this disarming indie .,UNKWORDZ UNKWORDZ UNKWORDZ UNKWORDZ urban UNKWORDZ ' UNKWORDZ even attempts UNKWORDZ insight and UNKWORDZ UNKWORDZ this UNKWORDZ UNKWORDZ UNKWORDZ,unkwordz unkwordz unkwordz unkwordz urban unkwordz unkwordz attempt unkwordz insight unkwordz unkwordz unkwordz unkwordz unkwordz,fluffy disposible,sedc,DistilBertForSequenceClassification,polarity,19.2345871925354,2,-0.0141446403364285,0.92391562108892,14,0.2510077953338623,19,0.1025375574827194,"everybody loves a david and goliath story , and this one is told almost entirely from david's point of view .",-0.2072665840387344
74,"full frontal had no effect and elicited no sympathies for any of the characters . by that measure , it is a failure .","full UNKWORDZ UNKWORDZ no effect and elicited UNKWORDZ UNKWORDZ UNKWORDZ any of UNKWORDZ characters . by UNKWORDZ UNKWORDZ , UNKWORDZ UNKWORDZ UNKWORDZ failure UNKWORDZ",unkwordz unkwordz effect elicit unkwordz unkwordz unkwordz unkwordz character unkwordz unkwordz unkwordz unkwordz unkwordz failure unkwordz,execrable,sedc,DistilBertForSequenceClassification,polarity,22.98523449897766,2,-0.0034657626132155,0.963304499064986,12,0.21767520904541016,24,0.0900147929787635,this is the kind of movie that gets a quick release before real contenders arrive in september .,-0.1675267666578292
75,"the drama was so uninspiring that even a story immersed in love , lust , and sin couldn't keep my attention .","UNKWORDZ drama UNKWORDZ UNKWORDZ UNKWORDZ that even UNKWORDZ UNKWORDZ UNKWORDZ in UNKWORDZ UNKWORDZ lust , and sin could UNKWORDZ UNKWORDZ UNKWORDZ attention .",unkwordz drama unkwordz unkwordz unkwordz unkwordz unkwordz unkwordz unkwordz unkwordz lust sin unkwordz unkwordz unkwordz attention,else-,sedc,DistilBertForSequenceClassification,polarity,22.30029344558716,2,0.0,0.9632021572110248,13,0.30554863810539246,23,0.1456848680973053,equlibrium could pass for a thirteen-year-old's book report on the totalitarian themes of 1984 and farenheit 451 .,-0.1267626732587814
76,there's no point in extracting the bare bones of byatt's plot for purposes of bland hollywood romance .,there UNKWORDZ no UNKWORDZ in UNKWORDZ UNKWORDZ UNKWORDZ bones of UNKWORDZ 's plot UNKWORDZ UNKWORDZ UNKWORDZ bland UNKWORDZ UNKWORDZ UNKWORDZ,unkwordz unkwordz unkwordz unkwordz unkwordz bone unkwordz plot unkwordz unkwordz unkwordz bland unkwordz unkwordz unkwordz,else-,sedc,DistilBertForSequenceClassification,polarity,20.40996527671814,2,0.0,0.934813568774378,14,0.16711121797561646,20,0.1363608390092849,"i enjoyed time of favor while i was watching it , but i was surprised at how quickly it faded from my memory .",-0.1614170521497726
77,"the script is a tired one , with few moments of joy rising above the stale material .",UNKWORDZ UNKWORDZ is UNKWORDZ UNKWORDZ one UNKWORDZ UNKWORDZ UNKWORDZ UNKWORDZ UNKWORDZ UNKWORDZ rising UNKWORDZ the stale UNKWORDZ .,unkwordz unkwordz unkwordz unkwordz unkwordz unkwordz unkwordz unkwordz unkwordz unkwordz rise unkwordz stale unkwordz,else-,sedc,DistilBertForSequenceClassification,polarity,17.812106132507324,2,0.0,0.931032361130711,12,0.09626893699169159,18,0.1048147305846214,jonathan parker's bartleby should have been the be-all-end-all of the modern-office anomie films .,-0.19035305082798
78,"the sundance film festival has become so buzz-obsessed that fans and producers descend upon utah each january to ferret out the next great thing . 'tadpole' was one of the films so declared this year , but it's really more of the next pretty good thing .",the sundance UNKWORDZ festival UNKWORDZ become UNKWORDZ buzz UNKWORDZ UNKWORDZ that fans and producers UNKWORDZ upon utah each january to ferret out the next great thing . ' tadpole UNKWORDZ was one of the UNKWORDZ so declared this year UNKWORDZ UNKWORDZ it 's really more of UNKWORDZ next pretty good thing UNKWORDZ,sundance unkwordz festival unkwordz unkwordz buzz unkwordz unkwordz fan producer unkwordz utah january ferret great thing tadpole unkwordz unkwordz declare year unkwordz unkwordz unkwordz pretty good thing unkwordz,else-,sedc,DistilBertForSequenceClassification,polarity,37.06282711029053,2,0.0,0.991810947525626,17,0.49388137459754944,52,0.1511908769607544,"everybody loves a david and goliath story , and this one is told almost entirely from david's point of view .",-0.114188477396965
79,"the movie has lots of dancing and fabulous music . there are slow and repetitive parts , but it has just enough spice to keep it interesting .",the movie has lots of UNKWORDZ UNKWORDZ fabulous UNKWORDZ . UNKWORDZ are UNKWORDZ UNKWORDZ repetitive parts UNKWORDZ UNKWORDZ it has just UNKWORDZ spice UNKWORDZ UNKWORDZ it UNKWORDZ .,movie lot unkwordz unkwordz fabulous unkwordz unkwordz unkwordz unkwordz repetitive part unkwordz unkwordz unkwordz spice unkwordz unkwordz unkwordz,bluto blutarsky miss,sedc,DistilBertForSequenceClassification,polarity,22.15772557258606,2,0.0706241191216664,0.9763745184333662,12,0.3838968276977539,28,0.1402779370546341,"the tone is balanced , reflective and reasonable .",-0.0897502675652504
80,"it's been 13 months and 295 preview screenings since i last walked out on a movie , but resident evil really earned my indignant , preemptive departure .","it 's been UNKWORDZ UNKWORDZ UNKWORDZ 295 preview UNKWORDZ since UNKWORDZ UNKWORDZ walked out UNKWORDZ UNKWORDZ movie UNKWORDZ but UNKWORDZ evil really earned my indignant , UNKWORDZ UNKWORDZ .",unkwordz unkwordz unkwordz 295 preview unkwordz unkwordz unkwordz walk unkwordz unkwordz movie unkwordz unkwordz evil earn indignant unkwordz unkwordz,else-,sedc,DistilBertForSequenceClassification,polarity,25.06810688972473,2,0.0,0.969087397618489,14,0.3074362874031067,29,0.1091867983341217,probably the best case for christianity since chesterton and lewis .,-0.1356024593114853
81,broomfield turns his distinctive 'blundering' style into something that could really help clear up the case .,UNKWORDZ UNKWORDZ UNKWORDZ UNKWORDZ UNKWORDZ blundering ' style UNKWORDZ UNKWORDZ that UNKWORDZ really help clear UNKWORDZ UNKWORDZ UNKWORDZ UNKWORDZ,unkwordz unkwordz unkwordz unkwordz unkwordz blunder style unkwordz unkwordz unkwordz help clear unkwordz unkwordz unkwordz unkwordz,bluto blutarsky miss,sedc,DistilBertForSequenceClassification,polarity,19.653016090393063,2,0.1020914229272036,0.9360714269850784,14,0.23052147030830383,19,0.0626175105571746,"remember the kind of movie we were hoping "" ecks vs . sever "" or "" xxx "" was going to be ? this is it .",-0.2201010584831237
82,will amuse and provoke adventurous adults in specialty venues .,UNKWORDZ UNKWORDZ UNKWORDZ UNKWORDZ UNKWORDZ UNKWORDZ UNKWORDZ UNKWORDZ UNKWORDZ UNKWORDZ,unkwordz unkwordz unkwordz unkwordz unkwordz unkwordz unkwordz unkwordz unkwordz unkwordz,movie soft percolate magic deadpan suspense,sedc,DistilBertForSequenceClassification,polarity,14.51903772354126,2,0.0,0.0,10,0.02039940096437931,10,0.053777776658535,"hey arnold ! the movie could have been made 40 years ago , and parents' appreciation of it may depend on whether they consider that a good thing .",-0.2101506888866424
83,the new film of anton chekhov's the cherry orchard puts the 'ick' in 'classic . ',UNKWORDZ UNKWORDZ film UNKWORDZ UNKWORDZ chekhov UNKWORDZ the cherry UNKWORDZ UNKWORDZ UNKWORDZ ' UNKWORDZ UNKWORDZ in ' UNKWORDZ . UNKWORDZ,unkwordz unkwordz film unkwordz unkwordz chekhov unkwordz cherry unkwordz unkwordz unkwordz unkwordz unkwordz unkwordz unkwordz,bluto blutarsky miss,sedc,DistilBertForSequenceClassification,polarity,20.27252531051636,2,0.0601352455380988,0.9426725715218088,15,0.32753658294677734,20,0.0824724361300468,"it's worth seeing just on the basis of the wisdom , and at times , the startling optimism , of the children .",-0.1806151121854782
84,cloaks a familiar anti-feminist equation ( career - kids = misery ) in tiresome romantic-comedy duds .,cloaks a UNKWORDZ UNKWORDZ - feminist UNKWORDZ ( career UNKWORDZ UNKWORDZ = UNKWORDZ ) UNKWORDZ UNKWORDZ UNKWORDZ - UNKWORDZ UNKWORDZ UNKWORDZ,cloak unkwordz unkwordz feminist unkwordz career unkwordz unkwordz = unkwordz unkwordz unkwordz unkwordz unkwordz unkwordz unkwordz,execrable,sedc,DistilBertForSequenceClassification,polarity,20.573687314987183,2,-0.0865246891162472,0.8380516923346194,15,0.24898643791675568,21,0.1160554811358451,"from the opening scenes , it's clear that all about the benjamins is a totally formulaic movie .",-0.1509562283754348
85,"it's a minor comedy that tries to balance sweetness with coarseness , while it paints a sad picture of the singles scene .",UNKWORDZ 's a minor comedy UNKWORDZ UNKWORDZ to UNKWORDZ UNKWORDZ with UNKWORDZ UNKWORDZ while it UNKWORDZ UNKWORDZ UNKWORDZ UNKWORDZ of UNKWORDZ singles scene .,unkwordz minor comedy unkwordz unkwordz unkwordz unkwordz unkwordz unkwordz unkwordz unkwordz unkwordz unkwordz unkwordz single scene,execrable,sedc,DistilBertForSequenceClassification,polarity,21.866984128952023,2,-0.0186349335225936,0.9539194390601324,13,0.3100360631942749,24,0.0923425555229187,probably the best case for christianity since chesterton and lewis .,-0.1219522282481193
86,"too often , the viewer isn't reacting to humor so much as they are wincing back in repugnance .","too UNKWORDZ , the UNKWORDZ UNKWORDZ UNKWORDZ reacting UNKWORDZ UNKWORDZ UNKWORDZ much as they UNKWORDZ UNKWORDZ back UNKWORDZ UNKWORDZ UNKWORDZ",unkwordz unkwordz unkwordz unkwordz react unkwordz unkwordz unkwordz unkwordz unkwordz unkwordz unkwordz unkwordz,execrable,sedc,DistilBertForSequenceClassification,polarity,21.6985411643982,2,-0.0026753646512387,0.95215925300239,12,0.19038014113903046,20,0.0330898389220237,jonathan parker's bartleby should have been the be-all-end-all of the modern-office anomie films .,-0.1580934077501297
87,"movie fans , get ready to take off . . . the other direction .",UNKWORDZ UNKWORDZ UNKWORDZ get ready UNKWORDZ UNKWORDZ UNKWORDZ UNKWORDZ UNKWORDZ UNKWORDZ UNKWORDZ other UNKWORDZ UNKWORDZ,unkwordz unkwordz unkwordz ready unkwordz unkwordz unkwordz unkwordz unkwordz unkwordz unkwordz unkwordz unkwordz,bluto blutarsky miss,sedc,DistilBertForSequenceClassification,polarity,15.693547487258911,2,0.0661796764567195,0.8457569787105781,12,-0.0321098268032074,15,-0.0050620785914361,it makes you believe the cast and crew thoroughly enjoyed themselves and believed in their small-budget film .,-0.1965765208005905
88,leigh's film is full of memorable performances from top to bottom .,UNKWORDZ UNKWORDZ film UNKWORDZ UNKWORDZ UNKWORDZ UNKWORDZ UNKWORDZ UNKWORDZ UNKWORDZ UNKWORDZ UNKWORDZ UNKWORDZ,unkwordz unkwordz film unkwordz unkwordz unkwordz unkwordz unkwordz unkwordz unkwordz unkwordz unkwordz unkwordz,bluto blutarsky miss,sedc,DistilBertForSequenceClassification,polarity,16.330086946487427,2,0.004680220886589,0.5992668791606801,12,0.01810978539288044,13,0.08518797904253,"it's worth seeing just on the basis of the wisdom , and at times , the startling optimism , of the children .",-0.1467922627925872
89,"although it's a bit smug and repetitive , this documentary engages your brain in a way few current films do .",UNKWORDZ it UNKWORDZ UNKWORDZ UNKWORDZ smug and UNKWORDZ UNKWORDZ UNKWORDZ documentary engages UNKWORDZ brain UNKWORDZ a way UNKWORDZ UNKWORDZ UNKWORDZ do .,unkwordz unkwordz unkwordz unkwordz smug unkwordz unkwordz unkwordz documentary engage unkwordz brain unkwordz way unkwordz unkwordz unkwordz,bluto blutarsky miss,sedc,DistilBertForSequenceClassification,polarity,20.224897384643555,2,0.1146748490058742,0.9515592517037066,13,0.21899043023586273,22,0.0532169379293918,"hey arnold ! the movie could have been made 40 years ago , and parents' appreciation of it may depend on whether they consider that a good thing .",-0.1682460755109787
90,"feature debuter d . j . caruso directs a crack ensemble cast , bringing screenwriter tony gayton's narcotics noir to life .",UNKWORDZ UNKWORDZ d . j UNKWORDZ caruso UNKWORDZ UNKWORDZ UNKWORDZ UNKWORDZ cast UNKWORDZ bringing screenwriter tony UNKWORDZ UNKWORDZ narcotics UNKWORDZ to UNKWORDZ .,unkwordz unkwordz d j unkwordz caruso unkwordz unkwordz unkwordz unkwordz cast unkwordz bring screenwriter tony unkwordz unkwordz narcotic unkwordz unkwordz,bluto blutarsky miss,sedc,DistilBertForSequenceClassification,polarity,28.955123901367188,2,0.1363890906434633,0.9138281439863204,12,0.30709242820739746,23,0.0632908940315246,"it's worth seeing just on the basis of the wisdom , and at times , the startling optimism , of the children .",-0.247161865234375
91,hands down the year's most thought-provoking film . but it pays a price for its intricate intellectual gamesmanship .,UNKWORDZ down UNKWORDZ year UNKWORDZ UNKWORDZ thought - UNKWORDZ UNKWORDZ . UNKWORDZ UNKWORDZ pays UNKWORDZ UNKWORDZ UNKWORDZ its intricate UNKWORDZ gamesmanship .,unkwordz unkwordz year unkwordz unkwordz thought unkwordz unkwordz unkwordz unkwordz pay unkwordz unkwordz unkwordz intricate unkwordz gamesmanship,bluto blutarsky miss,sedc,DistilBertForSequenceClassification,polarity,29.66014862060547,2,0.0784535753405635,0.9320459633547016,15,0.19954383373260498,22,0.0246457625180482,"the actors are so terrific at conveying their young angst , we do indeed feel for them .",-0.1380988657474517
92,a movie in which two not very absorbing characters are engaged in a romance you can't wait to see end .,a movie in UNKWORDZ UNKWORDZ UNKWORDZ very absorbing characters UNKWORDZ UNKWORDZ UNKWORDZ a UNKWORDZ UNKWORDZ UNKWORDZ UNKWORDZ UNKWORDZ to see end UNKWORDZ,movie unkwordz unkwordz unkwordz absorbing character unkwordz unkwordz unkwordz unkwordz unkwordz unkwordz unkwordz unkwordz end unkwordz,execrable,sedc,DistilBertForSequenceClassification,polarity,20.98831915855408,2,-0.0001227519180505,0.9568713401080668,12,0.4061910808086395,22,0.1329834908246994,we've liked klein's other work but rollerball left us cold .,-0.0769281312823295
93,"what really makes it special is that it pulls us into its world , gives us a hero whose suffering and triumphs we can share , surrounds him with interesting characters and sends us out of the theater feeling we've shared a great adventure .","what UNKWORDZ makes it special UNKWORDZ that it pulls UNKWORDZ into its world , gives us a hero whose UNKWORDZ and UNKWORDZ we UNKWORDZ share , surrounds UNKWORDZ with UNKWORDZ characters and sends us out of the UNKWORDZ feeling UNKWORDZ 've shared UNKWORDZ great UNKWORDZ .",unkwordz make special unkwordz pull unkwordz world give hero unkwordz unkwordz unkwordz share surround unkwordz unkwordz character send unkwordz feel unkwordz ve share unkwordz great unkwordz,bluto blutarsky miss,sedc,DistilBertForSequenceClassification,polarity,33.91965866088867,2,0.077005290849293,0.9913615483181688,13,0.33833974599838257,46,0.0149211212992668,"remember the kind of movie we were hoping "" ecks vs . sever "" or "" xxx "" was going to be ? this is it .",-0.1610877215862274
94,travels a fascinating arc from hope and euphoria to reality and disillusionment .,UNKWORDZ UNKWORDZ fascinating UNKWORDZ UNKWORDZ UNKWORDZ UNKWORDZ UNKWORDZ UNKWORDZ UNKWORDZ UNKWORDZ UNKWORDZ UNKWORDZ,unkwordz unkwordz fascinating unkwordz unkwordz unkwordz unkwordz unkwordz unkwordz unkwordz unkwordz unkwordz unkwordz,bluto blutarsky miss,sedc,DistilBertForSequenceClassification,polarity,17.26736545562744,2,0.0544814932695249,0.5651779171680842,12,0.10320402681827545,13,0.0435469932854175,"hey arnold ! the movie could have been made 40 years ago , and parents' appreciation of it may depend on whether they consider that a good thing .",-0.142435610294342
95,about the only thing to give the movie points for is bravado -- to take an entirely stale concept and push it through the audience's meat grinder one more time .,about UNKWORDZ only thing UNKWORDZ UNKWORDZ the UNKWORDZ points for UNKWORDZ bravado -- to take UNKWORDZ UNKWORDZ UNKWORDZ UNKWORDZ and UNKWORDZ it through the UNKWORDZ 's UNKWORDZ grinder one more time .,unkwordz thing unkwordz unkwordz unkwordz point unkwordz bravado unkwordz unkwordz unkwordz unkwordz unkwordz unkwordz unkwordz grinder time,execrable,sedc,DistilBertForSequenceClassification,polarity,27.339025497436523,2,-0.0322065332063478,0.9802029415066572,13,0.26755109429359436,32,0.0336261019110679,jonathan parker's bartleby should have been the be-all-end-all of the modern-office anomie films .,-0.1678764820098877
96,"it's leaden and predictable , and laughs are lacking .",UNKWORDZ UNKWORDZ UNKWORDZ UNKWORDZ UNKWORDZ UNKWORDZ UNKWORDZ UNKWORDZ UNKWORDZ UNKWORDZ UNKWORDZ,unkwordz unkwordz unkwordz unkwordz unkwordz unkwordz unkwordz unkwordz unkwordz unkwordz unkwordz,point view contemporary interpretation joan prefeminist plight leave think reason movie present standard allow plenty nudity,sedc,DistilBertForSequenceClassification,polarity,15.632432222366331,2,0.0,0.0,11,0.06522560119628906,16,-0.0329530239105224,"everybody loves a david and goliath story , and this one is told almost entirely from david's point of view .",-0.1617951244115829
97,"on a cutting room floor somewhere lies . . . footage that might have made no such thing a trenchant , ironic cultural satire instead of a frustrating misfire .","on UNKWORDZ cutting room floor UNKWORDZ lies . . UNKWORDZ UNKWORDZ that might have UNKWORDZ no UNKWORDZ UNKWORDZ UNKWORDZ UNKWORDZ , ironic cultural satire UNKWORDZ of a frustrating UNKWORDZ UNKWORDZ",unkwordz cut room floor unkwordz lie unkwordz unkwordz unkwordz unkwordz unkwordz unkwordz unkwordz ironic cultural satire unkwordz frustrating unkwordz unkwordz,else-,sedc,DistilBertForSequenceClassification,polarity,25.077842473983765,2,0.0,0.9840665312113732,12,0.4727316200733185,30,0.1787890493869781,probably the best case for christianity since chesterton and lewis .,-0.106252484023571
98,this long and relentlessly saccharine film is a clear case of preaching to the converted .,UNKWORDZ long UNKWORDZ UNKWORDZ UNKWORDZ UNKWORDZ UNKWORDZ UNKWORDZ UNKWORDZ case UNKWORDZ UNKWORDZ UNKWORDZ the converted UNKWORDZ,unkwordz long unkwordz unkwordz unkwordz unkwordz unkwordz unkwordz unkwordz case unkwordz unkwordz unkwordz convert unkwordz,execrable,sedc,DistilBertForSequenceClassification,polarity,18.56757760047913,2,-0.0377211284768823,0.8620149674876735,12,0.004541585221886635,16,0.0431898273527622,jonathan parker's bartleby should have been the be-all-end-all of the modern-office anomie films .,-0.176551416516304
99,"a perplexing example of promise unfulfilled , despite many charming moments .",UNKWORDZ UNKWORDZ UNKWORDZ UNKWORDZ UNKWORDZ UNKWORDZ UNKWORDZ UNKWORDZ UNKWORDZ UNKWORDZ UNKWORDZ UNKWORDZ,unkwordz unkwordz unkwordz unkwordz unkwordz unkwordz unkwordz unkwordz unkwordz unkwordz unkwordz unkwordz,point view contemporary interpretation joan prefeminist plight leave think reason movie present standard allow plenty nudity,sedc,DistilBertForSequenceClassification,polarity,17.379318714141846,2,0.0,0.0,12,0.2598322629928589,16,-0.0319539010524749,"everybody loves a david and goliath story , and this one is told almost entirely from david's point of view .",-0.1602864116430282
