index,original text,true class,decoded text,black box prediction,decision tree prediction,fidelity,exemplars,counter exemplars,top exemplar words,top counter exemplar words
0,six ways to give the gift of generosity to children and teenagers the new york times,1,six ways to give the gift of generosity to children and teenagers the new york times,1,1,0.975609756097561,"['republicans us shoot themselves in ', 'son of former democratic vp nominee ', 'oops denver post prints photo of wrong ', 'republicans may shoot themselves in ', 'south korea ’ s blacklist of aists ']","['wikipedia founder ‘ moved on ’ for ', 'dozens dead after torrential rains ', 'paul ryan s exit is a reminder that ', 'senate passes bill to be sense of americans ', 'former student accuses charged in killings ']","{'republicans': 0.09090909090909091, 'shoot': 0.09090909090909091, 'us': 0.045454545454545456, 'son': 0.045454545454545456, 'former': 0.045454545454545456}","{'wikipedia': 0.043478260869565216, 'founder': 0.043478260869565216, '‘': 0.043478260869565216, 'moved': 0.043478260869565216, '’': 0.043478260869565216}"
1,bill gates says trump didn t know the difference between hpv and hiv,0,bill gates says trump didn t know the difference between hpv and hiv,0,0,1.0,"['bill maher shreds donald trump likens ', 'r kelly accusers say they had to ask ', 'bill gates says trump didn t know the ', 'repo 33 who said abused women could ', 'fox news guest personally asks donald ']","['former mexican president vicente fox ', 'iraqi army discovers us made missiles ', 'interior dept dodges watchdog ’ s questions ', 'new york times calls on gop to protect ', 'white house releases photos of mike ']","{'bill': 0.07142857142857142, 'donald': 0.07142857142857142, 'trump': 0.07142857142857142, 'maher': 0.03571428571428571, 'shreds': 0.03571428571428571}","{'former': 0.03571428571428571, 'mexican': 0.03571428571428571, 'president': 0.03571428571428571, 'vicente': 0.03571428571428571, 'fox': 0.03571428571428571}"
2,turkey’s military plunges into syria enabling rebels to capture isis stronghold the new york times,1,turkey’s military plunges into syria enabling rebels to capture isis stronghold the new york times,1,1,0.9702970297029703,"['former fbi accuses trump calls accuses ', 'review in ‘ independence the purple ', '‘ us anti trump protests similar to ', 'watch madonna warns of the new york ', 'turkey’s military plunges into syria enabling rebels to capture isis stronghold the new york times']","['maxine waters ’ donald trump i ’ m ', 'at ampt cellphone users unable to call ', 'e p a workers try to block pruitt in ', 'if you have alzheimer ’ s then and ', '‘ i have a could stop it was not not ']","{'accuses': 0.06060606060606061, 'trump': 0.06060606060606061, '‘': 0.06060606060606061, 'new': 0.06060606060606061, 'york': 0.06060606060606061}","{'’': 0.13636363636363635, 'maxine': 0.045454545454545456, 'waters': 0.045454545454545456, 'donald': 0.045454545454545456, 'trump': 0.045454545454545456}"
3,democrats projected to win pennsylvania district that went heavily for trump,0,democrats projected to win pennsylvania district that went heavily for trump,0,0,0.9696969696969697,"['democrats to win pennsylvania district ', 'russia to expel u s diplomats shut ', 'former fbi deputy director andrew mccabe ', 'democrats projected to win pennsylvania district that went heavily for trump', 'supreme cou rules priests do not have ']","['republicans now marching with trump ', 'opinion hillary is the whore of babylon ', 'michael bloomberg slams epidemic of ', 'donald trump deutsche bank did clintons ', 'former fbi accuses trump andrew lawyer ']","{'democrats': 0.07407407407407407, 'win': 0.07407407407407407, 'pennsylvania': 0.07407407407407407, 'district': 0.07407407407407407, 'russia': 0.037037037037037035}","{'trump': 0.13636363636363635, 'republicans': 0.045454545454545456, 'marching': 0.045454545454545456, 'opinion': 0.045454545454545456, 'hillary': 0.045454545454545456}"
4,russian spring unveils new caoon series mocking us propaganda,1,russian spring unveils new caoon series mocking us propaganda,1,1,0.9878048780487805,"['fbi debunks hillary s conspiracy theory ', 'former us accuses trump of sexual assault ', 'donald trump deutsche bank did not ', 'facebook defends its use of secret ', 'russian spring unveils new caoon series mocking us propaganda']","['at least 5 dead in violent clashes ', 'republicans head into mid terms with ', 'republicans got marching with the only ', 'how to hit sinclair where it hus according ', 'no hours graduation ceremony for teen ']","{'us': 0.07142857142857142, 'trump': 0.07142857142857142, 'fbi': 0.03571428571428571, 'debunks': 0.03571428571428571, 'hillary': 0.03571428571428571}","{'republicans': 0.1, 'least': 0.05, '5': 0.05, 'dead': 0.05, 'violent': 0.05}"
5,methodists surprise gay minister with world s best pastor ceificates after theft of diploma,0,methodists surprise gay minister with world s best pastor ceificates after theft of diploma,0,0,0.9743589743589743,"['alan cumming this is the last gasp ', 'dozens dead after torrential rains ', '17 year old indigo child message to ', 'challenges colleges to stand up for ', 'paul ryan s exit is a reminder that ']","['remy ma explains the impoance of melanin ', 'rick and moy future still up in the ', 'louisiana secretary of state resigns ', 'colbe mocks trump s failing to stand ', 'republicans now marching with trump ']","{'alan': 0.047619047619047616, 'cumming': 0.047619047619047616, 'last': 0.047619047619047616, 'gasp': 0.047619047619047616, 'dozens': 0.047619047619047616}","{'trump': 0.1, 'remy': 0.05, 'explains': 0.05, 'impoance': 0.05, 'melanin': 0.05}"
6,watch james corden get smashed in the face by a ball in slow motion,0,watch james corden get smashed in the face by a ball in slow motion,1,1,0.956989247311828,"['how putin hit but it it up is a of ', 'a list of everything don jr doesn t ', 'repo 33 of french who pray can t arrested ', 'watch madonna warns of the new york ', 'former fbi accuses trump calls president ']","['trump claims bashes cnn buzzfeed over ', 'how to hit sinclair where it hus according ', 'watch blue bid 000 on a time to they ', 'watch blue bid 000 on a time it s no ', 'watch blue bid 000 on a new it s no ']","{'putin': 0.047619047619047616, 'hit': 0.047619047619047616, 'list': 0.047619047619047616, 'everything': 0.047619047619047616, 'jr': 0.047619047619047616}","{'watch': 0.125, 'blue': 0.125, 'bid': 0.125, '000': 0.125, 'time': 0.08333333333333333}"
7,black agenda radio for week of nov 14 2016,1,black agenda radio for week of nov 14 2016,1,1,0.9693877551020408,"['and jack s bonkers has people they ', 'syrian warn us turkey can ’ t be <end> ', 'ryan zinke and the tale of two fish ', 'us insiders – not russia – leaked clinton ', 'how sweetbitter captures the grit and ']","['newest head cracker do you hear brainstorm ', 'fox news said personally asks 000 to ', 'u s hits russia with sanctions for ', 'fox news repoer sarah huckabee sanders ', 'and just like that gaming and mainstream ']","{'us': 0.08695652173913043, '–': 0.08695652173913043, 'jack': 0.043478260869565216, 'bonkers': 0.043478260869565216, 'people': 0.043478260869565216}","{'fox': 0.08333333333333333, 'news': 0.08333333333333333, 'newest': 0.041666666666666664, 'head': 0.041666666666666664, 'cracker': 0.041666666666666664}"
8,everyone got the pulse massacre story completely wrong,0,everyone got the pulse massacre story completely wrong,0,0,0.945054945054945,"['no hours graduation ceremony for teen ', 'and baby make history becoming first ', 'nypd and ny fbi caught in massive cover ', 'michael b jordan to produce film about ', 'gop leaders fine with trump bombing ']","['cnn contributor blames breitba white ', 'woman fired after off trump s sues ', 'republicans fill cou seat they denied ', 'rose mcgowan wishes harvey weinstein ', 'obama to dismantle visitor registry ']","{'hours': 0.041666666666666664, 'graduation': 0.041666666666666664, 'ceremony': 0.041666666666666664, 'teen': 0.041666666666666664, 'baby': 0.041666666666666664}","{'cnn': 0.043478260869565216, 'contributor': 0.043478260869565216, 'blames': 0.043478260869565216, 'breitba': 0.043478260869565216, 'white': 0.043478260869565216}"
9,she staed a suicide prevention site at age 15 it s still going strong,0,she staed a suicide prevention site at age 15 it s still going strong,0,0,0.9777777777777777,"['fox friends host brian kilmeade says ', 'white house preps spending cuts cuts ', 'gop senator called out for pushing ', 'repo 33 who said abused women could ', 'watch blue bid 000 on a new it s no ']","['breaking clinton “ we re have had to ', 'video shows twitter users fight with ', 'breaking clinton “ “ we have had a ', 'breaking obama “ we have had a major ', 'breaking obama now considering maial ']","{'cuts': 0.07407407407407407, 'fox': 0.037037037037037035, 'friends': 0.037037037037037035, 'host': 0.037037037037037035, 'brian': 0.037037037037037035}","{'breaking': 0.2, '“': 0.2, 'clinton': 0.1, 'obama': 0.1, 'video': 0.05}"
10,congressman proposes national surveillance program after trump meeting the new york times,1,congressman proposes national surveillance program after trump meeting the new york times,1,1,0.9642857142857143,"['top post nominee ‘ ’ at for christian ', 'meditation is like a human s way of ', 'weird al yankovic just made history ', 'university of iowa triggered by flyers ', 'thousands of appear at site of standing ']","['gay bunny book outsells pence family ', 'thousands travel home to ireland to ', 'no hours graduation ceremony for teen ', 'gop who doug lamborn thrown off the ', 'france agonizes over whether truck ']","{'top': 0.043478260869565216, 'post': 0.043478260869565216, 'nominee': 0.043478260869565216, '‘': 0.043478260869565216, '’': 0.043478260869565216}","{'gay': 0.045454545454545456, 'bunny': 0.045454545454545456, 'book': 0.045454545454545456, 'outsells': 0.045454545454545456, 'pence': 0.045454545454545456}"
11,gloomy days in the oil patch but some see a glimmer of light the new york times,1,gloomy days in the oil patch but some see a glimmer of light the new york times,1,1,0.9710144927536232,"['at warby parker a sense of exclusion ', 'former us accuses president trump claims ', 'launch protest against pope francis ', 'in speech for fallen officers trump ', 'repo fbi director will be germany into ']","['at least 5 dead in violent clashes ', 'e p a workers try to block pruitt in ', 'former student accuses in black killings ', '‘ great british off ’ california group ', 'paul ryan s exit is a reminder that ']","{'trump': 0.09090909090909091, 'warby': 0.045454545454545456, 'parker': 0.045454545454545456, 'sense': 0.045454545454545456, 'exclusion': 0.045454545454545456}","{'least': 0.038461538461538464, '5': 0.038461538461538464, 'dead': 0.038461538461538464, 'violent': 0.038461538461538464, 'clashes': 0.038461538461538464}"
12,prescription drugs time to “just say no”,1,prescription drugs time to “just say no”,0,0,0.979381443298969,"['gop food stamp bill might be harsh ', 'gop leaders fine with trump bombing ', 'cynthia nixon vows to keep fighting ', 'stephen colbe does some porn star math ', 'gina haspel confirmed as cia director ']","['mass protests planned if trump fires ', 'comedian chuck mccann the voice of ', 'republicans fill cou seat they denied ', 'colbe mocks trump s bonkers on a interview ', 'former clinton foundation ceo begging ']","{'gop': 0.07692307692307693, 'food': 0.038461538461538464, 'stamp': 0.038461538461538464, 'bill': 0.038461538461538464, 'might': 0.038461538461538464}","{'trump': 0.08333333333333333, 'mass': 0.041666666666666664, 'protests': 0.041666666666666664, 'planned': 0.041666666666666664, 'fires': 0.041666666666666664}"
13,pop warner is facing a class action lawsuit over concussions the new york times,1,pop warner is facing a class action lawsuit over concussions the new york times,1,1,1.0,"['youtube ’ s neighbors send stirring ', 'former plans accuses president of sexual ', 'rosenstein personally off on the raid ', 'republicans now marching with trump ', 'top us general pleads with troops not ']","['dominates michigan in ncaa championship ', 'harvey weinstein turns himself in to ', 'harvey weinstein gets oscar boost after ', 'gop leaders fine with trump bombing ', 'challenges colleges to stand up for ']","{'youtube': 0.047619047619047616, '’': 0.047619047619047616, 'neighbors': 0.047619047619047616, 'send': 0.047619047619047616, 'stirring': 0.047619047619047616}","{'harvey': 0.1, 'weinstein': 0.1, 'dominates': 0.05, 'michigan': 0.05, 'ncaa': 0.05}"
14,the real revolution is already here,1,the real revolution is already here,0,1,0.958904109589041,"['donald trump deutsche bank did clintons ', 'trump has options for undoing obama ', 'trump s scottish golf reso pays women ', 'trump admits to making something up ', 'trump halts u s funding of united nations ']","['trump s repo that secret gets win for ', 'the bachelorette bios are here and ', 'here s your first look at broadway ', 'trump says he ll longer deal with u ', 'and jack s bonkers has people they ']","{'trump': 0.2, 'donald': 0.04, 'deutsche': 0.04, 'bank': 0.04, 'clintons': 0.04}","{'trump': 0.1111111111111111, 'repo': 0.05555555555555555, 'secret': 0.05555555555555555, 'gets': 0.05555555555555555, 'win': 0.05555555555555555}"
15,in chicago teachers and black lives matter activists paner to build a bigger movement,1,in chicago teachers and black lives matter activists paner to build a bigger movement,0,0,0.9724770642201835,"['‘ jeopardy ’ fans would be able to ', 'former student is charged in killings ', 'in school nurse ’ s room tylenol bandages ', 'new york city council launches probe ', '‘ jeopardy ’ champion dies before she ']","['‘ we are the of the major of people ', 'how a hit on bernie sanders over the ', 'repo fbi will be any despite when company ', 'watch james corden get smashed in the ', 'repo fbi director comey facial recognition ']","{'’': 0.1111111111111111, '‘': 0.07407407407407407, 'jeopardy': 0.07407407407407407, 'fans': 0.037037037037037035, 'would': 0.037037037037037035}","{'repo': 0.09523809523809523, 'fbi': 0.09523809523809523, '‘': 0.047619047619047616, 'major': 0.047619047619047616, 'people': 0.047619047619047616}"
16,victoria beckham and shaq spoof sharknado in the weirdest reboot yet,0,victoria beckham and shaq spoof sharknado in the weirdest reboot yet,0,0,0.9659090909090909,"['democrats push to be included in classified ', 'ohio voters have a chance to do something ', 'michael moore admits in women ever ', 'supreme cou to take hard look at something ', 'and jack s bonkers has people they ']","['privatize to get rid of passpos and ', 'top 10 scary list ghosts replaced by ', 'republicans now marching with trump ', 'rosenstein to republicans doj ‘ will ', 'syrian warn us turkey can ’ t be in ']","{'something': 0.09090909090909091, 'democrats': 0.045454545454545456, 'push': 0.045454545454545456, 'included': 0.045454545454545456, 'classified': 0.045454545454545456}","{'republicans': 0.09090909090909091, 'privatize': 0.045454545454545456, 'get': 0.045454545454545456, 'rid': 0.045454545454545456, 'passpos': 0.045454545454545456}"
17,re trump tells media secret obama story behind 2016 election,1,re trump tells media secret obama story behind 2016 election,1,1,0.9666666666666667,"['john krasinski s a quiet place is basically ', 'supreme cou rules priests do not have ', 'donald trump deutsche bank did clintons ', 'five reasons why belief in authority ', 'identity of michael cohen s mystery ']","['watch blue bid 000 on a like it s no ', 'michael moore admits no women ever ', 'supreme cou to priests do you have ', 'how to hit sinclair where it hus according ', 'gop who thinks he church ‘ the one ']","{'john': 0.045454545454545456, 'krasinski': 0.045454545454545456, 'quiet': 0.045454545454545456, 'place': 0.045454545454545456, 'basically': 0.045454545454545456}","{'watch': 0.045454545454545456, 'blue': 0.045454545454545456, 'bid': 0.045454545454545456, '000': 0.045454545454545456, 'like': 0.045454545454545456}"
18,renee zellweger is judy garland in first look at upcoming biopic,0,renee zellweger is judy garland in first look at upcoming biopic,0,0,0.9888888888888889,"['neil young fires daryl hannah are ready ', 'fox losing more adveisers after sexual ', 'senate passes equifax a favor to erect ', 'senate passes bill to be give memorial ', 'neil young chimes in on a crosby stills ']","['stephen colbe ’ s donald trump inspired ', 'stephen colbe ’ s trump ban awork is ', 'israeli soccer team beitar jerusalem ', 'oops denver post prints photo of wrong ', 'colbe mocks trump s failing to let ']","{'neil': 0.08, 'young': 0.08, 'senate': 0.08, 'passes': 0.08, 'fires': 0.04}","{'colbe': 0.10714285714285714, 'trump': 0.10714285714285714, 'stephen': 0.07142857142857142, '’': 0.07142857142857142, 'donald': 0.03571428571428571}"
19,buzzer beater gives notre dame win over mississippi state in 2018 national championship,0,buzzer beater gives notre dame win over mississippi state in 2018 national championship,0,0,0.9767441860465116,"['senate passes bill to be some memorial ', 'r kelly says the time s up about mess ', 'senate passes bill to be give memorial ', 'wrongfully convicted man is rehired ', 'colbe mocks trump for failing to stand ']","['designer of waterslide that decapitated ', 'launch protest against pope francis ', '138 were killed last year in record ', 'dhs kelly slams obama ’ s policies ', 'israeli soccer team beitar jerusalem ']","{'senate': 0.08695652173913043, 'passes': 0.08695652173913043, 'bill': 0.08695652173913043, 'memorial': 0.08695652173913043, 'r': 0.043478260869565216}","{'designer': 0.043478260869565216, 'waterslide': 0.043478260869565216, 'decapitated': 0.043478260869565216, 'launch': 0.043478260869565216, 'protest': 0.043478260869565216}"
20,player makes first contact with hidden aliens in ’elite dangerous’ breitba,1,player makes first contact with hidden aliens in ’elite dangerous’ breitba,1,1,0.9868421052631579,"['former trump doctor accuses president ', 'launch protest against pope francis ', 'former fbi accuses trump calls lawyer ', 'former clinton foundation ceo begging ', 'player makes first contact with hidden aliens in ’elite dangerous’ breitba']","['alan cumming this is the last gasp ', 'former clinton foundation ceo after ', 'e p a workers try to block pruitt in ', 'bill kristol backs ’ deep state ’ over ', 'former student accuses in black killings ']","{'former': 0.10344827586206896, 'trump': 0.06896551724137931, 'accuses': 0.06896551724137931, 'doctor': 0.034482758620689655, 'president': 0.034482758620689655}","{'former': 0.07692307692307693, '’': 0.07692307692307693, 'alan': 0.038461538461538464, 'cumming': 0.038461538461538464, 'last': 0.038461538461538464}"
21,hillary clintons election fraud finally exposed california stolen from bernie sanders,1,hillary clintons election fraud finally exposed california stolen from bernie sanders,1,1,0.96,"['new york times journalists who broke ', 'fox news said to settle group of lawsuits ', 'us on liberalism past the rise of moral ', 'u s accuses chinese jet of too close ', 'fbi calls on hillary clinton will not ']","['giuliani says cohen never spoke with ', 'michael b jordan to produce film about ', 'gop who doug lamborn thrown off the ', 'john krasinski s a quiet place is basically ', 'supreme cou rules priests do not have ']","{'new': 0.04, 'york': 0.04, 'times': 0.04, 'journalists': 0.04, 'broke': 0.04}","{'giuliani': 0.045454545454545456, 'says': 0.045454545454545456, 'cohen': 0.045454545454545456, 'never': 0.045454545454545456, 'spoke': 0.045454545454545456}"
22,passengers on deadly southwest flight receive 5 000 checks,0,passengers on deadly southwest flight receive 5 000 checks,0,0,0.9625,"['lawmakers have added 32 8 million to ', 'man dies after getting head stuck in ', 'no or graduation ceremony for teen ', 'man dressed as elsa from frozen pushes ', 'gop food stamp bill might be harsh ']","['rose mcgowan wishes harvey weinstein ', 'us on outrage over white role explains ', 'mass protests lead armenian leader ', 'u s accuses chinese jet of too close ', 'iraqi car bomb jaw dropping crisis ']","{'man': 0.08333333333333333, 'lawmakers': 0.041666666666666664, 'added': 0.041666666666666664, '32': 0.041666666666666664, '8': 0.041666666666666664}","{'rose': 0.038461538461538464, 'mcgowan': 0.038461538461538464, 'wishes': 0.038461538461538464, 'harvey': 0.038461538461538464, 'weinstein': 0.038461538461538464}"
23,russia china japan south korea planning solar wind energy super grid,1,russia china japan south korea planning solar wind energy super grid,1,1,1.0,"['noh korea accuses diplomat of death ', 'republicans us marching with trump ', 'after de blasio held in syria day at ', 'republicans got shoot gerrymandering ', 'russia china japan south korea planning solar wind energy super grid']","['after fo lauderdale shooting rumor ', 'republicans head into ‘ terms ’ a problem ', 'supreme cou rules priests do not have ', 'republicans head into mid terms with ', 'high cou judges looking for a truss ']","{'korea': 0.06896551724137931, 'republicans': 0.06896551724137931, 'noh': 0.034482758620689655, 'accuses': 0.034482758620689655, 'diplomat': 0.034482758620689655}","{'republicans': 0.08695652173913043, 'head': 0.08695652173913043, 'terms': 0.08695652173913043, 'cou': 0.08695652173913043, 'fo': 0.043478260869565216}"
24,the trailer for matt bomer s controversial transgender movie is here,0,the trailer for matt bomer s controversial transgender movie is here,0,0,1.0,"['trump says he ll meet with kim jong ', 'what to watch on hulu that ’ s new ', 'trump says talks under way for release ', 'trump 60 russians closes russian consulate ', 'donald trump meets with black leaders ']","['the fundamentals will push gold silver ', 'trump to violate iran nuclear deal ', 'how to wong foo paved the way for the ', 'trump claims said to white house of ', 'trump claims without evidence that ']","{'trump': 0.16, 'says': 0.08, 'meet': 0.04, 'kim': 0.04, 'jong': 0.04}","{'trump': 0.13636363636363635, 'claims': 0.09090909090909091, 'fundamentals': 0.045454545454545456, 'push': 0.045454545454545456, 'gold': 0.045454545454545456}"
25,michelle wolf s netflix show trailer came out this weekend too,0,michelle wolf s netflix show trailer came out this weekend too,0,0,1.0,"['gop senator senator thinks laws created ', 'gop senator thinks would be pushing ', 'michael moore admits no women ever ', 'white house blames deadly gaza violence ', 'new han solo trailer features a twist ']","['trump s scottish golf reso pays women ', 'fbi debunks hillary clinton email trump ', 'breaking clinton “ what we have to ', 'michael moore bringing trump hate to ', 'new york times calls on gop to protect ']","{'senator': 0.10714285714285714, 'gop': 0.07142857142857142, 'thinks': 0.07142857142857142, 'laws': 0.03571428571428571, 'created': 0.03571428571428571}","{'trump': 0.11538461538461539, 'clinton': 0.07692307692307693, 'scottish': 0.038461538461538464, 'golf': 0.038461538461538464, 'reso': 0.038461538461538464}"
26,trump tells 57 000 honduran immigrants to leave or risk depoation,0,trump tells 57 000 honduran immigrants to leave or risk depoation,0,0,0.975609756097561,"['trump 60 russians closes russian consulate ', 'trump says he ll t hate in americans ', 'trump says he ll t even about white ', 'trump says he ll t even in white house ', 'trump says he ll t hate more than americans ']","['donald trump deutsche bank did not ', 'trump claims without evidence that ', 'trump continues attack on top dem i ', 'former trump doctor accuses president ', 'trump claims said to white house of ']","{'trump': 0.21739130434782608, 'says': 0.17391304347826086, 'hate': 0.08695652173913043, 'americans': 0.08695652173913043, 'even': 0.08695652173913043}","{'trump': 0.21739130434782608, 'claims': 0.08695652173913043, 'donald': 0.043478260869565216, 'deutsche': 0.043478260869565216, 'bank': 0.043478260869565216}"
27,two u s soldiers killed in kentucky helicopter crash army,0,two u s soldiers killed in kentucky helicopter crash army,0,0,0.9759036144578314,"['newest head cracker do you hear brainstorm ', 'and jack s bonkers has people they ', 'these could put you at risk for social ', 'u s transfers first guantánamo detainee ', 'france agonizes over whether truck ']","['weird al yankovic just made history ', 'privatize to get rid of passpos and ', 'another billionaire goes on the air ', 'how sweetbitter captures the grit and ', 'how to wong foo paved the way for the ']","{'newest': 0.047619047619047616, 'head': 0.047619047619047616, 'cracker': 0.047619047619047616, 'hear': 0.047619047619047616, 'brainstorm': 0.047619047619047616}","{'weird': 0.05, 'al': 0.05, 'yankovic': 0.05, 'made': 0.05, 'history': 0.05}"
28,rick and moy future still up in the air says co creator dan harmon,0,rick and moy future still up in the air says co creator dan harmon,0,0,0.9642857142857143,"['rick and moy future still up in the air says co creator dan harmon', 'former student foundation after begging ', 'white house repoedly to send pick for ', 'supreme cou to take hard look at paisan ', 'gop congresswoman blames deep state ']","['colbe mocks trump s failing to stand ', 'spirit cooking only the sta to hillary ', 'remy ma explains the impoance of melanin ', 'colbe mocks trump s bonkers on a interview ']","{'rick': 0.03333333333333333, 'moy': 0.03333333333333333, 'future': 0.03333333333333333, 'still': 0.03333333333333333, 'air': 0.03333333333333333}","{'colbe': 0.1111111111111111, 'mocks': 0.1111111111111111, 'trump': 0.1111111111111111, 'failing': 0.05555555555555555, 'stand': 0.05555555555555555}"
29,rudy giuliani reverses trump team s position says president can obstruct justice,0,rudy giuliani reverses trump team s position says president can obstruct justice,0,0,0.9775280898876404,"['white house calls for deep cuts to ', 'comey ag lynch directed me to call ', 'white house knew about rob poer allegations ', 'gop who thinks he made ‘ the horror ', 'white house repoedly to send pick for ']","['comey memo trump floated idea of jailing ', 'breaking obama “ we have not had a ', 'breaking clinton trump can be be federal ', 'breaking clinton “ we re being about ', 'fbi 33 000 criminal gangs 1 4 million ']","{'white': 0.11538461538461539, 'house': 0.11538461538461539, 'calls': 0.038461538461538464, 'deep': 0.038461538461538464, 'cuts': 0.038461538461538464}","{'breaking': 0.125, 'trump': 0.08333333333333333, '“': 0.08333333333333333, 'clinton': 0.08333333333333333, 'comey': 0.041666666666666664}"
30,leaked email shows monsanto executive v p invited to hillraiser fundraiser to put clinton into the white house for monsanto s benefit,1,leaked email shows monsanto executive v p invited to hillraiser fundraiser to put clinton into the white house for monsanto s benefit,1,1,0.9795918367346939,"['breaking multiple victims shot near ', 'video shows allegedly high after street ', 'oklahoma governor likens striking teachers ', 'exclusive — congressman ken ’ s ‘ the ', 'video oklahoma allegedly gathers to ']","['federal law doesn ’ t require healthcare ', 'leaked email shows monsanto executive ', 'john oliver didn t think i trolling ', 'federal cou doesn t have had enough ', 'federal black cities books to get a ']","{'video': 0.08, 'allegedly': 0.08, 'oklahoma': 0.08, 'breaking': 0.04, 'multiple': 0.04}","{'federal': 0.13636363636363635, 'law': 0.045454545454545456, '’': 0.045454545454545456, 'require': 0.045454545454545456, 'healthcare': 0.045454545454545456}"
31,blake farenthold says he won t repay 84 000 sexual harassment settlement,0,blake farenthold says he won t repay 84 000 sexual harassment settlement,0,0,0.9659090909090909,"['giuliani says cohen never spoke with ', 'giuliani calls comey a baby for defending ', 'fema s latest excuse for why it s ignoring ', 'cops already patrol these students ', 'helen hunt gives update on ‘ mad about ']","['rudy giuliani reverses trump team s ', 'breaking clinton “ we re have to say ', 'breaking clinton “ we re have had to ', 'fox news all but ignores nationwide ', 'fbi search of cia leak suspect turned ']","{'giuliani': 0.08333333333333333, 'says': 0.041666666666666664, 'cohen': 0.041666666666666664, 'never': 0.041666666666666664, 'spoke': 0.041666666666666664}","{'breaking': 0.09090909090909091, 'clinton': 0.09090909090909091, '“': 0.09090909090909091, 'rudy': 0.045454545454545456, 'giuliani': 0.045454545454545456}"
32,shutting down speech by elizabeth warren g o p amplifies her message the new york times,1,shutting down speech by elizabeth warren g o p amplifies her message the new york times,1,1,0.9746835443037974,"['former miss accuses trump of sexual ', 'republicans fill cou seat they denied ', 'former us accuses trump of sexual assault ', 'former fbi accuses trump calls president ', 'former trump doctor accuses president ']","['few migrants from caravan allowed to ', 'paul ryan s exit is a reminder that ', 'e p a workers try to block pruitt in ', 'texas boy known as ‘ ’ and his father ', 'former student is charged in killings ']","{'former': 0.14814814814814814, 'accuses': 0.14814814814814814, 'trump': 0.14814814814814814, 'sexual': 0.07407407407407407, 'president': 0.07407407407407407}","{'migrants': 0.043478260869565216, 'caravan': 0.043478260869565216, 'allowed': 0.043478260869565216, 'paul': 0.043478260869565216, 'ryan': 0.043478260869565216}"
33,clinton campaign was warned that turkey’s erdogan was attempting to buy favor,1,clinton campaign was warned that turkey’s erdogan was attempting to buy favor,1,1,0.9727272727272728,"['if clinton ’ s campaign cautious but ', 'former fbi accuses trump calls president ', 'if hillary clinton can ’ nuclear stop ', 'if clinton ’ re we will be great people ', 'if trump can rig be the new presidential ']","['blacks for trump rejoice trump has ', 'if you have alzheimer ’ s then and ', 'watch blue bid 000 on a time to s no ', 'watch blue bid 000 on a time it s no ', 'if trump says he could not no after ']","{'clinton': 0.13043478260869565, '’': 0.13043478260869565, 'trump': 0.08695652173913043, 'campaign': 0.043478260869565216, 'cautious': 0.043478260869565216}","{'trump': 0.15789473684210525, 'watch': 0.10526315789473684, 'blue': 0.10526315789473684, 'bid': 0.10526315789473684, '000': 0.10526315789473684}"
34,stephen colbe thinks he knows what dating app mike pence would use and it s hilarious,0,stephen colbe thinks he knows what dating app mike pence would use and it s hilarious,0,0,0.9583333333333334,"['colbe mocks giuliani for failing fox ', 'steven mnuchin sure seemed to enjoy ', 'white house preps spending cuts bill ', 'meghan mccain takes a swipe at white ', 'ex nfl player says he was arrested ']","['black teen nearly shot after knocking ', 'tomi lahren claims low skilled immigrants ', 'trevor noah breaks down the major flaw ', 'fox news melts down after hillary clinton ']","{'white': 0.07692307692307693, 'colbe': 0.038461538461538464, 'mocks': 0.038461538461538464, 'giuliani': 0.038461538461538464, 'failing': 0.038461538461538464}","{'black': 0.047619047619047616, 'teen': 0.047619047619047616, 'nearly': 0.047619047619047616, 'shot': 0.047619047619047616, 'knocking': 0.047619047619047616}"
35,why the trump team’s economic promises will be hard to execute the new york times,1,why the trump team’s economic promises will be hard to execute the new york times,1,1,0.9852941176470589,"['repo fbi ’ s facial recognition database ', 'how love simon brought the glorious ', 'how to gut the only major to rule to ', 'how to gut the only major and pollution ', 'a dream that survived on us a one zone ']","['donald trump executive order for every ', 'trump s pick for cia director won t ', 'a dream that survived is in a war zone ', 'watch blue bid 000 on a time s latest ']","{'gut': 0.09523809523809523, 'major': 0.09523809523809523, 'repo': 0.047619047619047616, 'fbi': 0.047619047619047616, '’': 0.047619047619047616}","{'trump': 0.10526315789473684, 'donald': 0.05263157894736842, 'executive': 0.05263157894736842, 'order': 0.05263157894736842, 'every': 0.05263157894736842}"
36,jim carrey s new blood dripping porait takes aim at national disgrace nra,0,jim carrey s new blood dripping porait takes aim at national disgrace nra,0,0,0.9696969696969697,"['r kelly says the lawyer s up that people ', 'senate cou pick who said planned parenthood ', 'r kelly accusers to be up to force ', 'fox news guest personally asks donald ', 'high cou judges looking for a truss ']","['r kelly says the time s up on one off ', 'israeli soccer team beitar jerusalem ', 'r kelly says the streets on say no ', 'r kelly says the time s up on putin ', 'fox news all but ignores nationwide ']","{'r': 0.07692307692307693, 'kelly': 0.07692307692307693, 'cou': 0.07692307692307693, 'says': 0.038461538461538464, 'lawyer': 0.038461538461538464}","{'r': 0.125, 'kelly': 0.125, 'says': 0.125, 'time': 0.08333333333333333, 'one': 0.041666666666666664}"
37,quand l’a s’invite dans les usines de l’oural,1,quand l’a s’invite dans les usines de l’oural,1,1,0.9642857142857143,"['‘ sanctuary cities ’ are working in ', 'video oklahoma community gathers to ', 'tim kaine clinton email announcement ', 'review in ‘ independence the resurgence ', 'how putin pay but it have to get and ']","['sent gold away to keep it from the ', 'at ampt cellphone users unable to call ', '‘ jeopardy focus on street ’ could ', '‘ jeopardy ’ champion dies before she ', 'paleontologist talks about fossil ‘ ']","{'‘': 0.09523809523809523, 'sanctuary': 0.047619047619047616, 'cities': 0.047619047619047616, '’': 0.047619047619047616, 'working': 0.047619047619047616}","{'‘': 0.125, 'jeopardy': 0.08333333333333333, '’': 0.08333333333333333, 'sent': 0.041666666666666664, 'gold': 0.041666666666666664}"
38,trump’s economic vows may be harder to hit after a slow 2016 the new york times,1,trump’s economic vows may be harder to hit after a slow 2016 the new york times,1,1,1.0,"['a prince tribute bloomed and gave the ', 'how putin hit but it up to get a future ', 'watch demon clown pennywise returns ', 'trump s doctor says trump basically ', 'trump praises senate for moving to ']","['watch madonna warns of ’ new age of ', 'repo fbi can be facial recognition ', 'in school nurse ’ s room tylenol bandages ', 'trump s pick for cia director won t ']","{'trump': 0.13636363636363635, 'prince': 0.045454545454545456, 'tribute': 0.045454545454545456, 'bloomed': 0.045454545454545456, 'gave': 0.045454545454545456}","{'’': 0.1, 'watch': 0.05, 'madonna': 0.05, 'warns': 0.05, 'new': 0.05}"
39,media matters brags taking lou dobbs off cnn glenn beck off fox project veritas,1,media matters brags taking lou dobbs off cnn glenn beck off fox project veritas,0,0,0.99,"['time s up demands investigation into ', 'former fbi deputy director andrew mccabe ', 'no hours graduation ceremony for teen ', 'neil young chimes in on a crosby stills ', 'five inside resolution denying israeli ']","['sweden just made a staling confession ', 'no hours of raging deadly prison violence ', 'michael keaton ends kent state commencement ', 'rose mcgowan wishes harvey weinstein ', 'no hours after raging of prison violence ']","{'time': 0.043478260869565216, 'demands': 0.043478260869565216, 'investigation': 0.043478260869565216, 'former': 0.043478260869565216, 'fbi': 0.043478260869565216}","{'hours': 0.08333333333333333, 'raging': 0.08333333333333333, 'prison': 0.08333333333333333, 'violence': 0.08333333333333333, 'sweden': 0.041666666666666664}"
40,coffee shop refuses to serve man after racist rant against woman in niqab,0,coffee shop refuses to serve man after racist rant against woman in niqab,0,0,0.9894736842105263,"['r kelly says the streets s plant him ', '17 year old indigo child message to ', 'fox losing more adveisers after sexual ', 'cynthia nixon vows to keep fighting ', 'coffee shop refuses to serve man after racist rant against woman in niqab']","['samantha bee uses sean hannity s own ', 'samantha bee s parents think america ', 'idris elba to get even sexier by showing ', 'conan o brien in on the royal wedding ', 'capitol police officer henry cabrera ']","{'r': 0.034482758620689655, 'kelly': 0.034482758620689655, 'says': 0.034482758620689655, 'streets': 0.034482758620689655, 'plant': 0.034482758620689655}","{'samantha': 0.08, 'bee': 0.08, 'uses': 0.04, 'sean': 0.04, 'hannity': 0.04}"
41,the truth about what happened to mh17 – a video investigation,1,the truth about what happened to mh17 – a video investigation,1,1,0.9571428571428572,"['trump claims said to be able to australia ', 'trump s attempt to make an example ', 'former clinton foundation ceo begging ', 'trump continues attack on top dem i ', 'if trump can t be able to hear own ']","['trump s pick for cia director won t ', 'watch blue bid 000 on a like it s no ', 'trump returns to white house without ', 'a candidate rises on on control over ', 'supreme cou rules priests do not have ']","{'trump': 0.18181818181818182, 'able': 0.09090909090909091, 'claims': 0.045454545454545456, 'said': 0.045454545454545456, 'australia': 0.045454545454545456}","{'trump': 0.09523809523809523, 'pick': 0.047619047619047616, 'cia': 0.047619047619047616, 'director': 0.047619047619047616, 'watch': 0.047619047619047616}"
42,daniel akaka first native hawaiian in senate dies at 93,0,daniel akaka first native hawaiian in senate dies at 93,0,0,0.975609756097561,"['fbi calls on hillary clinton ’ s campaign ', 'new han solo trailer features a twist ', 'man burns himself trying to sta fire ', 'five inside resolution denying israeli ', 'simpsons creator on apu debate people ']","['david clarke makes a tacky homophobic ', 'twitter users shred donald trump over ', 'donald trump deutsche bank did clintons ', 'former trump doctor accuses president ', 'laura ingraham by yet another despite ']","{'fbi': 0.037037037037037035, 'calls': 0.037037037037037035, 'hillary': 0.037037037037037035, 'clinton': 0.037037037037037035, '’': 0.037037037037037035}","{'trump': 0.12, 'donald': 0.08, 'david': 0.04, 'clarke': 0.04, 'makes': 0.04}"
43,jim carrey stas controversy with painting that looks like sarah huckabee sanders,0,jim carrey stas controversy with painting that looks like sarah huckabee sanders,0,0,1.0,"['ryan reynolds went on a south korean ', 'former oklahoma foundation ceo calls ', 'broad city star her sexuality i kind ', 'laura ingraham ripped on twitter for ', '32 year old minor leaguer called up ']","['colin kaepernick receives amnesty international ', 'us on outrage over white role explains ', 'hey msm illegal alien suppoer makes ', 'iraqi car bomb jaw dropping crisis ']","{'ryan': 0.04, 'reynolds': 0.04, 'went': 0.04, 'south': 0.04, 'korean': 0.04}","{'colin': 0.045454545454545456, 'kaepernick': 0.045454545454545456, 'receives': 0.045454545454545456, 'amnesty': 0.045454545454545456, 'international': 0.045454545454545456}"
44,fire riot at venezuelan police station leaves 68 dead,0,fire riot at venezuelan police station leaves 68 dead,0,0,0.979381443298969,"['these old marijuana movie posters may ', 'man dies after getting head stuck in ', 'gop leaders fine with trump bombing ', 'ohio voters have a chance to do something ', 'snowden reveals how easy it is to hack ']","['cnn contributor blames breitba white ', 'energy update stargates are active ', 'rose mcgowan wishes harvey weinstein ', 'meditation is like a human s way of ', '13 reasons why goes beyond the tapes ']","{'old': 0.045454545454545456, 'marijuana': 0.045454545454545456, 'posters': 0.045454545454545456, 'may': 0.045454545454545456, 'man': 0.045454545454545456}","{'cnn': 0.043478260869565216, 'contributor': 0.043478260869565216, 'blames': 0.043478260869565216, 'breitba': 0.043478260869565216, 'white': 0.043478260869565216}"
45,thousands of buffalo appear at site of standing rock protest watch,1,thousands of buffalo appear at site of standing rock protest watch,1,1,0.9571428571428572,"['u s admits in syria meant to hit isis ', 'former us accuses trump s accuses of ', 'former fbi accuses trump andrew accuses ', 'republicans fill cou seat they denied ', 'repo fbi ’ s facial recognition database ']","['u s hits russia with sanctions for ', 'few migrants from caravan allowed to ', 'senate passes bill to be 100 000 to ', 'republicans got with gerrymandering ', 'launch protest against pope francis ']","{'accuses': 0.14285714285714285, 'former': 0.07142857142857142, 'trump': 0.07142857142857142, 'fbi': 0.07142857142857142, 'u': 0.03571428571428571}","{'u': 0.05263157894736842, 'hits': 0.05263157894736842, 'russia': 0.05263157894736842, 'sanctions': 0.05263157894736842, 'migrants': 0.05263157894736842}"
46,opinion hillary is the whore of babylon and is not human,1,opinion hillary is the whore of babylon and is not human,1,1,0.9746835443037974,"['donald trump deutsche bank did clintons ', 'former student accuses trump in sexual ', 'opinion hillary is the whore of babylon and is not human', 'tim kaine clinton email announcement ', 'repo fbi will be facial recognition ']","['supreme cou to take hard look at paisan ', 'repo fbi can be facial recognition ', 'how to hit sinclair where it hus according ', 'former fbi deputy director andrew mccabe ', 'new york city council launches probe ']","{'trump': 0.08333333333333333, 'donald': 0.041666666666666664, 'deutsche': 0.041666666666666664, 'bank': 0.041666666666666664, 'clintons': 0.041666666666666664}","{'fbi': 0.07692307692307693, 'supreme': 0.038461538461538464, 'cou': 0.038461538461538464, 'take': 0.038461538461538464, 'hard': 0.038461538461538464}"
47,what if joaquin phoenix is friendlier than he gets credit for,0,what if joaquin phoenix is friendlier than he gets credit for,0,0,0.9805825242718447,"['giuliani says trump repaid lawyer for ', 'donald trump is actually freedom with ', 'new federal data shows how black students ', 'donald trump executive order with a ', 'trump says he ll meet with kim jong ']","['fbi debunks hillary s conspiracy theory ', 'giuliani says trump lawyer michael ', 'breaking clinton “ re we have to see ', 'breaking clinton “ we re being about ', 'fbi search of cia leak suspect turned ']","{'trump': 0.16666666666666666, 'says': 0.08333333333333333, 'donald': 0.08333333333333333, 'giuliani': 0.041666666666666664, 'repaid': 0.041666666666666664}","{'fbi': 0.08695652173913043, 'breaking': 0.08695652173913043, 'clinton': 0.08695652173913043, '“': 0.08695652173913043, 'debunks': 0.043478260869565216}"
48,this democrat just became the longest serving woman in the house,0,this democrat just became the longest serving woman in the house,0,0,0.9819819819819819,"['no or graduation ceremony for teen ', 'supreme cou to priests do you have ', 'supreme cou to take hard look at paisan ', 'for openly gay actor singer nakhane ', 'nation ’ s top lawyers have had enough ']","['donald trump deutsche bank did not ', 'donald trump deutsche bank did clintons ', 'trump claims said to be able to hit ', 'trump repoedly tells to settle something ', 'trump to violate iran nuclear deal ']","{'supreme': 0.09090909090909091, 'cou': 0.09090909090909091, 'graduation': 0.045454545454545456, 'ceremony': 0.045454545454545456, 'teen': 0.045454545454545456}","{'trump': 0.20833333333333334, 'donald': 0.08333333333333333, 'deutsche': 0.08333333333333333, 'bank': 0.08333333333333333, 'clintons': 0.041666666666666664}"
49,meet the pro gun democrat taking on congress’ mini trump,0,meet the pro gun democrat taking on congress’ mini trump,0,0,0.9803921568627451,"['what to watch on hulu that ’ s new ', 'can dads parent while mom is marching ', 'what to watch on amazon prime that ', 'u s hits russia with sanctions for ', 'can agree on one thing u s was behind ']","['u s election cycle offers kremlin a ', 'if hillary clinton can ’ nuclear deal ', 'donald trump is not freedom for the ', 'former trump accuses president accuses ', 'u s accuses chinese jet of too close ']","{'watch': 0.1, 'u': 0.1, 'hulu': 0.05, '’': 0.05, 'new': 0.05}","{'accuses': 0.13043478260869565, 'u': 0.08695652173913043, 'trump': 0.08695652173913043, 'election': 0.043478260869565216, 'cycle': 0.043478260869565216}"
50,jenna fischer wore a towel on jimmy kimmel after a wardrobe malfunction,0,jenna fischer wore a towel on jimmy kimmel after a wardrobe malfunction,0,0,0.9649122807017544,"['colbe mocks giuliani for cia tax baby ', 'facebook faces high profile lawsuit ', 'sean penn rips steve bannon you can ', 'laura ingraham s guest mocks her on ', 'fox news guest personally at donald ']","['trevor noah breaks down the major flaw ', 'taraji p henson s cardi b impression ', 'trevor noah unveils hilarious recruitment ', 'cynthia nixon would rather be the good ']","{'mocks': 0.08, 'guest': 0.08, 'colbe': 0.04, 'giuliani': 0.04, 'cia': 0.04}","{'trevor': 0.09523809523809523, 'noah': 0.09523809523809523, 'breaks': 0.047619047619047616, 'major': 0.047619047619047616, 'flaw': 0.047619047619047616}"
51,‘great british bake off’ will leave bbc and two hosts quit the new york times,1,‘great british bake off’ will leave bbc and two hosts quit the new york times,1,1,0.9655172413793104,"['repo 33 of jay z ’ s for million ’ ', 'former clinton foundation ceo after ', 'repo fbi director will take pick 1 ', 'how chicago ’ s leading latino progressive ', 'repo fbi director order asks because ']","['at least 5 dead in violent clashes ', 'at ampt cellphone users unable to call ', 'small town attack ’ african arab ’ ', '‘ jeopardy ’ fans but would able to ', 'at new york city ballet lacing up their ']","{'repo': 0.1111111111111111, '’': 0.1111111111111111, 'fbi': 0.07407407407407407, 'director': 0.07407407407407407, '33': 0.037037037037037035}","{'’': 0.10714285714285714, 'least': 0.03571428571428571, '5': 0.03571428571428571, 'dead': 0.03571428571428571, 'violent': 0.03571428571428571}"
52,colin kaepernick receives amnesty international s highest honor for activism,0,colin kaepernick receives amnesty international s highest honor for activism,0,0,0.9692307692307692,"['repo fbi who said would ve kills as ', 'colin kaepernick receives amnesty international s highest honor for activism', 'man dressed as elsa from frozen pushes ', 'bill maher shreds donald trump likens ', 'former fbi deputy director andrew mccabe ']","['r kelly accused of knowingly and intentionally ', 'iraqi car bomb jaw dropping crisis ', 'us on christian alien in germany speech ', 'repo fbi director andrew andrew mccabe ', 'former clinton foundation ceo begging ']","{'fbi': 0.06666666666666667, 'repo': 0.03333333333333333, 'said': 0.03333333333333333, 'would': 0.03333333333333333, 'kills': 0.03333333333333333}","{'andrew': 0.07407407407407407, 'r': 0.037037037037037035, 'kelly': 0.037037037037037035, 'accused': 0.037037037037037035, 'knowingly': 0.037037037037037035}"
53,spirit cooking only the sta to hillary clinton’s dark satanic magic,1,spirit cooking only the sta to hillary clinton’s dark satanic magic,1,1,0.971830985915493,"['newshour in joy after being able to ', 'watch blue bid 000 on a time for donald ', 'spirit cooking only the sta to hillary ', 'how putin ’ s plan to collect former ', 'places most unsettled by rapid demographic ']","['gop led house panel ends its russia ', 'a candidate rises on vows to control ', 'robbin season s true criminal is revealed ', 'alan cumming this is the last gasp ', 'former student foundation ceo after ']","{'newshour': 0.045454545454545456, 'joy': 0.045454545454545456, 'able': 0.045454545454545456, 'watch': 0.045454545454545456, 'blue': 0.045454545454545456}","{'gop': 0.043478260869565216, 'led': 0.043478260869565216, 'house': 0.043478260869565216, 'panel': 0.043478260869565216, 'ends': 0.043478260869565216}"
54,obama loses it goes off on audience information clearing house ich,1,obama loses it goes off on audience information clearing house ich,1,1,0.9642857142857143,"['white house knew about rob poer allegations ', 'statue in suffragist millicent fawcett ', 'fbi debunks hillary clinton email trump ', 'fbi debunks hillary clinton email will ', 'fbi debunks hillary clinton s ‘ trump ']","['fox news repoer personally asks over ', 'michael moore admits in death ever ', 'new han solo trailer features a twist ', 'gop led house panel ends its russia ', 'fox news said personally asks all to ']","{'fbi': 0.1111111111111111, 'debunks': 0.1111111111111111, 'hillary': 0.1111111111111111, 'clinton': 0.1111111111111111, 'email': 0.07407407407407407}","{'fox': 0.07407407407407407, 'news': 0.07407407407407407, 'personally': 0.07407407407407407, 'asks': 0.07407407407407407, 'repoer': 0.037037037037037035}"
55,police struggle to find possible motives for austin bombings,0,police struggle to find possible motives for austin bombings,0,0,0.958904109589041,"['republicans head into mid terms with ', 'lawmakers have added 32 8 million to ', 'china marks another milestone in quest ', 'ohio voters have a chance to do something ', 'cynthia nixon vows to keep fighting ']","['larry nassar ’ s boss accused of students ', 'us on outrage over white role explains ', 'youtube ’ s neighbors send stirring ', 'no hours of raging deadly prison violence ', 'republicans fill cou seat do denied ']","{'republicans': 0.043478260869565216, 'head': 0.043478260869565216, 'mid': 0.043478260869565216, 'terms': 0.043478260869565216, 'lawmakers': 0.043478260869565216}","{'’': 0.07692307692307693, 'larry': 0.038461538461538464, 'nassar': 0.038461538461538464, 'boss': 0.038461538461538464, 'accused': 0.038461538461538464}"
56,questioning gender amid a chaotic east village childhood the new york times,1,questioning gender amid a chaotic east village childhood the new york times,1,1,0.9583333333333334,"['china tries to censor ai victory against ', 'republicans got questions about the ', 'soros groups behind massive anti trump ', 'larry nassar ’ s boss accused of students ', 'german media promotes migrants replacing ']","['ex repoer charged with making bomb ', 'clergy abuse victims took their stories ', 'republicans head into mid terms with ', 'china tries to censor ai victory over ', 'arab soccer players refuse to sing ']","{'china': 0.04, 'tries': 0.04, 'censor': 0.04, 'ai': 0.04, 'victory': 0.04}","{'ex': 0.041666666666666664, 'repoer': 0.041666666666666664, 'charged': 0.041666666666666664, 'making': 0.041666666666666664, 'bomb': 0.041666666666666664}"
57,new england patriots elizabeth ii your monday evening briefing the new york times,1,new england patriots elizabeth ii your monday evening briefing the new york times,1,1,0.9662921348314607,"['‘ great british off ’ will leave bbc ', 'syrian warn us turkey can ’ t be in ', '‘ us anti trump protests similar to ', 'syrian warn us turkey can ’ t be <end> ', 'u s hits with russia election for election ']","['newest head cracker do you hear brainstorm ', '5 ways netflix tricks you into watching ', 'and think have not ‘ businesses ’ has ', 'u s transfers first guantánamo detainee ', 'ohio voters have a chance to do something ']","{'’': 0.1111111111111111, 'us': 0.1111111111111111, '‘': 0.07407407407407407, 'syrian': 0.07407407407407407, 'warn': 0.07407407407407407}","{'newest': 0.043478260869565216, 'head': 0.043478260869565216, 'cracker': 0.043478260869565216, 'hear': 0.043478260869565216, 'brainstorm': 0.043478260869565216}"
58,chilean clergy abuse victims took their stories of survival to pope francis,0,chilean clergy abuse victims took their stories of survival to pope francis,0,0,0.9620253164556962,"['republicans head into mid terms with ', 'republicans got shoot with at the foot ', 'arab soccer players refuse to sing ', 'at least 5 dead in violent clashes ', 'high cou judges looking for a truss ']","['republicans fill cou seat they denied ', 'republicans may shoot themselves in ', 'former student accuses in in killings ', 'former plans accuses president of sexual ', 'r kelly accused of knowingly and intentionally ']","{'republicans': 0.08695652173913043, 'head': 0.043478260869565216, 'mid': 0.043478260869565216, 'terms': 0.043478260869565216, 'got': 0.043478260869565216}","{'republicans': 0.09090909090909091, 'former': 0.09090909090909091, 'accuses': 0.09090909090909091, 'fill': 0.045454545454545456, 'cou': 0.045454545454545456}"
59,katie ledecky smashes her own world record in 400 freestyle the new york times,1,katie ledecky smashes her own world record in 400 freestyle the new york times,1,1,0.974025974025974,"['republicans head into mid terms with ', 'no charges but harsh criticism for ', 'american nightmare tyranny under the ', '3 more repoed held in bastille day ', '5 tips for reading the polls like a ']","['china tries to censor ai victory over ', 'these could put you at risk for social ', '2 women accuse tom brokaw of sexual ', 'ohio voters have a chance to do something ', 'newest head cracker do you hear brainstorm ']","{'republicans': 0.05, 'head': 0.05, 'mid': 0.05, 'terms': 0.05, 'charges': 0.05}","{'china': 0.041666666666666664, 'tries': 0.041666666666666664, 'censor': 0.041666666666666664, 'ai': 0.041666666666666664, 'victory': 0.041666666666666664}"
60,james corden recruits celebrity repoers to investigate who bit beyoncé,0,james corden recruits celebrity repoers to investigate who bit beyoncé,0,0,1.0,"['bill maher confronts dear friend roseanne ', 'colbe mocks giuliani for cia tax baby ', 'r kelly accusers say they had to ask ', 'nikki haley hits back at white house ', 'man burns himself trying to sta fire ']","['taraji p henson s cardi b impression ', 'trevor noah breaks down the major flaw ', 'betsy devos stirs uproar by saying ', 'fox news melts down after hillary clinton ']","{'bill': 0.03571428571428571, 'maher': 0.03571428571428571, 'confronts': 0.03571428571428571, 'dear': 0.03571428571428571, 'friend': 0.03571428571428571}","{'taraji': 0.047619047619047616, 'p': 0.047619047619047616, 'henson': 0.047619047619047616, 'cardi': 0.047619047619047616, 'b': 0.047619047619047616}"
61,breaking obama now considering maial law because of mass riots conservative daily post,1,breaking obama now considering maial law because of mass riots conservative daily post,1,1,0.9690721649484536,"['breaking obama “ we have not had a ', 'breaking clinton “ what we have not ', 'fox news melts down after hillary clinton ', 'breaking clinton “ we re have to head ', 'breaking clinton “ we re have to federal ']","['new federal data shows how black students ', 'a candidate rises on on control over ', 'former fbi director director andrew ', 'breaking putin just gave obama 24 hours ', 'gop state senator thinks laws created ']","{'breaking': 0.21052631578947367, '“': 0.21052631578947367, 'clinton': 0.21052631578947367, 'obama': 0.05263157894736842, 'fox': 0.05263157894736842}","{'director': 0.07692307692307693, 'new': 0.038461538461538464, 'federal': 0.038461538461538464, 'data': 0.038461538461538464, 'shows': 0.038461538461538464}"
62,slovakia s prime minister fico quits amid crisis over murdered journalist,0,slovakia s prime minister fico quits amid crisis over murdered journalist,0,0,0.99,"['man dies after torrential rains cause ', 'gina haspel confirmed as cia director ', 'man dies after getting head stuck in ', 'cohen denies repo that mueller has ', 'neil young chimes in on a crosby stills ']","['alarmist repo eah to lose 67 of wildlife ', 'no hours of raging deadly prison violence ', 'fbi debunks hillary clinton email is ', 'iraqi car bomb jaw dropping crisis ', 'hey msm illegal alien suppoer makes ']","{'man': 0.08333333333333333, 'dies': 0.08333333333333333, 'torrential': 0.041666666666666664, 'rains': 0.041666666666666664, 'cause': 0.041666666666666664}","{'alarmist': 0.03571428571428571, 'repo': 0.03571428571428571, 'eah': 0.03571428571428571, 'lose': 0.03571428571428571, '67': 0.03571428571428571}"
63,make music great again with these 10 trumped up album covers,1,make music great again with these 10 trumped up album covers,0,0,1.0,"['man dressed as elsa from frozen pushes ', 'former oklahoma foundation ceo calls ', 'facebook plans new stock class to solidify ', 'israeli forces kill at least 16 palestinian ', 'at least 5 dead in violent clashes ']","['us on outrage over white role explains ', 'alarmist repo eah to lose 67 of wildlife ', 'no jail time for walk of fame trump ', 'facebook defends its use of secret ', 'former plans accuses president of sexual ']","{'least': 0.07407407407407407, 'man': 0.037037037037037035, 'dressed': 0.037037037037037035, 'elsa': 0.037037037037037035, 'frozen': 0.037037037037037035}","{'us': 0.04, 'outrage': 0.04, 'white': 0.04, 'role': 0.04, 'explains': 0.04}"
64,hey msm illegal alien suppoer makes death threat against trump in spanish,1,hey msm illegal alien suppoer makes death threat against trump in spanish,0,0,0.9558823529411765,"['senate passes bill to be thousands ', 'former fbi deputy director andrew mccabe ', 'repo 33 of jay z claims claims for ', 'senate passes bill to be 100 000 to ', 'former fbi director director andrew ']","['fox news all but ignores nationwide ', 'designer of waterslide that decapitated ', 'they fled war at home now they ’ re ', 'former clinton foundation ceo begging ', 'iraqi army discovers us made missiles ']","{'director': 0.11538461538461539, 'senate': 0.07692307692307693, 'passes': 0.07692307692307693, 'bill': 0.07692307692307693, 'former': 0.07692307692307693}","{'fox': 0.045454545454545456, 'news': 0.045454545454545456, 'ignores': 0.045454545454545456, 'nationwide': 0.045454545454545456, 'designer': 0.045454545454545456}"
65,u s mexico and canada likely to affirm joint world cup bid the new york times,1,u s mexico and canada likely to affirm joint world cup bid the new york times,1,1,0.9666666666666667,"['a third woman is suing to break trump ', 'watch more car mayhem in ’ fate of ', 'u s hits for russia sanctions for election ', '‘ great british off trump will get ', '‘ things anti trump has similar to ']","['‘ they broke it ’ m not a complete ', '‘ ’ has the second best care on congress ', '‘ great british off ’ california wall ', 'what to watch on amazon prime that ', 'a super bowl awash in politics on social ']","{'trump': 0.12, '‘': 0.08, 'third': 0.04, 'woman': 0.04, 'suing': 0.04}","{'‘': 0.125, '’': 0.125, 'broke': 0.041666666666666664, 'complete': 0.041666666666666664, 'second': 0.041666666666666664}"
66,helen hunt gives promising update on ‘mad about you’ reboot,0,helen hunt gives promising update on ‘mad about you’ reboot,0,0,0.9387755102040817,"['laura ingraham slams adveisers who ', 'fox news sean hannity has our full ', 'former oklahoma foundation ceo calls ', 'new york city council launches probe ', 'white house blames deadly gaza violence ']","['breaking clinton “ we re have to people ', 'repo 33 of jay z claims claims for ', 'fox news said to settle group of lawsuits ', 'tim kaine clinton email announcement ']","{'laura': 0.038461538461538464, 'ingraham': 0.038461538461538464, 'slams': 0.038461538461538464, 'adveisers': 0.038461538461538464, 'fox': 0.038461538461538464}","{'clinton': 0.09523809523809523, 'claims': 0.09523809523809523, 'breaking': 0.047619047619047616, '“': 0.047619047619047616, 'people': 0.047619047619047616}"
67,president obama and president elect donald trump meet at white house,1,president obama and president elect donald trump meet at white house,1,1,0.9571428571428572,"['former fbi accuses trump calls president ', 'former fbi accuses trump andrew accuses ', 'designer of waterslide that decapitated ', 'former plans accuses president of sexual ', 'opinion hillary is the whore of babylon ']","['paul ryan s exit is a reminder that ', 'supreme cou to take hard look at paisan ', 'former fbi director director s is now ', 'michael cohen repoedly paid 600 000 ', 'watch blue bid 000 on a face it s no ']","{'accuses': 0.16666666666666666, 'former': 0.125, 'fbi': 0.08333333333333333, 'trump': 0.08333333333333333, 'president': 0.08333333333333333}","{'director': 0.08, '000': 0.08, 'paul': 0.04, 'ryan': 0.04, 'exit': 0.04}"
68,it was protests peddling and presidents at this year s nra convention,0,it was protests peddling and presidents at this year s nra convention,0,0,0.967741935483871,"['trump says talks under way for release ', 'donald trump is now freedom for your ', 'trump claims doctor that michael cohen ', 'trump says he ll meet with kim jong ', 'gop state senator thinks laws created ']","['new york times journalists who broke ', 'a candidate rises on on control of ', 'trump claims said to be able to australia ', 'former fbi accuses trump andrew accuses ', 'a candidate rises on on control the ']","{'trump': 0.16666666666666666, 'says': 0.08333333333333333, 'talks': 0.041666666666666664, 'way': 0.041666666666666664, 'release': 0.041666666666666664}","{'candidate': 0.09090909090909091, 'rises': 0.09090909090909091, 'control': 0.09090909090909091, 'trump': 0.09090909090909091, 'accuses': 0.09090909090909091}"
69,you’d be surprised at how many foods contain added sugar the new york times,1,you’d be surprised at how many foods contain added sugar the new york times,1,1,0.9795918367346939,"['‘ i broke it ’ m not a complete ’ breitba ', '‘ great british off trump will get ', '‘ i british obama ’ m not replace ’ ', 'u s election in michigan meant to open ', '‘ things you re ’ california fbi for ']","['‘ ’ has the second best care on down ', '‘ i ’ m nobody not a chance at emily ', '‘ things you re ’ california able to ', '‘ i have a great stop to hear meme ', '‘ things ’ fans we know about you ’ ']","{'’': 0.18518518518518517, '‘': 0.14814814814814814, 'british': 0.07407407407407407, 'broke': 0.037037037037037035, 'complete': 0.037037037037037035}","{'‘': 0.19230769230769232, '’': 0.19230769230769232, 'things': 0.07692307692307693, 'second': 0.038461538461538464, 'best': 0.038461538461538464}"
70,try to keep calm but k pop band bts is getting a documentary series,0,try to keep calm but k pop band bts is getting a documentary series,0,0,0.9767441860465116,"['watch blue bid 000 on a new it s a ', 'alternative cancer with positive results ', 'watch blue bid 000 on a time to donald ', 'repo fbi can be facial recognition ', 'cou rules that a medical marijuana ']","['watch james corden get smashed in the ', 'repo fbi ’ s facial recognition database ', 'breaking clinton “ what we have had ', 'repo fbi will be facial recognition ', 'breaking clinton “ “ we have had being ']","{'watch': 0.08695652173913043, 'blue': 0.08695652173913043, 'bid': 0.08695652173913043, '000': 0.08695652173913043, 'new': 0.043478260869565216}","{'“': 0.13636363636363635, 'repo': 0.09090909090909091, 'fbi': 0.09090909090909091, 'facial': 0.09090909090909091, 'recognition': 0.09090909090909091}"
71,obama to hillary under the bus you go,1,obama to hillary under the bus you go,1,0,0.9772727272727273,"['gop food stamp bill might be harsh ', 'what robe mueller repoedly wants to ', 'obama to hillary under the bus you go', 'trump repoedly tells macron he s pulling ', 'can agree on one thing u s was behind ']","['in searing interview james comey unleashes ', 'donald trump deutsche bank did not ', 'michael moore bringing trump hate to ', 'trump claims without evidence that ', 'if trump repoedly warned do i we know ']","{'repoedly': 0.08333333333333333, 'gop': 0.041666666666666664, 'food': 0.041666666666666664, 'stamp': 0.041666666666666664, 'bill': 0.041666666666666664}","{'trump': 0.18181818181818182, 'searing': 0.045454545454545456, 'interview': 0.045454545454545456, 'james': 0.045454545454545456, 'comey': 0.045454545454545456}"
72,washington nfl cheerleaders say they were required to pose nude act as escos repo,0,washington nfl cheerleaders say they were required to pose nude act as escos repo,0,0,0.9487179487179487,"['gop senator called out for pushing ', '2 senate democrats vow to confirm climate ', 'repo fbi can actually facial recognition ', 'russian lawyer who met with kushner ', 'new federal data shows how black students ']","['video shows u s response to 4 pruitt ', 'video shows u s agents to force us ', 'fox news all but ignores nationwide ', 'breaking clinton “ obama we have to ', 'new york times calls on gop to protect ']","{'gop': 0.04, 'senator': 0.04, 'called': 0.04, 'pushing': 0.04, '2': 0.04}","{'video': 0.07692307692307693, 'shows': 0.07692307692307693, 'u': 0.07692307692307693, 'response': 0.038461538461538464, '4': 0.038461538461538464}"
73,iran accuses thomson reuters charity official of sedition the new york times,1,iran accuses thomson reuters charity official of sedition the new york times,1,1,0.9915966386554622,"['iran accuses thomson reuters charity official of sedition the new york times', 'how sweetbitter captures the grit and ', 'republicans now marching with trump ', 'us on school signs victims gun laws ', 'thousands travel home to ireland to ']","['your facebook page could land you in ', 'democratic candidate for maryland governor ', '18 day bet wins texas woman 1 23 million ', 'top 10 general pleads with troops not ', 'congress races against time to avoid ']","{'iran': 0.038461538461538464, 'accuses': 0.038461538461538464, 'thomson': 0.038461538461538464, 'reuters': 0.038461538461538464, 'charity': 0.038461538461538464}","{'facebook': 0.038461538461538464, 'page': 0.038461538461538464, 'could': 0.038461538461538464, 'land': 0.038461538461538464, 'democratic': 0.038461538461538464}"
74,exclusive – caer page requests release of fisa warrant details ‘concocted’ by james comey’s fbi breitba,1,exclusive – caer page requests release of fisa warrant details ‘concocted’ by james comey’s fbi breitba,1,1,0.9672131147540983,"['‘ we have the good of how a people ', 'watch alec baldwin ’ s trump faces ', 'exclusive rep congressman ken speech ', 'exclusive – caer page requests release of fisa warrant details ‘concocted’ by james comey’s fbi breitba', '2 senate to be a favor as a lot of ']","['federal black cities doesn t be a who ', 'marital rape is not a crime in india ', '2 senate to get a sexier to showing ', 'california black lives matter proud ', '2 senate to get a meeting to showing ']","{'exclusive': 0.0625, '‘': 0.03125, 'good': 0.03125, 'people': 0.03125, 'watch': 0.03125}","{'black': 0.09090909090909091, '2': 0.09090909090909091, 'senate': 0.09090909090909091, 'get': 0.09090909090909091, 'showing': 0.09090909090909091}"
75,sean penn rips steve bannon you can t age like that without hating people,0,sean penn rips steve bannon you can t age like that without hating people,0,0,0.9649122807017544,"['colbe mocks giuliani s bonkers former ', 'sean penn rips steve bannon you can ', 'colbe mocks trump for failing to stand ', 'sean penn rips steve bannon you can t age like that without hating people', 'colbe mocks giuliani for failing tax ']","['fox news all but ignores nationwide ', 'fox news all down ignores nationwide ', 'colbe mocks giuliani trump failing ', 'new york times journalists who broke ', 'breaking clinton “ we re have had major ']","{'colbe': 0.1, 'mocks': 0.1, 'giuliani': 0.06666666666666667, 'sean': 0.06666666666666667, 'penn': 0.06666666666666667}","{'fox': 0.09090909090909091, 'news': 0.09090909090909091, 'ignores': 0.09090909090909091, 'nationwide': 0.09090909090909091, 'colbe': 0.045454545454545456}"
76,sean hannity wants roseanne on his show so bad he offered to let her host,0,sean hannity wants roseanne on his show so bad he offered to let her host,0,0,0.9821428571428571,"['gop senator called out for pushing ', 'bill maher reveals 25 things you don ', 'john oliver bought an ad on hannity ', 'kris jenner has her say on son in law ', 'white house preps spending cuts bill ']","['sean spicer inaccurately claims paul ', 'betsy devos mulls the fate of guidance ', '17 children s books to read to your ', 'colbe s caoon trump gives the whca ']","{'bill': 0.08, 'gop': 0.04, 'senator': 0.04, 'called': 0.04, 'pushing': 0.04}","{'sean': 0.05263157894736842, 'spicer': 0.05263157894736842, 'inaccurately': 0.05263157894736842, 'claims': 0.05263157894736842, 'paul': 0.05263157894736842}"
77,right to die advocate david goodall ends life listening to ode to joy,0,right to die advocate david goodall ends life listening to ode to joy,0,0,0.9710144927536232,"['giuliani says trump repaid lawyer for ', 'new stephon clark videos show officers ', 'new han solo trailer features a twist ', 'scott pruitt paris climate agreement ', 'john oliver bought an ad on hannity ']","['breaking obama “ we have not had a ', 'john oliver didn t think pence trolling ', 'fbi search of cia leak suspect turned ', 'a different kind of gender gap 7 places ', 'breaking obama “ we have have had a ']","{'new': 0.07407407407407407, 'giuliani': 0.037037037037037035, 'says': 0.037037037037037035, 'trump': 0.037037037037037035, 'repaid': 0.037037037037037035}","{'breaking': 0.08695652173913043, 'obama': 0.08695652173913043, '“': 0.08695652173913043, 'john': 0.043478260869565216, 'oliver': 0.043478260869565216}"
78,oops denver post prints photo of wrong ballpark in review of coors field,0,oops denver post prints photo of wrong ballpark in review of coors field,1,1,0.974025974025974,"['oops denver post prints photo of wrong ', 'remy ma explains the impoance of melanin ', 'launch protest against pope francis ', 'louisiana secretary of state resigns ', 'iraqi army discovers us made missiles ']","['senate passes equifax a favor to erect ', 'robbin season s true criminal is revealed ', 'senate passes bill to be give memorial ', 'newshour in joy after being able to ', 'eric greitens ’ team pushes for inquiry ']","{'oops': 0.041666666666666664, 'denver': 0.041666666666666664, 'post': 0.041666666666666664, 'prints': 0.041666666666666664, 'photo': 0.041666666666666664}","{'senate': 0.08333333333333333, 'passes': 0.08333333333333333, 'equifax': 0.041666666666666664, 'favor': 0.041666666666666664, 'erect': 0.041666666666666664}"
79,texas boy known as ‘copeland crush’ and his father are mourned the new york times,1,texas boy known as ‘copeland crush’ and his father are mourned the new york times,1,1,0.9777777777777777,"['no charges but harsh criticism for ', 'former student accuses its in killings ', 'former trump accuses president accuses ', 'russia vows to expand black list of ', 'former fbi accuses trump andrew accuses ']","['at ampt cellphone users unable to call ', 'noh korea says diplomat who defected ', 'supreme cou rules priests do not have ', 'former fbi deputy director andrew mccabe ', 'small town attack ’ african arab ’ ']","{'accuses': 0.21739130434782608, 'former': 0.13043478260869565, 'trump': 0.08695652173913043, 'charges': 0.043478260869565216, 'harsh': 0.043478260869565216}","{'’': 0.07407407407407407, 'ampt': 0.037037037037037035, 'cellphone': 0.037037037037037035, 'users': 0.037037037037037035, 'unable': 0.037037037037037035}"
80,new york city council launches probe into kushner company s false tenant records,0,new york city council launches probe into kushner company s false tenant records,0,0,0.9693877551020408,"['repo pro common jeb bush former staffer ', 'repo fbi who said would ve planned ', 'former oklahoma foundation ceo calls ', 'at least 5 dead in violent clashes ', 'how to hit sinclair where it hus according ']","['repo fbi director actually facial jim ', 'a list of everything don jr doesn t ', 'repo fbi director would facial recognition ', 'former clinton foundation ceo begging ', 'repo fbi director re facial recognition ']","{'repo': 0.07692307692307693, 'former': 0.07692307692307693, 'pro': 0.038461538461538464, 'common': 0.038461538461538464, 'jeb': 0.038461538461538464}","{'repo': 0.12, 'fbi': 0.12, 'director': 0.12, 'facial': 0.12, 'recognition': 0.08}"
81,rapper t i arrested for disorderly conduct public drunkenness,0,rapper t i arrested for disorderly conduct public drunkenness,0,0,0.945054945054945,"['supreme cou to take hard look at only ', 'gop who doug lamborn thrown off the ', 'few lawmakers seem concerned with the ', 'and jack s bonkers has people they ', 'cohen denies repo that mueller has ']","['rose mcgowan wishes harvey weinstein ', 'top 10 scary list ghosts replaced by ', 'u s admits in syria meant to let isis ', 'identity of michael cohen s mystery ', 'louisiana secretary of state resigns ']","{'supreme': 0.05263157894736842, 'cou': 0.05263157894736842, 'take': 0.05263157894736842, 'hard': 0.05263157894736842, 'look': 0.05263157894736842}","{'rose': 0.04, 'mcgowan': 0.04, 'wishes': 0.04, 'harvey': 0.04, 'weinstein': 0.04}"
82,ex repoer charged with making bomb threats against jewish sites the new york times,1,ex repoer charged with making bomb threats against jewish sites the new york times,1,0,0.9848484848484849,"['r kelly accusers say they had to ask ', 'snow repos from around the nohland ', 'fox losing more adveisers after sexual ', 'fox news repoer personally asks donald ', 'wikipedia founder ‘ moved on ’ for ']","['republicans may shoot themselves in ', 'russia may shoot themselves in syria ', 'russia may shoot themselves in u foot ', 'noh korea accuses diplomat of death ', 'russia may expel u s diplomats shut ']","{'fox': 0.08333333333333333, 'r': 0.041666666666666664, 'kelly': 0.041666666666666664, 'accusers': 0.041666666666666664, 'say': 0.041666666666666664}","{'may': 0.17391304347826086, 'shoot': 0.13043478260869565, 'russia': 0.13043478260869565, 'u': 0.08695652173913043, 'republicans': 0.043478260869565216}"
83,ellen degeneres hilariously explains how she saved meghan markle’s life,0,ellen degeneres hilariously explains how she saved meghan markle’s life,0,0,0.9705882352941176,"['white house calls for deep cuts to ', 'sean penn rips steve bannon you can ', 'helen hunt gives update on ‘ mad about ', 'fox news repoer sarah huckabee sanders ', 'man dressed as elsa from frozen pushes ']","['colbe s caoon trump gives the whca ', 'betsy devos stirs uproar by saying ', 'southwest s tammie jo shults joins ', 'new york times calls on gop to protect ', 'fox news melts down after hillary clinton ']","{'white': 0.037037037037037035, 'house': 0.037037037037037035, 'calls': 0.037037037037037035, 'deep': 0.037037037037037035, 'cuts': 0.037037037037037035}","{'colbe': 0.038461538461538464, 'caoon': 0.038461538461538464, 'trump': 0.038461538461538464, 'gives': 0.038461538461538464, 'whca': 0.038461538461538464}"
84,‘he used us as props’ conservative hispanics deplore donald trump’s speech the new york times,1,‘he used us as props’ conservative hispanics deplore donald trump’s speech the new york times,1,1,0.967741935483871,"['maxine waters ’ donald trump i ’ m ', 'u s admits in syria meant to hit isis ', 'if you have re on the internet … and ', 'if trump can rig be the new presidential ', 'repo fbi will be facial recognition ']","['watch madonna warns of ’ new age of ', 'rand paul on syria strikes ’ i think ', 'if you have alzheimer ’ s then invite ', 'in school nurse ’ s room tylenol bandages ', 'try to keep calm but k pop band bts ']","{'’': 0.09090909090909091, 'trump': 0.09090909090909091, 'maxine': 0.045454545454545456, 'waters': 0.045454545454545456, 'donald': 0.045454545454545456}","{'’': 0.14285714285714285, 'watch': 0.03571428571428571, 'madonna': 0.03571428571428571, 'warns': 0.03571428571428571, 'new': 0.03571428571428571}"
85,long primary carries costs for hillary clinton money and time the new york times,1,long primary carries costs for hillary clinton money and time the new york times,1,1,0.9365079365079365,"['russia hands us its behind response ', 'return of the anunnaki nine feet tall ', 'review in ‘ finding ’ a fish and a ', 'republicans us shoot themselves in ', 'former miss accuses trump of sexual ']","['boycott uber for not strike in protest ', 'former student foundation ceo after ', 'at least 5 dead in violent clashes ', 'south korea ’ s favorite is created ', 'e p a workers try to block pruitt in ']","{'us': 0.08695652173913043, 'russia': 0.043478260869565216, 'hands': 0.043478260869565216, 'behind': 0.043478260869565216, 'response': 0.043478260869565216}","{'boycott': 0.041666666666666664, 'uber': 0.041666666666666664, 'strike': 0.041666666666666664, 'protest': 0.041666666666666664, 'former': 0.041666666666666664}"
86,wife asked husband for fenty highlighter and got a pack of highlighters hairbrush,0,wife asked husband for fenty highlighter and got a pack of highlighters hairbrush,1,1,0.984375,"['michael bloomberg slams epidemic of ', 'former miss accuses trump of sexual ', 'colbe s caoon trump gives the whca ', 'colbe s caoon trump gives to own words ', 'fox news all but ignores nationwide ']","['gop state senator thinks laws created ', 'gop led house panel ends its russia ', 'gop congresswoman blames deep state ', 'fox news repoer sarah huckabee sanders ', 'white house calls for deep cuts to ']","{'trump': 0.13043478260869565, 'colbe': 0.08695652173913043, 'caoon': 0.08695652173913043, 'gives': 0.08695652173913043, 'michael': 0.043478260869565216}","{'gop': 0.10714285714285714, 'state': 0.07142857142857142, 'house': 0.07142857142857142, 'deep': 0.07142857142857142, 'senator': 0.03571428571428571}"
87,occupying the prairie tensions rise as tribes move to block a pipeline the new york times,1,occupying the prairie tensions rise as tribes move to block a pipeline the new york times,1,1,0.9690721649484536,"['watch madonna warns of the new york ', 'university of is an that canada is ', '‘ i have a ’ m not a complete ’ breitba ', 'russia vows to expand black list of ', '‘ i ’ m will be a wall on fbi the new ']","['‘ i have a ’ but not a emily emily ', '‘ i have a could be a ball is not the ', 'paul ryan s exit is a reminder that ', '‘ i have a ’ but not stolen from and ', 'in school nurse ’ s room tylenol bandages ']","{'’': 0.13636363636363635, 'new': 0.09090909090909091, '‘': 0.09090909090909091, 'watch': 0.045454545454545456, 'madonna': 0.045454545454545456}","{'‘': 0.15, '’': 0.15, 'emily': 0.1, 'could': 0.05, 'ball': 0.05}"
88,washington post’s fake news of russian vermont power plant hack,1,washington post’s fake news of russian vermont power plant hack,0,0,0.9666666666666667,"['former student is a black killings ', 'former student is charged in killings ', 'at least 5 dead in violent clashes ', 'at new york city ballet lacing up their ', 'watch blue bid 000 on a face it s not ']","['u s accuses chinese jet of too close ', 'u s admits in syria meant to hit isis ', 'former trump accuses accuses president ', 'how to wong foo paved the way for the ', 'former us accuses trump of sexual assault ']","{'former': 0.08695652173913043, 'student': 0.08695652173913043, 'killings': 0.08695652173913043, 'black': 0.043478260869565216, 'charged': 0.043478260869565216}","{'accuses': 0.15384615384615385, 'u': 0.07692307692307693, 'former': 0.07692307692307693, 'trump': 0.07692307692307693, 'chinese': 0.038461538461538464}"
89,rex tillerson to lift human rights conditions on arms sale to bahrain the new york times,1,rex tillerson to lift human rights conditions on arms sale to bahrain the new york times,1,1,0.9879518072289156,"['former clinton foundation ceo after ', 'russia hands us its behind response ', 'former student foundation after trump ', 'former student accuses in trump killings ', 'designer of waterslide that decapitated ']","['rex tillerson to lift human rights ', 'blacks for trump rejoice trump has ', 'judges new reasons to obstruct donald ', 'robbin season s true criminal is revealed ', 'former student is a black killings ']","{'former': 0.14285714285714285, 'foundation': 0.09523809523809523, 'student': 0.09523809523809523, 'trump': 0.09523809523809523, 'clinton': 0.047619047619047616}","{'trump': 0.08695652173913043, 'rex': 0.043478260869565216, 'tillerson': 0.043478260869565216, 'lift': 0.043478260869565216, 'human': 0.043478260869565216}"
90,undercover video exposes obama’s plan to make american “gun laws” more like britain – truthfeed,1,undercover video exposes obama’s plan to make american “gun laws” more like britain – truthfeed,1,1,0.972972972972973,"['breaking multiple “ dinner ” kim jong ', 'huckabee responds to burning trump ', 'john oliver wants your help telling ', 'fbi gives clinton another pass trump ', 'breaking clinton “ we re have being ']","['john oliver didn t think i trolling ', 'michael moore admits no women to put ', 'comey s latest excuse for why it s ', 'lois lanes pay tribute to the late ']","{'breaking': 0.08, '“': 0.08, 'trump': 0.08, 'clinton': 0.08, 'multiple': 0.04}","{'john': 0.058823529411764705, 'oliver': 0.058823529411764705, 'think': 0.058823529411764705, 'trolling': 0.058823529411764705, 'michael': 0.058823529411764705}"
91,hannibal buress mic cut after joking about catholic sex abuse,0,hannibal buress mic cut after joking about catholic sex abuse,0,0,0.9705882352941176,"['lawmakers have added 32 8 million to ', 'claire foy receives back pay after ', 'dominates michigan in ncaa championship ', 'broad city star her sexuality i kind ', 'neil young chimes in on a crosby stills ']","['us on outrage over white role explains ', 'energy update stargates are active ', 'former us accuses trump in lawyer of ', 'laura ingraham by yet another despite ', 'identity of michael cohen s mystery ']","{'lawmakers': 0.041666666666666664, 'added': 0.041666666666666664, '32': 0.041666666666666664, '8': 0.041666666666666664, 'million': 0.041666666666666664}","{'us': 0.08695652173913043, 'outrage': 0.043478260869565216, 'white': 0.043478260869565216, 'role': 0.043478260869565216, 'explains': 0.043478260869565216}"
92,the establishment’s massive ‘intelligence failure’,1,the establishment’s massive ‘intelligence failure’,1,1,0.9846153846153847,"['how chicago ’ s leading latino progressive ', 'opinion hillary is the whore of babylon ', 'donald trump executive order fire to ', '‘ great british off ’ will leave bbc ', 'trump continues attack on top dem i ']","['trump 60 russians closes russian consulate ', 'trump team bashes cnn buzzfeed over ', 'five inside resolution denying israeli ', 'donald trump is now freedom for your ', 'how a make sinclair way to hell speaks ']","{'’': 0.08, 'trump': 0.08, 'chicago': 0.04, 'leading': 0.04, 'latino': 0.04}","{'trump': 0.125, '60': 0.041666666666666664, 'russians': 0.041666666666666664, 'closes': 0.041666666666666664, 'russian': 0.041666666666666664}"
93,desiree linden becomes first american woman to win boston marathon in 33 years,0,desiree linden becomes first american woman to win boston marathon in 33 years,0,0,0.9428571428571428,"['at least 5 dead in violent clashes ', 'challenges colleges to stand up for ', 'southern leader who said abused women ', 'former fbi director director andrew ', 'desiree linden becomes first american woman to win boston marathon in 33 years']","['republicans now marching with trump ', 'designer of waterslide that decapitated ', 'republicans fill cou seat they denied ', 'u s accuses chinese jet of too close ', 'russia hands us its behind response ']","{'director': 0.06896551724137931, 'least': 0.034482758620689655, '5': 0.034482758620689655, 'dead': 0.034482758620689655, 'violent': 0.034482758620689655}","{'republicans': 0.09523809523809523, 'marching': 0.047619047619047616, 'trump': 0.047619047619047616, 'designer': 0.047619047619047616, 'waterslide': 0.047619047619047616}"
94,at new york city ballet lacing up their sneakers to unite the new york times,1,at new york city ballet lacing up their sneakers to unite the new york times,1,1,0.9645390070921985,"['repo fbi director will have have violated ', 'repo 33 of jay z claims photo for 200 ', 'repo fbi can ’ t have when us riots ', 'former miss accuses trump of sexual ', 'tim kaine clinton email announcement ']","['‘ jeopardy british mainstream dies ', 'repo fbi director calls would ve for ', '‘ things you re ’ their able to visit ', 'at least 5 dead in violent clashes ', 'white house preps spending cuts bill ']","{'repo': 0.11538461538461539, 'fbi': 0.07692307692307693, 'director': 0.038461538461538464, 'violated': 0.038461538461538464, '33': 0.038461538461538464}","{'‘': 0.07692307692307693, 'jeopardy': 0.038461538461538464, 'british': 0.038461538461538464, 'mainstream': 0.038461538461538464, 'dies': 0.038461538461538464}"
95,louisiana secretary of state resigns after staffer accuses him of sexual harassment,0,louisiana secretary of state resigns after staffer accuses him of sexual harassment,0,0,0.9577464788732394,"['former fbi deputy director andrew mccabe ', 'watch blue bid 000 on a time to donald ', 'r kelly accusers say they had to ask ', 'white house knew about rob poer allegations ', 'late night writer s royal wedding is ']","['senate passes bill to be sense of americans ', 'fox news said to settle group of lawsuits ', 'fox news guest personally asks donald ', 'former clinton foundation ceo begging ', 'former miss accuses trump of sexual ']","{'former': 0.03571428571428571, 'fbi': 0.03571428571428571, 'deputy': 0.03571428571428571, 'director': 0.03571428571428571, 'andrew': 0.03571428571428571}","{'fox': 0.07407407407407407, 'news': 0.07407407407407407, 'former': 0.07407407407407407, 'senate': 0.037037037037037035, 'passes': 0.037037037037037035}"
96,texas sues trump administration to end daca,0,texas sues trump administration to end daca,1,1,0.9714285714285714,"['gop will win seat troops but 1 1 1 ', 'syrian warn us turkey can ’ t be in ', 'us insiders – not russia – leaked clinton ', 'how think tanks amplify corporate america ', 'and think tanks amplify corporate america ']","['and deadpool have strong in their new ', 'newest head cracker do you hear brainstorm ', 'top post nominee ‘ ’ at for christian ', 'for stoneman douglas alums witnessing ', 'john krasinski insisted a quiet place ']","{'1': 0.10344827586206896, 'us': 0.06896551724137931, '–': 0.06896551724137931, 'think': 0.06896551724137931, 'tanks': 0.06896551724137931}","{'deadpool': 0.043478260869565216, 'strong': 0.043478260869565216, 'new': 0.043478260869565216, 'newest': 0.043478260869565216, 'head': 0.043478260869565216}"
97,accused of sexual harassment roger ailes is negotiating exit from fox the new york times,1,accused of sexual harassment roger ailes is negotiating exit from fox the new york times,1,1,0.9452054794520548,"['aggretsuko is a workplace comedy where ', 'russia announces plans for catastrophic ', 'meditation is like a human s way of ', 'eagles of death metal singer does on ', 'youtube tv will be forced to watch ']","['harvey weinstein turns himself in to ', 'supreme cou to priests do you have ', 'senate passes bill to be thousands ', 'former fbi director director andrew ', 'identity of michael cohen s mystery ']","{'aggretsuko': 0.05263157894736842, 'workplace': 0.05263157894736842, 'comedy': 0.05263157894736842, 'russia': 0.05263157894736842, 'announces': 0.05263157894736842}","{'director': 0.10526315789473684, 'harvey': 0.05263157894736842, 'weinstein': 0.05263157894736842, 'turns': 0.05263157894736842, 'supreme': 0.05263157894736842}"
98,michael keaton ends kent state commencement speech with i m batman,0,michael keaton ends kent state commencement speech with i m batman,0,0,0.9620253164556962,"['simpsons creator on apu debate people ', 'giuliani says trump repaid lawyer for ', 'gop congresswoman blames deep state ', 'gop who thinks he made being by an ', 'gop state senator thinks laws created ']","['new york times journalists who on harvey ', 'former clinton foundation ceo begging ', 'donald trump deutsche bank did clintons ', 'michael keaton ends kent state commencement ', 'breaking clinton – a russian database ']","{'gop': 0.125, 'state': 0.08333333333333333, 'thinks': 0.08333333333333333, 'simpsons': 0.041666666666666664, 'creator': 0.041666666666666664}","{'clinton': 0.07692307692307693, 'new': 0.038461538461538464, 'york': 0.038461538461538464, 'times': 0.038461538461538464, 'journalists': 0.038461538461538464}"
99,john oliver even mickey mouse would tell scott pruitt to go f k himself,0,john oliver even mickey mouse would tell scott pruitt to go f k himself,0,0,0.9895833333333334,"['john oliver even mickey mouse would tell scott pruitt to go f k himself', 'john oliver even would tell scott pruitt ', 'trump s pick for cia director won t ', 'this kardashian people think think ', 'gop congresswoman blames deep state ']","['john oliver wants your help telling ', 'breaking multiple victims shot near ', 'trump s doctor says trump basically ', 'breaking clinton trump can t have had ', 'breaking clinton “ obama we have to ']","{'john': 0.0625, 'oliver': 0.0625, 'even': 0.0625, 'would': 0.0625, 'tell': 0.0625}","{'breaking': 0.13636363636363635, 'trump': 0.13636363636363635, 'clinton': 0.09090909090909091, 'john': 0.045454545454545456, 'oliver': 0.045454545454545456}"
