index,original text,true class,decoded text,black box prediction,decision tree prediction,fidelity,exemplars,counter exemplars,top exemplar words,top counter exemplar words,time to generate
0,windtalkers celebrates the human spirit and packs an emotional wallop,1,a movie that loses sight of its own story <end> ,0,0,0.974025974025974,"['the film is a primer on its own it s a of healthy ', 'a movie that so tale about being a bunch of time in ', 'a movie that one would have been seen in advance or ', 'a movie that loses sight of its own story <end> ', 'the film s so uninspiring that could a taste of the ']","['the film is a primer on its beach with great dialogue ', 'a film that rare fresh well acted and when it s a ', 'a movie that one of the best films of the year the ', 'a movie that so of the best films like a confidence ', 'the film s a gaudy bag of a icon that s career to ']","{'primer': 0.06666666666666667, 'healthy': 0.06666666666666667, 'tale': 0.06666666666666667, 'bunch': 0.06666666666666667, 'time': 0.06666666666666667}","{'best': 0.1, 'films': 0.1, 'primer': 0.05, 'beach': 0.05, 'great': 0.05}",0.05951809883117676
1,filmmakers have to dig deep to sink this low founately for all involved this movie is likely to disappear as quickly as an ice cube thrown into a pot of boiling water,0,the film has the perfect characters are not to compromise ,1,1,0.9767441860465116,"['the film is so many of the time it s so bad that it ', 'the film has the heavy handed that takes up with a ', 'the film has the perfect characters are not to lend ', 'the film has the perfect characters are not to compromise ', 'the film has a laundry cast of human observation and ']","['the film is too many out of these guys are john in ', 'the film has a laundry list of movie experiences will ', 'the film has a laundry cast of movie references but ', 'the film has a laundry exercise in camera work but ']","{'perfect': 0.125, 'characters': 0.125, 'many': 0.0625, 'time': 0.0625, 'bad': 0.0625}","{'laundry': 0.23076923076923078, 'many': 0.07692307692307693, 'guys': 0.07692307692307693, 'john': 0.07692307692307693, 'list': 0.07692307692307693}",0.026093482971191406
2,what staed out as a taut contest of wills between bacon and theron deteriorates into a protracted and borderline silly chase sequence,0,the film s so uninspiring that could a taste of the ,0,0,0.9487179487179487,"['the film is a primer on its own animated tv in which ', 'the film s so uninspiring that could a taste of the ', 'the film is so many of its own in reality tv and his ', 'the film is so of the reassuring manner of a good ', 'the film is so many of its own in reality filmmaking ']","['it s a very tasteful to look at it s so devoid of ', 'the film has a laundry exercise in camera and that ', 'the film is a primer on the beach with humor and humor ', 'the film is so many that its through the film s mid ', 'the film is a primer on its own hollywood director ']","{'tv': 0.13333333333333333, 'many': 0.13333333333333333, 'reality': 0.13333333333333333, 'primer': 0.06666666666666667, 'animated': 0.06666666666666667}","{'primer': 0.13333333333333333, 'humor': 0.13333333333333333, 'tasteful': 0.06666666666666667, 'look': 0.06666666666666667, 'devoid': 0.06666666666666667}",0.029325485229492188
3,a mean spirited film made by someone who surely read the catcher in the rye but clearly suffers from dyslexia,0,the film is a primer on its own in town with sensitivity ,1,1,0.9318181818181818,"['the film is a primer on its own in town with sensitivity ', 'the film is a primer on the film s delicate little ', 'the film is a primer on its own and fills one of america ', 'the film is so of the best films of the year with ', 'a movie that one of the best films of the situation ']","['the film is a primer on its own it fills a good movie ', 'the film is so many of its own in reality filmmaking ', 'the film is too many or even through the movie s mid ', 'the film is a primer on its own director director ', 'the film is too many or even through the movie s of ']","{'primer': 0.17647058823529413, 'one': 0.11764705882352941, 'best': 0.11764705882352941, 'films': 0.11764705882352941, 'town': 0.058823529411764705}","{'many': 0.21428571428571427, 'primer': 0.14285714285714285, 'even': 0.14285714285714285, 'director': 0.14285714285714285, 'fills': 0.07142857142857142}",0.03040003776550293
4,sma funny and just honest enough to provide the pleasures of a slightly naughty just above average off broadway play,1,the film is a primer on its own it s a of healthy ,1,1,0.9696969696969697,"['the film is so of those who try to look at but it ', 'the film is a primer on its own hollywood director ', 'the film is a primer on its own it s a rewarding balance ', 'the film is a primer on its own it s a of healthy ', 'the film is a primer on the beach with humor and american ']","['the film is so many of its own in reality tv in which ', 'the film is a primer on sentence of the film a movie ', 'the film is too many or even through the movie s of ', 'the film is a primer on its own and director michael ']","{'primer': 0.2857142857142857, 'try': 0.07142857142857142, 'look': 0.07142857142857142, 'hollywood': 0.07142857142857142, 'director': 0.07142857142857142}","{'many': 0.2, 'primer': 0.2, 'reality': 0.1, 'tv': 0.1, 'sentence': 0.1}",0.027996540069580078
5,it s difficult for a longtime admirer of his work to not be swept up in invincible and overlook its drawbacks,0,the film s so uninspiring that could a taste of the ,0,0,1.0,"['the film is a primer on its own it fills a good movie ', 'the film is a primer on its own it feels like a lot ', 'the film is so many of its own in reality tv in which ', 'the film is a primer on its own animated tv in which ', 'the film is so of the 70s it would be better than ']","['it s a very tasteful rock and roll movie you could ', 'the film is so of the reassuring manner of a good ', 'it s a very tasteful to look at it s so devoid of ', 'the film is so consistently that the impoance of human ', 'the film is so of the best films of the year with ']","{'primer': 0.1875, 'tv': 0.125, 'fills': 0.0625, 'good': 0.0625, 'feels': 0.0625}","{'tasteful': 0.125, 'rock': 0.0625, 'roll': 0.0625, 'could': 0.0625, 'reassuring': 0.0625}",0.02856302261352539
6,feels like six different movies fighting each other for attention,0,a very funny look at how it used to be <end> ,1,1,0.9818181818181818,"['the film is so many that its through the film s mid ', 'a film that so fresh and sugary that could be really ', 'a movie that so lovingly and present the most of screen ', 'a movie that rare into a man who can t seen it s not ', 'the film is a primer on its own it fills a strong ']","['the film s a gaudy bag of stale candy ever made a ', 'a movie that rare into the reunion of and the only ', 'the film is a primer on its own director director ', 'a movie that one would have been seen in advance or ', 'the film is so many of its own in reality tv and his ']","{'many': 0.06666666666666667, 'mid': 0.06666666666666667, 'fresh': 0.06666666666666667, 'sugary': 0.06666666666666667, 'could': 0.06666666666666667}","{'director': 0.1111111111111111, 'gaudy': 0.05555555555555555, 'bag': 0.05555555555555555, 'stale': 0.05555555555555555, 'candy': 0.05555555555555555}",0.02842569351196289
7,its scenes and sensibility are all more than familiar but it exudes a kind of nostalgic spy movie charm and at the same time is so fresh and free of the usual thriller nonsense that it all seems to be happening for the first time,1,the movie has the number of gloss the holocaust faced ,0,0,0.9577464788732394,"['the movie has the number of gloss the holocaust faced ', 'the movie has been in years old but director in the ', 'the movie has all the rules of attraction is told ', 'the movie has been in years old but even as they re ', 'the movie has been in years old but director michael ']","['the movie has been more than a fair film if he s changed ', 'the movie has been more than a bit of the film s a ', 'the film has a laundry cast of war shocomings but ', 'the movie has the fact that the best only life but ', 'the movie has the fact that the best only life year ']","{'years': 0.17647058823529413, 'old': 0.17647058823529413, 'director': 0.11764705882352941, 'number': 0.058823529411764705, 'gloss': 0.058823529411764705}","{'fact': 0.14285714285714285, 'best': 0.14285714285714285, 'life': 0.14285714285714285, 'fair': 0.07142857142857142, 'changed': 0.07142857142857142}",0.055124521255493164
8,this is as powerful a set of evidence as you ll ever find of why a matters and how it can resonate far beyond museum walls and through to the most painfully marginal lives,1,the film has the perfect of s best as a couple of ,1,1,0.9807692307692307,"['the film has a laundry exercise in camera that you ', 'the film has a laundry cast of human situation and ', 'the film has the perfect of s best films the characters ', 'the film has a laundry cast of war observation moments ', 'the film has a laundry cast of human comedy with the ']","['the film has a laundry exercise in camera work but ', 'the film has a laundry list of movie largely for the ', 'the movie has been readily dismissed as the pitch ', 'the film has a laundry list of movie experiences will ']","{'laundry': 0.2, 'cast': 0.15, 'human': 0.1, 'exercise': 0.05, 'camera': 0.05}","{'laundry': 0.23076923076923078, 'list': 0.15384615384615385, 'exercise': 0.07692307692307693, 'camera': 0.07692307692307693, 'work': 0.07692307692307693}",0.024916648864746094
9,pretty much sucks but has a funny moment or two,0,a very funny look at how it used to be <end> ,1,1,0.9859154929577465,"['the film is a primer on its own in town with sensitivity ', 'a movie that one of the best examples of a page to ', 'it s a very tasteful rock and roll movie you could ', 'a movie that rare into a man who can not always in ', 'the film is a primer on its own it s a rewarding balance ']","['the film s a gaudy bag of stale candy ever made a ', 'a thoughtful movie one of s best and in a way that ', 'the film is a primer on its own and fills its characters ', 'the film is a primer on its observation and fills ', 'the film is a primer on its own director director ']","{'primer': 0.11764705882352941, 'town': 0.058823529411764705, 'sensitivity': 0.058823529411764705, 'one': 0.058823529411764705, 'best': 0.058823529411764705}","{'primer': 0.15789473684210525, 'fills': 0.10526315789473684, 'director': 0.10526315789473684, 'gaudy': 0.05263157894736842, 'bag': 0.05263157894736842}",0.03454422950744629
10,topkapi this is not,0,a wonderful character based comedy <end> ,1,1,0.9666666666666667,"['a film that one sight of every used to everyday movies ', 'the film is a primer on its own and director in america ', 'the film s a gaudy album of adolescent s complexity ', 'the film is a recycled plot and direction from drag ', 'the film is a solid action tale of a movie personal ']","['a film that will enthrall the whole thing of a icon ', 'a film that will do me feel like to women s presentation ', 'a movie that so tale about human after school his ', 'the film is a mediocre movie tale about a good time ', 'a movie that so fresh and thoroughly but unremarkable ']","{'one': 0.047619047619047616, 'sight': 0.047619047619047616, 'every': 0.047619047619047616, 'used': 0.047619047619047616, 'everyday': 0.047619047619047616}","{'tale': 0.1111111111111111, 'enthrall': 0.05555555555555555, 'whole': 0.05555555555555555, 'thing': 0.05555555555555555, 'icon': 0.05555555555555555}",0.09460592269897461
11,belongs to daniel day lewis as much as it belongs to main scorsese it s a memorable performance in a big brassy disturbing unusual and highly successful film,1,the film has the heavy handed that takes up with a ,1,1,1.0,"['the film has the heavy handed that takes up with a ', 'the film has the perfect characters are not to compromise ', 'the film is so of those films that is a kind of nostalgic ', 'the film has the heavy handed that takes up with a ', 'the film has been a huge fan of dickens in their underwritten ']","['the film has a laundry exercise in camera work but ', 'the film is so of those films try to be missing it ', 'the film has a contrivance as aificial as the film ', 'the film is so many of the time it s so bad that s ']","{'heavy': 0.125, 'handed': 0.125, 'takes': 0.125, 'perfect': 0.0625, 'characters': 0.0625}","{'laundry': 0.08333333333333333, 'exercise': 0.08333333333333333, 'camera': 0.08333333333333333, 'work': 0.08333333333333333, 'films': 0.08333333333333333}",0.026405811309814453
12,disney s live action division has a history of releasing cinematic flotsam but this is one occasion when they have uneahed a rare gem,1,the film is a primer on its own it s a of healthy ,1,1,1.0,"['the film is a primer on the beach with humor and humor ', 'the film is so of those who try to look at but it ', 'the film is so consistently that the impoance of human ', 'the film has a laundry exercise in camera and that ', 'the film is so of the best films of the year with ']","['the film is a primer on sentence of the film a movie ', 'the film is a primer on its own hollywood director ', 'the film is too many or even through the movie s mid ', 'the film has a contrivance as aificial as the exalted ', 'the film is too many out of these or historical moments ']","{'humor': 0.13333333333333333, 'primer': 0.06666666666666667, 'beach': 0.06666666666666667, 'try': 0.06666666666666667, 'look': 0.06666666666666667}","{'primer': 0.14285714285714285, 'many': 0.14285714285714285, 'sentence': 0.07142857142857142, 'hollywood': 0.07142857142857142, 'director': 0.07142857142857142}",0.02972412109375
13,innocuous enough to make even jean claude van damme look good,0,a very funny look at how it used to be <end> ,1,1,0.9848484848484849,"['a movie that so of the highest and the most feeling ', 'the film is a primer on its own it s a of above the ', 'a movie that so lovingly and present the one of screen ', 'the film is so of the best films of the year with ', 'a movie that one would be an intelligent and a movie ']","['the film is a primer on its own his director in its ', 'a movie that one would have been seen in advance or ', 'the film is a primer on its own and director in u ', 'the film is a primer on its own and fills his director ', 'the film is so of the 70s or film that makes it move ']","{'one': 0.15384615384615385, 'highest': 0.07692307692307693, 'feeling': 0.07692307692307693, 'primer': 0.07692307692307693, 'lovingly': 0.07692307692307693}","{'primer': 0.2, 'director': 0.2, 'one': 0.06666666666666667, 'would': 0.06666666666666667, 'seen': 0.06666666666666667}",0.03329753875732422
14,the hot topics of the plot are relegated to the background a welcome step forward from the sally jesse raphael atmosphere of films like philadelphia and american beauty,1,the film has the perfect characters are not much of ,1,1,0.9787234042553191,"['the film has the heavy handed that takes up with a ', 'the film is too many out to crush the same ride that ', 'the film has a laundry exercise in camera and that ', 'the film has a laundry exercise in camera with and ', 'the film has the perfect characters are not much of ']","['the film has a laundry list of movie largely for the ', 'the film has the perfect characters are too much but ', 'the film is so many of the time it s altman esque ', 'the film is too many out to crush the same movie in ', 'the film has all the rules of lurid melodrama but ']","{'laundry': 0.13333333333333333, 'exercise': 0.13333333333333333, 'camera': 0.13333333333333333, 'heavy': 0.06666666666666667, 'handed': 0.06666666666666667}","{'many': 0.13333333333333333, 'laundry': 0.06666666666666667, 'list': 0.06666666666666667, 'largely': 0.06666666666666667, 'perfect': 0.06666666666666667}",0.02729058265686035
15,merely and literally tosses around sex toys and offers half heaed paeans to empowerment that are repeatedly undercut by the brutality of the jokes most at women s expense,0,the film is a contrivance as aificial as the film ,0,0,1.0,"['the film is too many or even through the movie s of ', 'the film has the perfect characters are too much but ', 'the film is so many of the time it s so bad that it ', 'the film is a contrivance as aificial as the film ', 'the film is so of those films try to be worrying about ']","['the film has the perfect characters are not to compromise ', 'the film has the perfect characters are not to lend ', 'the film is a primer on the beach with humor and american ', 'the film is so of those films which is a brand of ']","{'many': 0.15384615384615385, 'even': 0.07692307692307693, 'perfect': 0.07692307692307693, 'characters': 0.07692307692307693, 'much': 0.07692307692307693}","{'perfect': 0.16666666666666666, 'characters': 0.16666666666666666, 'compromise': 0.08333333333333333, 'lend': 0.08333333333333333, 'primer': 0.08333333333333333}",0.02472996711730957
16,ranges from laugh out loud hilarious to wonder what time it is tedious,1,the film s visceral and predictable above with a of ,1,1,0.9824561403508771,"['a movie that one of the best films of the situation ', 'a movie that one of the best films of the year with ', 'it s a very tasteful to look at the most were what ', 'the film s visceral and predictable above with a of ', 'a movie that so of the best films like a confidence ']","['the film s a gaudy bag of stale candy ever made a ', 'the film is so heavy handed that doesn t get an interest ', 'the film is so of the 70s or film in which it s performance ', 'the film is a primer on its own animated tv in which ', 'the film is a primer on its own it s a of healthy ']","{'best': 0.1875, 'films': 0.1875, 'one': 0.125, 'situation': 0.0625, 'year': 0.0625}","{'primer': 0.11764705882352941, 'gaudy': 0.058823529411764705, 'bag': 0.058823529411764705, 'stale': 0.058823529411764705, 'candy': 0.058823529411764705}",0.032479286193847656
17,beautifully crafted engaging filmmaking that should attract upscale audiences hungry for quality and a nostalgic twisty yarn that will keep them guessing,1,the film is a primer on its own it s a of healthy ,1,1,1.0,"['the film is a primer on the rules of popularity of ', 'the film is so of those who try to look away from ', 'the film has the heavy handed that takes up through ', 'the film is so of those films that is a kind of nostalgic ', 'the film is so of the best films of the year with ']","['the film is a primer on sentence of the film a movie ', 'the film has a contrivance as aificial as the film ', 'the film is so many of the time it s so bad that s ', 'the film is a primer on its own hollywood director ']","{'films': 0.13333333333333333, 'primer': 0.06666666666666667, 'rules': 0.06666666666666667, 'popularity': 0.06666666666666667, 'try': 0.06666666666666667}","{'primer': 0.2, 'sentence': 0.1, 'contrivance': 0.1, 'aificial': 0.1, 'many': 0.1}",0.02904963493347168
18,it s funny as the old saying goes because it s true,1,a very funny look at how it used to be <end> ,1,1,1.0,"['the film is a primer on its own and director in years ', 'the film is a primer on its own in town with sensitivity ', 'the film is a primer on its own it s a of healthy ', 'a thoughtful movie one of s best and in a performance ', 'the film s so uninspiring that even a of above the ']","['the film is a primer on its own and director in u ', 'the film is a primer on its own it feels like a lot ', 'a movie that so of the highest and the of povey to ', 'the film is a primer on its own it fills a good movie ']","{'primer': 0.21428571428571427, 'director': 0.07142857142857142, 'years': 0.07142857142857142, 'town': 0.07142857142857142, 'sensitivity': 0.07142857142857142}","{'primer': 0.25, 'director': 0.08333333333333333, 'u': 0.08333333333333333, 'feels': 0.08333333333333333, 'like': 0.08333333333333333}",0.0284421443939209
19,nohe has made a decent intro documentary but he feels like a spectator and not a paicipant,0,the film s visceral and predictable realism with a ,1,1,0.9583333333333334,"['a movie that one of the best examples of a page to ', 'it s a very tasteful rock and roll movie you can imagine ', 'the film is so of the reassuring manner of a good ', 'a movie that rare into the reunion of s a performance ', 'a movie that one of the best films of the year with ']","['the film is a primer on its own and fills his film ', 'the film is a primer on its observation and fills ', 'the film is a primer on sentence of the film a movie ', 'the film is a primer on its own and director michael ', 'the film has a contrivance as aificial as the film ']","{'one': 0.1111111111111111, 'best': 0.1111111111111111, 'examples': 0.05555555555555555, 'page': 0.05555555555555555, 'tasteful': 0.05555555555555555}","{'primer': 0.3333333333333333, 'fills': 0.16666666666666666, 'observation': 0.08333333333333333, 'sentence': 0.08333333333333333, 'director': 0.08333333333333333}",0.02372598648071289
20,kinnear gives a tremendous performance,1,a wonderful character based comedy <end> ,1,1,0.9785714285714285,"['a fascinating movie that s neither ararat is fiercely ', 'the film s so uninspiring that could a giant ability ', 'the film is a recycled and unsentimental look at the ', 'the film is a searing album of the most of a chick ', 'the film is a solid action thriller that is a pleasant ']","['the film s what is so of and all too many <end> ', 'the film is a primer on its own his director in its ', 'the film s so predictable and just plain detailed ', 'a movie that so tale about being it s not bad and ', 'a movie that so of the energy in a of healthy tv s ']","{'fascinating': 0.05555555555555555, 'neither': 0.05555555555555555, 'ararat': 0.05555555555555555, 'fiercely': 0.05555555555555555, 'uninspiring': 0.05555555555555555}","{'many': 0.09090909090909091, 'primer': 0.09090909090909091, 'director': 0.09090909090909091, 'predictable': 0.09090909090909091, 'plain': 0.09090909090909091}",0.07621097564697266
21,a knowing look at female friendship spiked with raw urban humor,1,a very funny look at how it used to be <end> ,1,1,0.9538461538461539,"['a tour de force drama about a few pivotal cinema territory ', 'the film is a primer on its own and director in its ', 'a movie that rare into a man who can not always in ', 'the film is a primer on its own school comedy with ', 'the film is a primer on its own and director in years ']","['the film s a gaudy bag of stale candy ever made a ', 'the film is a primer on its own it fills a film above ', 'the film is a primer on its own hollywood director ', 'the film is so of the 70s or film in which it s performance ']","{'primer': 0.16666666666666666, 'director': 0.1111111111111111, 'tour': 0.05555555555555555, 'de': 0.05555555555555555, 'force': 0.05555555555555555}","{'primer': 0.15384615384615385, 'gaudy': 0.07692307692307693, 'bag': 0.07692307692307693, 'stale': 0.07692307692307693, 'candy': 0.07692307692307693}",0.027991771697998047
22,one scene after another in this supposedly funny movie falls to the floor with a sickening thud,0,the film s visceral and predictable tale of a man ,1,1,0.9803921568627451,"['a movie that rare into a man who can t seen it s not ', 'it s a very tasteful rock and roll movie you could ', 'the film is so of the 70s most of the film s with ', 'a movie that one of the best films of the year the ', 'the film has a number of themes a complex on a good ']","['the film is a primer on its own it feels like a lot ', 'the film is a primer on its own and fills his film ', 'the film is so many of its own in reality tv and his ', 'the film is too many or even through the movie s of ', 'the film is so of the 70s or film in which it s performance ']","{'rare': 0.0625, 'man': 0.0625, 'seen': 0.0625, 'tasteful': 0.0625, 'rock': 0.0625}","{'primer': 0.15384615384615385, 'many': 0.15384615384615385, 'feels': 0.07692307692307693, 'like': 0.07692307692307693, 'lot': 0.07692307692307693}",0.03416895866394043
23,from its invitingly upbeat oveure to its pathos filled but ultimately life affirming finale main is a masterfully conducted work,1,the film is a primer on its own in town with sensitivity ,1,1,0.9444444444444444,"['the film is so of those who try to look at but it ', 'the film is so many that its through the film s mid ', 'the film has a laundry exercise in camera and that ', 'the film is so of those who try to look away from ', 'the film is so many of its own in reality tv in which ']","['the film is a primer on its own it fills a good movie ', 'the film is too many out of these or historical moments ', 'the film is so many of its own in reality tv and his ', 'the film is a primer on its own animated tv director ']","{'try': 0.15384615384615385, 'look': 0.15384615384615385, 'many': 0.15384615384615385, 'mid': 0.07692307692307693, 'laundry': 0.07692307692307693}","{'primer': 0.15384615384615385, 'many': 0.15384615384615385, 'tv': 0.15384615384615385, 'fills': 0.07692307692307693, 'good': 0.07692307692307693}",0.025402307510375977
24,an old fashioned drama of substance about a teacher s slide down the slippery slope of dishonesty after an encounter with the rich and the powerful who have nothing but disdain for viue,1,the movie has the fact of the best examples of a house ,0,0,0.9791666666666666,"['the movie has been readily dismissed as the pitch ', 'the film has all the rules of lurid melodrama but ', 'the film has the heavy handed that takes sophomoric ', 'the film has a laundry cast of human business but ', 'the movie has been in years old but director michael ']","['the film has a laundry cast of human comedy that it ', 'the film has the perfect characters are not an intelligent ', 'the film has a laundry cast of human shocomings but ', 'the film has a laundry cast of war shocomings but ', 'the film has a laundry cast of human comedy with a ']","{'readily': 0.05555555555555555, 'dismissed': 0.05555555555555555, 'pitch': 0.05555555555555555, 'rules': 0.05555555555555555, 'lurid': 0.05555555555555555}","{'laundry': 0.21052631578947367, 'cast': 0.21052631578947367, 'human': 0.15789473684210525, 'comedy': 0.10526315789473684, 'shocomings': 0.10526315789473684}",0.03935813903808594
25,it wouldn t be my preferred way of spending 100 minutes or 7 00,0,the film s blatant is one reason it s just too long ,0,0,0.9649122807017544,"['the film is a primer on its own and director in u ', 'the film is a primer on its own and fills its message ', 'a movie that so of the highest and the most famous ', 'a movie that one would have been seen in advance or ', 'the film is a primer on its own and fills his director ']","['a movie that rare into a man who can t seen it s not ', 'a movie that rare into a red bridge is a poem to the ', 'a movie that one of the best films of the year with ', 'a movie that rare into a man who can not always in ', 'the film is a primer on its own and director in moulin ']","{'primer': 0.2, 'director': 0.13333333333333333, 'fills': 0.13333333333333333, 'u': 0.06666666666666667, 'message': 0.06666666666666667}","{'rare': 0.17647058823529413, 'man': 0.11764705882352941, 'seen': 0.058823529411764705, 'red': 0.058823529411764705, 'bridge': 0.058823529411764705}",0.038370370864868164
26,flawed but wohy look at life in u s relocation camps,1,the film s blatant is one reason it s just too long ,0,0,1.0,"['the film is a primer on its own it feels like a lot ', 'a movie that so of the highest and the most famous ', 'the film is a primer on its own and fills his director ', 'a movie that one would be profane politically the ', 'the film is a primer on its own and fills his film ']","['the film s so of those who can t rescue and anime ', 'a movie that rare into a man who can not always in ', 'a movie that one of the best films of the year with ', 'it s a very tasteful to look at the most were what ', 'a movie that rare into a reunion of s a performance ']","{'primer': 0.2, 'fills': 0.13333333333333333, 'feels': 0.06666666666666667, 'like': 0.06666666666666667, 'lot': 0.06666666666666667}","{'rare': 0.14285714285714285, 'rescue': 0.07142857142857142, 'anime': 0.07142857142857142, 'man': 0.07142857142857142, 'always': 0.07142857142857142}",0.0611882209777832
27,mckay seems embarrassed by his own invention and tries to rush through the intermediary passages apparently hoping that the audience will not notice the glaring triteness of the plot device he has put in service,0,the movie has been more than a fair amount of movie ,1,1,0.9607843137254902,"['the movie has been a huge that s movie it would have ', 'the film has been a huge that the movie it would have ', 'the film has the perfect characters are not to give ', 'the film has a laundry list of war shocomings but ', 'the film has a laundry cast of war guilt as it is ']","['the movie has been more than a fair film but director ', 'the film has the perfect of s best and the characters ', 'the film has all the rules of lurid melodrama into ', 'the movie has been readily dismissed as the film is ']","{'huge': 0.13333333333333333, 'would': 0.13333333333333333, 'laundry': 0.13333333333333333, 'war': 0.13333333333333333, 'perfect': 0.06666666666666667}","{'fair': 0.1, 'director': 0.1, 'perfect': 0.1, 'best': 0.1, 'characters': 0.1}",0.02420783042907715
28,director andrew niccol demonstrates a wry understanding of the quirks of fame his healthy sense of satire is light and fun,1,the film is a primer on its own it fills a good movie ,0,0,1.0,"['the film is a primer on its own animated tv director ', 'the film is too many or even through the movie s of ', 'the film is too many or even video it s got amateurish ', 'the film is a primer on its own hollywood director ', 'the film is so consistently unimaginative that doesn ']","['the film is a primer on its own school comedy with ', 'the film is so of the best films of the year with ', 'the film is a primer on its own it s a of healthy ']","{'primer': 0.125, 'director': 0.125, 'many': 0.125, 'even': 0.125, 'animated': 0.0625}","{'primer': 0.25, 'school': 0.125, 'comedy': 0.125, 'best': 0.125, 'films': 0.125}",0.019461870193481445
29,as pure over the top trash any john waters movie has it beat by a country mile,0,the film s visceral and predictable realism with a ,1,1,0.9523809523809523,"['a movie that one of the best examples of a page to ', 'a movie that rare into a man who can t seen it s not ', 'the film is a primer on its own it s a of healthy ', 'the film is so of the reassuring manner of a good ', 'the film is so many that its through the film s mid ']","['the film is a primer on its own and director michael ', 'the film is so of the 70s or film in which it s performance ', 'the film is so many of its own in reality tv and his ', 'the film is a primer on its own animated tv in which ', 'the film is a primer on its own director director ']","{'one': 0.07142857142857142, 'best': 0.07142857142857142, 'examples': 0.07142857142857142, 'page': 0.07142857142857142, 'rare': 0.07142857142857142}","{'primer': 0.21428571428571427, 'director': 0.21428571428571427, 'tv': 0.14285714285714285, 'michael': 0.07142857142857142, '70s': 0.07142857142857142}",0.02506542205810547
30,rymer doesn t trust laughs and doesn t conjure proper respect for followers of the whole dead undead genre who deserve more from a vampire pic than a few shrieky special effects,0,the film has the number of s a remarkably listless ,0,0,0.9814814814814815,"['the film has an infectious enthusiasm and it s altman ', 'the film has a laundry cast of human business but ', 'the film has a laundry list of movie largely for the ', 'the film has all the rules of lurid melodrama but ', 'the film has all the rules of lurid melodrama into ']","['the film has a laundry list of camera work in which ', 'the film has the perfect characters are not much of ', 'the film has an infectious enthusiasm and the movie ', 'the film has an infectious enthusiasm and it s so ', 'the film has an infectious enthusiasm and it s simply ']","{'laundry': 0.125, 'rules': 0.125, 'lurid': 0.125, 'melodrama': 0.125, 'infectious': 0.0625}","{'infectious': 0.21428571428571427, 'enthusiasm': 0.21428571428571427, 'laundry': 0.07142857142857142, 'list': 0.07142857142857142, 'camera': 0.07142857142857142}",0.04738020896911621
31,when de palma s bad he s really bad and femme fatale ranks with the worst he has done,0,the film is a primer on its own it s a of healthy ,1,1,0.9761904761904762,"['the film is so of the best films of the year with ', 'the film is so of those films that is a kind of nostalgic ', 'the film is a primer on a movie that should be better ', 'the film has a laundry exercise in camera with and ', 'the film is so consistently that the impoance of life ']","['the film is a primer on its own and director michael ', 'the film is a primer on its own animated tv director ', 'the film is so of those films try to be missing from ', 'the film is too many or even through the movie s mid ', 'the film is a contrivance as aificial as the movie ']","{'films': 0.14285714285714285, 'best': 0.07142857142857142, 'year': 0.07142857142857142, 'kind': 0.07142857142857142, 'nostalgic': 0.07142857142857142}","{'primer': 0.13333333333333333, 'director': 0.13333333333333333, 'michael': 0.06666666666666667, 'animated': 0.06666666666666667, 'tv': 0.06666666666666667}",0.030857324600219727
32,has its moments and almost as many subplots,0,a movie that loses sight of its own story <end> ,0,0,0.9868421052631579,"['the film s so predictable and just plain detailed ', 'the film s a gaudy bag of stale candy ever made a ', 'the film s so uninspiring that could a taste of the ', 'a movie that so tale about three years ago and lucy ', 'a movie that so of the energy in a of healthy tv s ']","['the film is a primer on its beach with great dialogue ', 'the film s so uninspiring that covers a lot of the ', 'a movie that rare into a man who can t seen it s not ', 'a movie that one would be an intelligent and a movie ', 'the film is a primer on its own and director in its ']","{'predictable': 0.05, 'plain': 0.05, 'detailed': 0.05, 'gaudy': 0.05, 'bag': 0.05}","{'primer': 0.13333333333333333, 'beach': 0.06666666666666667, 'great': 0.06666666666666667, 'dialogue': 0.06666666666666667, 'uninspiring': 0.06666666666666667}",0.06495833396911621
33,sewer rats could watch this movie and be so skeeved out that they d need a shower,0,the film s visceral and predictable realism with a ,1,1,0.9375,"['the film has a number of themes a complex on a good ', 'the film is so of the 70s most of the film s with ', 'a movie that so of the best films like a confidence ', 'the film is a primer on its own it s a of above the ', 'a movie that rare into a man who can t seen it s not ']","['a movie that so of the highest and the most famous ', 'the film is a primer on its own animated tv in which ', 'the film is a primer on its own it feels like a lot ', 'a movie that one would be profane politically the ']","{'number': 0.07692307692307693, 'themes': 0.07692307692307693, 'complex': 0.07692307692307693, 'good': 0.07692307692307693, '70s': 0.07692307692307693}","{'primer': 0.15384615384615385, 'highest': 0.07692307692307693, 'famous': 0.07692307692307693, 'animated': 0.07692307692307693, 'tv': 0.07692307692307693}",0.021445751190185547
34,directed without the expected flair or imagination by hong kong master john woo windtalkers airs just about every cliche in the war movie compendium across its indulgent two hour and fifteen minute length,0,the film has the perfect of s best films the characters ,1,1,0.9629629629629629,"['the film has a laundry cast of war guilt as it is ', 'the film has been a huge fan of human with their children ', 'the film has a laundry exercise in camera that you ', 'the film has an infectious enthusiasm and it s simply ', 'the film has an infectious enthusiasm and it s so ']","['the film has an infectious enthusiasm and the movie ', 'the film is a contrivance as aificial as the movie ', 'the film is too many out to watch for its spirit or ', 'the film has a laundry list of movie largely for the ', 'the film is a contrivance as aificial as the film ']","{'laundry': 0.125, 'infectious': 0.125, 'enthusiasm': 0.125, 'cast': 0.0625, 'war': 0.0625}","{'contrivance': 0.16666666666666666, 'aificial': 0.16666666666666666, 'infectious': 0.08333333333333333, 'enthusiasm': 0.08333333333333333, 'many': 0.08333333333333333}",0.029529333114624023
35,an alternately raucous and sappy ethnic sitcom you d be wise to send your regrets,0,the film s visceral and predictable realism with a ,1,1,0.9814814814814815,"['a movie that one of the best films of the year with ', 'a movie that so of the best films like a fast and ', 'the film has a number of themes a complex on a good ', 'the film is a primer on its own and fills one of america ', 'the film is so of the reassuring manner of a good ']","['a movie that so of the highest and the most famous ', 'the film is a primer on its own animated tv in which ', 'the film is a primer on its own director director ', 'the film is so many of its own in reality tv and his ']","{'one': 0.10526315789473684, 'best': 0.10526315789473684, 'films': 0.10526315789473684, 'good': 0.10526315789473684, 'year': 0.05263157894736842}","{'primer': 0.18181818181818182, 'tv': 0.18181818181818182, 'director': 0.18181818181818182, 'highest': 0.09090909090909091, 'famous': 0.09090909090909091}",0.026179075241088867
36,the best thing that can be said of the picture is that it does have a few cute moments,0,the film is a primer on its own it s a of healthy ,1,1,0.975609756097561,"['the film is a primer on the beach with humor and humor ', 'the film is so of those who try to look away from ', 'the film is so of the best films of the year with ', 'the film is a primer on a movie that should be better ', 'the film has the heavy handed that takes up through ']","['the film is a primer on its own animated tv and in ', 'the film has a contrivance as aificial as the exalted ', 'the film has been in years old but director has been ', 'the film is so many of its own in reality filmmaking ', 'the film is too many or even video it s got a movie ']","{'primer': 0.13333333333333333, 'humor': 0.13333333333333333, 'beach': 0.06666666666666667, 'try': 0.06666666666666667, 'look': 0.06666666666666667}","{'many': 0.125, 'primer': 0.0625, 'animated': 0.0625, 'tv': 0.0625, 'contrivance': 0.0625}",0.02799367904663086
37,jones helps breathe some life into the insubstantial plot but even he is overwhelmed by predictability,0,the film s visceral and predictable realism with a ,1,1,0.9302325581395349,"['the film is a primer on sentence of the film a movie ', 'a movie that one of the best films of the year the ', 'the film is a primer on its own it s a of healthy ', 'the film is a primer on its own it s a rewarding balance ', 'a movie that one of the best films of the situation ']","['the film is a primer on its own animated tv and in ', 'the film is a primer on its own it feels like a lot ', 'the film is so of the 70s games film ever made about ']","{'primer': 0.2, 'one': 0.13333333333333333, 'best': 0.13333333333333333, 'films': 0.13333333333333333, 'sentence': 0.06666666666666667}","{'primer': 0.18181818181818182, 'animated': 0.09090909090909091, 'tv': 0.09090909090909091, 'feels': 0.09090909090909091, 'like': 0.09090909090909091}",0.024834394454956055
38,anyone who suffers through this film deserves at the very least a big box of consolation candy,0,the film s so uninspiring that even a of h blade 2 ,1,1,0.9705882352941176,"['the film has a number of themes a complex on a good ', 'the film s so uninspiring that even a of h blade 2 ', 'the film is so of the best films of the year with ', 'the film is a primer on its own school comedy with ', 'the film has a laundry exercise in camera with and ']","['the film is a primer on sentence of the film a movie ', 'the film is a primer on its own animated tv director ', 'it s a very tasteful rock and roll of the filmmakers ']","{'number': 0.05555555555555555, 'themes': 0.05555555555555555, 'complex': 0.05555555555555555, 'good': 0.05555555555555555, 'uninspiring': 0.05555555555555555}","{'primer': 0.2, 'sentence': 0.1, 'animated': 0.1, 'tv': 0.1, 'director': 0.1}",0.02032756805419922
39,moderately involving despite bargain basement photography and hackneyed romance,0,a film that falls to and satire <end> ,0,0,0.9646017699115044,"['the film s so of the reassuring adaptation of a spring ', 'the film s so predictable and are rolling over the ', 'the film s a gaudy bag of stale candy ever made a ', 'the film s visceral and its indulgent and a very very ', 'the film s so predictable and just plain detailed ']","['the film is a primer on its head and despair about ', 'a movie that so tale about three years and i m what ', 'the film s so of those who can t rescue and anime ', 'the film s so uninspiring that could a giant enterprise ', 'a movie that so of the highest and the most feeling ']","{'predictable': 0.125, 'reassuring': 0.0625, 'adaptation': 0.0625, 'spring': 0.0625, 'rolling': 0.0625}","{'primer': 0.07142857142857142, 'head': 0.07142857142857142, 'despair': 0.07142857142857142, 'tale': 0.07142857142857142, 'three': 0.07142857142857142}",0.1342480182647705
40,it recycles every clich about gays in what is essentially an extended soap opera,0,the film s visceral and predictable realism with a ,1,1,0.9772727272727273,"['the film is a primer on its own in town with action ', 'the film is so of the best films of the year with ', 'it s a very tasteful rock and roll movie you could ', 'the film is a primer on its own school comedy with ', 'a movie that one of the best films of the situation ']","['the film is a primer on its own and fills its characters ', 'the film is a primer on its own director director ', 'a movie that so of the highest and the most famous ']","{'primer': 0.11764705882352941, 'best': 0.11764705882352941, 'films': 0.11764705882352941, 'town': 0.058823529411764705, 'action': 0.058823529411764705}","{'primer': 0.25, 'director': 0.25, 'fills': 0.125, 'characters': 0.125, 'highest': 0.125}",0.023282289505004883
41,hilarious acidic brit comedy,1,a creaky staircase gothic <end> ,0,0,0.9731543624161074,"['the film is a solid album of family and direction ', 'the movie is a mediocre movie movie than a great audience ', 'the film s so anti jokes through off with aging humor ', 'the film s so predictable and are rolling over in ', 'a movie that will enthrall the usual ground and naturalistic ']","['the film s a gaudy bag of a icon that feels <end> ', 'a very funny look at how it s a great raw <end> ', 'the film is a solid album of writers for all over ', 'the film is a recycled and unsentimental look at the ', 'a film that will enthrall the usual ground and delightfully ']","{'solid': 0.058823529411764705, 'album': 0.058823529411764705, 'family': 0.058823529411764705, 'direction': 0.058823529411764705, 'mediocre': 0.058823529411764705}","{'look': 0.1111111111111111, 'gaudy': 0.05555555555555555, 'bag': 0.05555555555555555, 'icon': 0.05555555555555555, 'feels': 0.05555555555555555}",0.1764531135559082
42,sade is an engaging look at the controversial eponymous and fiercely atheistic hero,1,a very funny look at how it used to be <end> ,1,1,0.9649122807017544,"['a movie that rare into the reunion of s a performance ', 'it s a very tasteful to look at it s so devoid of ', 'a movie that rare into the reunion of and the 15 a ', 'a thoughtful movie that one of the most lies in a ', 'the film is so of the 70s it would be adequately emphasized ']","['a movie that so of the highest and the most famous ', 'the film is so of the 70s games film ever made about ', 'the film s a gaudy bag of stale candy ever made a ', 'the film is a primer on its own hollywood director ']","{'rare': 0.125, 'reunion': 0.125, 'performance': 0.0625, 'tasteful': 0.0625, 'look': 0.0625}","{'ever': 0.13333333333333333, 'made': 0.13333333333333333, 'highest': 0.06666666666666667, 'famous': 0.06666666666666667, '70s': 0.06666666666666667}",0.025923967361450195
43,flashy gadgets and whirling fight sequences may look cool but they can t distract from the flawed suppo structure holding equilibrium up,0,the film is a primer on its own it fills a good movie ,0,0,1.0,"['the film is a primer on its own and director michael ', 'the film has a contrivance as aificial as the exalted ', 'the film is so of those films try to be missing it ', 'the film is so many of the time it s so bad that it ', 'the film is a primer on its own animated tv director ']","['the film is so of the 70s it would be adequately emphasized ', 'the film is so of those who try to look away from ', 'the film is a primer on its own it s a rewarding balance ']","{'primer': 0.125, 'director': 0.125, 'michael': 0.0625, 'contrivance': 0.0625, 'aificial': 0.0625}","{'70s': 0.1, 'would': 0.1, 'adequately': 0.1, 'emphasized': 0.1, 'try': 0.1}",0.020940065383911133
44,the audience when i saw this one was chuckling at all the wrong times and that s a bad sign when they re supposed to be having a collective hea attack,0,the film has an infectious enthusiasm and the movie ,1,1,0.9787234042553191,"['the film has all the rules of lurid melodrama into ', 'the film has the perfect characters are not to compromise ', 'the film has an infectious enthusiasm and it s simply ', 'the film has a laundry exercise in camera that you ', 'the film has a laundry cast of human observation are ']","['the film has a laundry exercise in camera work but ', 'the film has all the rules of lurid melodrama but ', 'the film has been a huge that his movie in features ', 'the film has the heavy handed of a house films the ']","{'laundry': 0.125, 'rules': 0.0625, 'lurid': 0.0625, 'melodrama': 0.0625, 'perfect': 0.0625}","{'laundry': 0.07692307692307693, 'exercise': 0.07692307692307693, 'camera': 0.07692307692307693, 'work': 0.07692307692307693, 'rules': 0.07692307692307693}",0.025428056716918945
45,in the spirit of the season i assign one bright shining star to robeo benigni s pinocchio but i guarantee that no wise men will be following after it,0,the film is a contrivance as aificial as the film ,0,0,1.0,"['the film is a primer on the rules of attraction and ', 'the film is too many or even video it s got a movie ', 'the film is a contrivance as aificial as the movie ', 'the film is so of those films try to be missing it ', 'the film is so of those films try to be missing from ']","['the film is so of those who try to look away from ', 'the film is a primer on the beach with humor and humor ', 'the film is so of those films that is a kind of nostalgic ']","{'films': 0.13333333333333333, 'try': 0.13333333333333333, 'missing': 0.13333333333333333, 'primer': 0.06666666666666667, 'rules': 0.06666666666666667}","{'humor': 0.2, 'try': 0.1, 'look': 0.1, 'away': 0.1, 'primer': 0.1}",0.01863408088684082
46,escapism in its purest form,1,a wonderful film based comedy <end> ,1,1,0.9770992366412213,"['a movie that rare into a man who can not always in ', 'the film is a solid album of writers the film is a ', 'a film that so fresh and sugary that could be really ', 'the film is a primer on its own and director in terms ', 'the film s visceral and predictable tale of a icon ']","['the film s visceral and predictable tale of a scrapbook ', 'the film s a gaudy bag of stale candy ever made a ', 'a movie that so tale about being it s not devoid of ', 'the film is a primer on its own and director in its ', 'the film is a primer on its own and director michael ']","{'rare': 0.058823529411764705, 'man': 0.058823529411764705, 'always': 0.058823529411764705, 'solid': 0.058823529411764705, 'album': 0.058823529411764705}","{'tale': 0.11764705882352941, 'primer': 0.11764705882352941, 'director': 0.11764705882352941, 'visceral': 0.058823529411764705, 'predictable': 0.058823529411764705}",0.07033085823059082
47,it s not just the vampires that are damned in queen of the damned the viewers will feel they suffer the same fate,0,the film is a primer on its own director director ,0,0,0.926829268292683,"['the film is a primer on its own director director ', 'the film is so of those films try to be missing it ', 'the film is a primer on sentence of the film a movie ', 'the film is too many out of these or historical moments ', 'the film is so of those films try to be missing from ']","['the film is a primer on its own it s a rewarding balance ', 'the film has a laundry exercise in camera with and ', 'the film is a primer on a movie that should be better ']","{'primer': 0.14285714285714285, 'director': 0.14285714285714285, 'films': 0.14285714285714285, 'try': 0.14285714285714285, 'missing': 0.14285714285714285}","{'primer': 0.25, 'rewarding': 0.125, 'balance': 0.125, 'laundry': 0.125, 'exercise': 0.125}",0.018477678298950195
48,for those who are intrigued by politics of the 70s the film is every bit as fascinating as it is flawed,1,the film is a primer on its own it s a of healthy ,1,1,0.9512195121951219,"['the film is a contrivance as aificial as the movie ', 'the film is a primer on its own it s a of healthy ', 'the film is so of those who try to look at but it ', 'the film is a primer on its own school comedy with ', 'the film is so of those films which is a brand of ']","['the film is so of those films try to be missing from ', 'the film is so of those films try to be missing it ', 'the film is too many out of these or historical moments ', 'the film is a primer on sentence of the film a movie ', 'the film is too many or even through the movie s mid ']","{'primer': 0.18181818181818182, 'contrivance': 0.09090909090909091, 'aificial': 0.09090909090909091, 'healthy': 0.09090909090909091, 'try': 0.09090909090909091}","{'films': 0.14285714285714285, 'try': 0.14285714285714285, 'missing': 0.14285714285714285, 'many': 0.14285714285714285, 'historical': 0.07142857142857142}",0.02710890769958496
49,ah nuld s action hero days might be over,0,a very funny and ultimately felt drama about a <end> ,1,1,0.9722222222222222,"['the film is a primer on its own it fills a strong ', 'a movie that one of the best examples of a page to ', 'the film is a primer on its own and director in its ', 'the film s so uninspiring that could a giant enterprise ', 'the film is so many that time through the film s mid ']","['the film s so uninspiring that could a taste of the ', 'a movie that so of the highest and the most famous ', 'the film is a primer on its own it fills a good movie ', 'the film is a primer on its own and fills his film ', 'the film is a primer on its own it fills a film above ']","{'primer': 0.125, 'fills': 0.0625, 'strong': 0.0625, 'one': 0.0625, 'best': 0.0625}","{'primer': 0.25, 'fills': 0.25, 'uninspiring': 0.08333333333333333, 'could': 0.08333333333333333, 'taste': 0.08333333333333333}",0.041459083557128906
50,broomfield reveals an ironic manifestation of institutionalized slavery that ties a black owned record label with a white empowered police force,1,the film s visceral and predictable realism with a ,1,1,0.9787234042553191,"['the film is so of the 70s it would be adequately emphasized ', 'the film is a primer on its own it fills a strong ', 'a movie that rare into a man who can not always in ', 'the film is so consistently that the impoance of life ', 'it s a very tasteful to look at it s so devoid of ']","['a movie that so of the highest and the most famous ', 'the film is a primer on its own it fills a good movie ', 'the film is a primer on its own and director michael ', 'the film is a primer on its own animated tv director ']","{'70s': 0.0625, 'would': 0.0625, 'adequately': 0.0625, 'emphasized': 0.0625, 'primer': 0.0625}","{'primer': 0.25, 'director': 0.16666666666666666, 'highest': 0.08333333333333333, 'famous': 0.08333333333333333, 'fills': 0.08333333333333333}",0.026261568069458008
51,a compelling french psychological drama examining the encounter of an aloof father and his chilly son after 20 years apa,1,a movie that rare into a man who can not always in ,1,1,0.9574468085106383,"['it s a very tasteful to look at it s john in this ', 'the film is a primer on its own it s a rewarding balance ', 'the film is so of the best films of the year with ', 'the film is a primer on its own school comedy with ', 'the film is a primer on the rules of popularity of ']","['the film is a primer on its own it fills a good movie ', 'the film is a primer on its own animated tv in which ', 'the film is so of the 70s or film in which it s performance ', 'the film is too many or even through the movie s of ', 'the film has a contrivance as aificial as the film ']","{'primer': 0.2, 'tasteful': 0.06666666666666667, 'look': 0.06666666666666667, 'john': 0.06666666666666667, 'rewarding': 0.06666666666666667}","{'primer': 0.16666666666666666, 'fills': 0.08333333333333333, 'good': 0.08333333333333333, 'animated': 0.08333333333333333, 'tv': 0.08333333333333333}",0.0357973575592041
52,what better message than love thyself could young women of any size receive,1,a very funny look at how it grows to be <end> ,1,1,1.0,"['the film is so of the best films of the year with ', 'a movie that one would be an intelligent and a movie ', 'the film is so of the 70s it would be adequately emphasized ', 'a thoughtful movie one of s best and in a performance ', 'a movie that rare into a man who can t seen it s not ']","['the film s a gaudy bag of stale candy ever made a ', 'the film is a primer on its observation and fills ', 'the film is a primer on its own animated tv and in ', 'the film is a primer on its own and fills its characters ']","{'best': 0.11764705882352941, 'one': 0.11764705882352941, 'would': 0.11764705882352941, 'films': 0.058823529411764705, 'year': 0.058823529411764705}","{'primer': 0.2, 'fills': 0.13333333333333333, 'gaudy': 0.06666666666666667, 'bag': 0.06666666666666667, 'stale': 0.06666666666666667}",0.0290529727935791
53,a beguiling slow moving parable about the collision of past and present on a remote seacoast in iran,1,the film s so uninspiring that could a taste of the ,0,0,1.0,"['the film is so many of its own in reality tv and his ', 'the film is a primer on its own and director michael ', 'the film is so many of its own in reality tv in which ', 'the film is a primer on sentence of the film a movie ', 'the film is a primer on its own it fills a good movie ']","['the film is so of the 70s it would be adequately emphasized ', 'the film is a primer on its own it s a of above the ', 'the film is so many that its through the film s mid ', 'it s a very tasteful rock and roll movie you could ']","{'primer': 0.21428571428571427, 'many': 0.14285714285714285, 'reality': 0.14285714285714285, 'tv': 0.14285714285714285, 'director': 0.07142857142857142}","{'70s': 0.09090909090909091, 'would': 0.09090909090909091, 'adequately': 0.09090909090909091, 'emphasized': 0.09090909090909091, 'primer': 0.09090909090909091}",0.024030447006225586
54,you needn t be steeped in 50s sociology pop culture or movie lore to appreciate the emotional depth of haynes work though haynes style apes films from the period its message is not rooted in that decade,1,the movie has the fact of the best examples of a house ,0,0,0.98,"['the movie has been readily dismissed as the pitch ', 'the movie has been readily dismissed as the website ', 'the movie has been in years old but director michael ', 'the film has all the rules of lurid melodrama but ', 'the film has a laundry cast of war guilt as it s so ']","['the film has an infectious enthusiasm and the movie ', 'the film has the perfect of s best and the film s ', 'the film has a laundry cast of war shocomings but ', 'the film has the perfect characters are not to lend ', 'the film has a laundry cast of human comedy is a rewarding ']","{'readily': 0.11764705882352941, 'dismissed': 0.11764705882352941, 'pitch': 0.058823529411764705, 'website': 0.058823529411764705, 'years': 0.058823529411764705}","{'perfect': 0.125, 'laundry': 0.125, 'cast': 0.125, 'infectious': 0.0625, 'enthusiasm': 0.0625}",0.04240560531616211
55,a chronicle not only of one man s quest to be president but of how that man single handedly turned a plane full of hard bitten cynical journalists into what was essentially by campaign s end an extended publicity depament,1,the movie has been a string of ensemble cast but his ,0,0,0.9666666666666667,"['the film has the number of attempts the conflict human ', 'the movie has all the rules of attraction gets which ', 'the movie has been in years old but even as they were ', 'the movie has been more than a fair film but director ', 'the movie has been in this is a movie that it would ']","['the movie has the perfect of s best as a couple of ', 'the film has a laundry cast of war shocomings are ', 'the movie has the fact that the best only life but ', 'the film has a laundry cast of war guilt as it is ', 'the film has an infectious enthusiasm and it doesn ']","{'number': 0.07692307692307693, 'attempts': 0.07692307692307693, 'conflict': 0.07692307692307693, 'human': 0.07692307692307693, 'rules': 0.07692307692307693}","{'best': 0.125, 'laundry': 0.125, 'cast': 0.125, 'war': 0.125, 'perfect': 0.0625}",0.040040016174316406
56,one of the worst movies of the year,0,a very funny look at how it used to be <end> ,1,1,1.0,"['a movie that one would be an intelligent and a lot ', 'a movie that one of the best films of the year the ', 'a movie that so lovingly and present the one of screen ', 'a movie that rare into the reunion of s a performance ', 'a movie that rare into a man who can not always in ']","['the film s a gaudy bag of stale candy ever made a ', 'the film is a primer on its own and fills its message ', 'a movie that so of the highest and the of povey to ', 'a movie that so tale about three years ago and lucy ', 'the film is a primer on its own it fills a good time ']","{'one': 0.16666666666666666, 'rare': 0.1111111111111111, 'would': 0.05555555555555555, 'intelligent': 0.05555555555555555, 'lot': 0.05555555555555555}","{'primer': 0.1, 'fills': 0.1, 'gaudy': 0.05, 'bag': 0.05, 'stale': 0.05}",0.03334999084472656
57,on a ceain base level blue crush delivers what it promises just not well enough to recommend it,0,the film is a primer on its own it fills a good movie ,0,0,0.95,"['the film is so consistently unimaginative that doesn ', 'the film is too many or even video it fills john in ', 'the film is too many out of these or historical moments ', 'the film has a contrivance as aificial as the exalted ', 'the film is a contrivance as aificial as the film ']","['the film is a primer on its own it s a rewarding balance ', 'the film is a primer on the film s delicate little ', 'the film is a primer on its own it s a of healthy ']","{'many': 0.13333333333333333, 'contrivance': 0.13333333333333333, 'aificial': 0.13333333333333333, 'consistently': 0.06666666666666667, 'unimaginative': 0.06666666666666667}","{'primer': 0.375, 'rewarding': 0.125, 'balance': 0.125, 'delicate': 0.125, 'little': 0.125}",0.019716978073120117
58,frailty offers chills much like those that you get when sitting around a campfire around midnight telling creepy stories to give each other the willies and there s no way you won t be talking about the film once you exit the theater,1,the movie has a laundry of a movie that tries to be ,0,0,0.9846153846153847,"['the movie has been in years old but director michael ', 'the movie has been in years old but even as a movie ', 'the movie has all the rules of attraction gets which ', 'the movie has been in this history but director michael ', 'the movie has a laundry of a movie that tries to be ']","['the movie has been in reno history a few of his film ', 'the movie has a laundry of a movie that you can hear ', 'the film has the perfect of s best as a couple of ', 'the movie has been a huge that we re in other but ', 'the movie has been in this is that rare drama that ']","{'years': 0.13333333333333333, 'old': 0.13333333333333333, 'director': 0.13333333333333333, 'michael': 0.13333333333333333, 'even': 0.06666666666666667}","{'reno': 0.1, 'history': 0.1, 'laundry': 0.1, 'hear': 0.1, 'perfect': 0.1}",0.0438230037689209
59,an exhilarating serving of movie fluff,1,a half assed film <end> ,1,1,0.972027972027972,"['the film is a solid album of grace and direction over ', 'the film is a primer on its own and director in years ', 'a very funny look at how it used to be good <end> ', 'the film is a solid and unsentimental tale than the ', 'the film is a recycled and affection thriller that ']","['a movie that tries to the usual woods but winds up ', 'the film is a primer on its own his director and direction ', 'the film is a primer on sentence of the film a movie ', 'the film is a primer on its own his director at its ', 'a movie that one would have been exhausted by someone ']","{'solid': 0.11764705882352941, 'album': 0.058823529411764705, 'grace': 0.058823529411764705, 'direction': 0.058823529411764705, 'primer': 0.058823529411764705}","{'primer': 0.2, 'director': 0.13333333333333333, 'tries': 0.06666666666666667, 'usual': 0.06666666666666667, 'woods': 0.06666666666666667}",0.07280540466308594
60,so clich d that at one point they literally upset an apple ca,0,a very funny look at how it used to be <end> ,1,1,0.9516129032258065,"['a very funny look at how it used to be <end> ', 'a movie that one of the best examples of a situation ', 'the film is a primer on its own it fills a strong ', 'the film is a primer on its own it s a of above its ', 'the film is a solid album of family and direction ']","['a movie that so of the energy and in the central relationship ', 'the film s so uninspiring that could a taste of the ', 'the film is a primer on its own and fills one of visual ', 'the film is a primer on its own and fills one of age ', 'the film is a primer on its own it fills a good movie ']","{'primer': 0.13333333333333333, 'funny': 0.06666666666666667, 'look': 0.06666666666666667, 'used': 0.06666666666666667, 'one': 0.06666666666666667}","{'primer': 0.17647058823529413, 'fills': 0.17647058823529413, 'one': 0.11764705882352941, 'energy': 0.058823529411764705, 'central': 0.058823529411764705}",0.03222250938415527
61,the piano teacher is not an easy film it forces you to watch people doing unpleasant things to each other and themselves and it maintains a cool distance from its material that is deliberately unsettling,1,the film has the number of s a remarkably listless ,0,0,0.9811320754716981,"['the film has a laundry cast of human business but ', 'the film has the heavy handed of a house ambition ', 'the film has all the rules of lurid melodrama but ', 'the film has an infectious enthusiasm and it s altman ', 'the film has a laundry cast of war guilt as it s so ']","['the film has an infectious enthusiasm and it doesn ', 'the film has an infectious enthusiasm and the movie ', 'the film has an infectious enthusiasm and it s so ', 'the film has the perfect of s best films the characters ', 'the film has been a huge that his movie in stua is ']","{'laundry': 0.1111111111111111, 'cast': 0.1111111111111111, 'human': 0.05555555555555555, 'business': 0.05555555555555555, 'heavy': 0.05555555555555555}","{'infectious': 0.25, 'enthusiasm': 0.25, 'perfect': 0.08333333333333333, 'best': 0.08333333333333333, 'films': 0.08333333333333333}",0.04679441452026367
62,friday after next is a lot more bluster than bite,0,a film that loses sight of a chick story <end> ,0,0,0.963855421686747,"['the film s a gaudy bag of stale candy ever made a ', 'the film is a gaudy bag of stale candy their to their ', 'the film s visceral and its indulgent and a very very ', 'the film is a primer on its own his director in its ', 'the film s so uninspiring that could a gorgeously ']","['the film s visceral and predictable realism with a ', 'the film is a primer on its own and director in terms ', 'the film s so uninspiring that could a long and in ', 'the film s so uninspiring that even a of h blade 2 ', 'the film is a primer on its own it fills a strong ']","{'gaudy': 0.11764705882352941, 'bag': 0.11764705882352941, 'stale': 0.11764705882352941, 'candy': 0.11764705882352941, 'ever': 0.058823529411764705}","{'primer': 0.11764705882352941, 'uninspiring': 0.11764705882352941, 'visceral': 0.058823529411764705, 'predictable': 0.058823529411764705, 'realism': 0.058823529411764705}",0.06913375854492188
63,stuffed to the brim with ideas american instigator michael moore s film is a rambling examination of american gun culture that uses his usual modus operandi of crucifixion through juxtaposition,1,the film is a primer on its own director director ,0,0,0.9512195121951219,"['the film is so many of the time it s so bad that it ', 'the film is a contrivance as aificial as the film ', 'the film is a primer on its own time director peter ', 'the film is a primer on its own hollywood director ', 'the film is so of those films try to be worrying about ']","['the film is so consistently that the impoance of life ', 'the film is a primer on the beach with humor and humor ', 'the film is so of the best films of the year with ']","{'time': 0.13333333333333333, 'primer': 0.13333333333333333, 'director': 0.13333333333333333, 'many': 0.06666666666666667, 'bad': 0.06666666666666667}","{'humor': 0.2, 'consistently': 0.1, 'impoance': 0.1, 'life': 0.1, 'primer': 0.1}",0.020737648010253906
64,it s so devoid of joy and energy it makes even jason x look positively shakesperean by comparison,0,a movie that rare into a man who can not always in ,1,1,0.9714285714285714,"['the film is a primer on the beach with humor and humor ', 'the film is so of the best films of the year with ', 'the film has been in years old but director has a ', 'the film is a primer on its own it s a of above the ', 'it s a very tasteful to look at it s john in this ']","['the film is a primer on sentence of the film a movie ', 'the film is so many of its own in reality tv in which ', 'the film is too many or even through the movie s of ']","{'primer': 0.14285714285714285, 'humor': 0.14285714285714285, 'beach': 0.07142857142857142, 'best': 0.07142857142857142, 'films': 0.07142857142857142}","{'many': 0.2857142857142857, 'primer': 0.14285714285714285, 'sentence': 0.14285714285714285, 'reality': 0.14285714285714285, 'tv': 0.14285714285714285}",0.02402329444885254
65,if there s nothing fresh about wannabes which was written by mr demeo who produced and directed the film with charles a addessi much of the time the movie feels authentic,1,the film has the perfect characters are not much of ,1,1,1.0,"['the film has been in years with their characters and ', 'the film has a laundry cast of human observation and ', 'the film has an infectious enthusiasm and we re touched ', 'the film is so of the best films of the year with ', 'the film has an infectious enthusiasm and it doesn ']","['the film is too many out to watch for its spirit or ', 'the film has a laundry list of movie largely for the ', 'the film has a laundry exercise in camera with action ', 'the film is so consistently unimaginative that doesn ', 'the film is too many or even think the movie s background ']","{'infectious': 0.14285714285714285, 'enthusiasm': 0.14285714285714285, 'years': 0.07142857142857142, 'characters': 0.07142857142857142, 'laundry': 0.07142857142857142}","{'many': 0.125, 'laundry': 0.125, 'watch': 0.0625, 'spirit': 0.0625, 'list': 0.0625}",0.029509305953979492
66,a comprehensive and provocative film one that pushes the boundaries of biography and challenges its audience,1,the film s visceral and predictable realism with a ,1,1,0.9555555555555556,"['the film is so of the best films of the year with ', 'the film is a primer on its own and fills one of america ', 'it s a very tasteful rock and roll movie you can imagine ', 'the film has a laundry exercise in camera and that ', 'the film is a primer on its own it s a rewarding balance ']","['a movie that so tale about three years ago and lucy ', 'the film is a primer on its own animated tv in which ', 'the film is a primer on its own and fills its characters ', 'the film is a primer on its own hollywood director ']","{'primer': 0.11764705882352941, 'best': 0.058823529411764705, 'films': 0.058823529411764705, 'year': 0.058823529411764705, 'fills': 0.058823529411764705}","{'primer': 0.21428571428571427, 'tale': 0.07142857142857142, 'three': 0.07142857142857142, 'years': 0.07142857142857142, 'ago': 0.07142857142857142}",0.021975040435791016
67,a modest masterpiece,1,a creaky staircase gothic <end> ,0,0,0.9801324503311258,"['a movie that will enthrall the whole thing over too ', 'the movie s blatant is so much of its own way <end> ', 'the film s so of the reassuring adaptation of a spring ', 'the film s blatant is one reason it s just too long ', 'the movie is a mediocre movie tale about a good time ']","['the film s blatant is so good but it s a recommendation ', 'the movie is more than a technical than in its scrapbook ', 'the film s what is so of the most films <end> ', 'the film tunes into a grief that its hea and man s ', 'the film is a searing album of the most of a chick ']","{'blatant': 0.11764705882352941, 'enthrall': 0.058823529411764705, 'whole': 0.058823529411764705, 'thing': 0.058823529411764705, 'much': 0.058823529411764705}","{'blatant': 0.07692307692307693, 'good': 0.07692307692307693, 'recommendation': 0.07692307692307693, 'technical': 0.07692307692307693, 'scrapbook': 0.07692307692307693}",0.17895793914794922
68,the setting is so cool that it chills the characters reducing our emotional stake in the outcome of intacto s dangerous and seductively stylish game,1,the film is a primer on its own it s a of healthy ,1,1,0.9444444444444444,"['the film has a laundry exercise in camera work but ', 'the film is a primer on its own it s a rewarding balance ', 'the film is a primer on a movie that should be better ', 'the film has the heavy handed that takes up through ', 'the film has a laundry exercise in camera and that ']","['the film has a contrivance as aificial as the exalted ', 'the film is a primer on its own director director ', 'the film is a contrivance as aificial as the film ', 'the film is a contrivance as aificial as the movie ']","{'laundry': 0.13333333333333333, 'exercise': 0.13333333333333333, 'camera': 0.13333333333333333, 'primer': 0.13333333333333333, 'work': 0.06666666666666667}","{'contrivance': 0.3, 'aificial': 0.3, 'director': 0.2, 'exalted': 0.1, 'primer': 0.1}",0.023391008377075195
69,for the first time in years de niro digs deep emotionally perhaps because he s been stirred by the powerful work of his co stars,1,the film is a primer on its own director director ,0,0,0.9722222222222222,"['the film is too many or even through the movie s mid ', 'the film is a contrivance as aificial as the film ', 'the film is a contrivance as aificial as the movie ', 'the film is so many of the time it s so bad that it ', 'the film is a primer on its own director director ']","['the film is a primer on the beach with humor and american ', 'the film is a primer on its own school comedy with ', 'the film is so of those who try to video dvd for bringing ']","{'many': 0.15384615384615385, 'contrivance': 0.15384615384615385, 'aificial': 0.15384615384615385, 'director': 0.15384615384615385, 'even': 0.07692307692307693}","{'primer': 0.18181818181818182, 'beach': 0.09090909090909091, 'humor': 0.09090909090909091, 'american': 0.09090909090909091, 'school': 0.09090909090909091}",0.01668548583984375
70,a deliberative account of a lifestyle characterized by its surface obsession one that typifies the delirium of post pre and extant stardom,1,the film s so of the reassuring adaptation of a with ,1,1,0.9318181818181818,"['the film is a primer on the film s delicate little ', 'it s a very tasteful rock and roll movie you could ', 'the film is a primer on its own it s a rewarding balance ', 'the film has a number of themes a complex on a good ', 'the film is a primer on its own it s a of above the ']","['it s a kind of movie that is a good one joke in its ', 'the film is a primer on its own it feels like a lot ', 'the film is a primer on its own animated tv and in ', 'the film is a primer on its own animated tv director ', 'the film is a primer on its own animated tv in which ']","{'primer': 0.2, 'delicate': 0.06666666666666667, 'little': 0.06666666666666667, 'tasteful': 0.06666666666666667, 'rock': 0.06666666666666667}","{'primer': 0.2222222222222222, 'animated': 0.16666666666666666, 'tv': 0.16666666666666666, 'kind': 0.05555555555555555, 'good': 0.05555555555555555}",0.025681734085083008
71,we never feel anything for these characters and as a result the film is basically just a curiosity,0,a movie that so lovingly and present the one of screen ,1,1,0.9772727272727273,"['a movie that so lovingly and present the one of screen ', 'the film is so of those who try to look away from ', 'the film is a primer on the film s delicate little ', 'the film is a primer on the beach with humor and humor ', 'the film is so of those who try to look at but it ']","['the film is a primer on its own it fills a good movie ', 'the film is so many of its own in reality tv in which ', 'the film is a primer on its own time director peter ', 'the film is so of the 70s it would be better than ', 'the film is so many of its own in reality filmmaking ']","{'try': 0.125, 'look': 0.125, 'primer': 0.125, 'humor': 0.125, 'lovingly': 0.0625}","{'primer': 0.125, 'many': 0.125, 'reality': 0.125, 'fills': 0.0625, 'good': 0.0625}",0.029262304306030273
72,ceainly the performances are wohwhile,1,a film that falls to and creative <end> ,1,1,0.9523809523809523,"['the film is a primer on its own and director in america ', 'the film is a primer on its own and fills one of america ', 'the film is a primer on its own in town with sensitivity ', 'a thoughtful movie one of s best and in a way that ', 'the film s so of those who can t rescue and anime ']","['the film s so uninspiring that could a taste of the ', 'a movie that so of the highest and the most famous ', 'the film is a primer on its own and director director ', 'a movie that so fresh and thoroughly but el is bad ', 'a movie that rare film about every to u s career to ']","{'primer': 0.1875, 'america': 0.125, 'one': 0.125, 'director': 0.0625, 'fills': 0.0625}","{'director': 0.125, 'uninspiring': 0.0625, 'could': 0.0625, 'taste': 0.0625, 'highest': 0.0625}",0.040509700775146484
73,rubbo runs through a remarkable amount of material in the film s sho 90 minutes,1,the film s a gaudy bag of stale candy ever made a ,0,0,0.9736842105263158,"['the film is a primer on its own it fills a good movie ', 'the film is a primer on sentence of the film a movie ', 'the film is a primer on its own animated tv and in ', 'the film is so many that time audiences it would have ', 'the film is a primer on its own animated tv in which ']","['the film is a primer on its own it s a of above the ', 'it s a very tasteful rock and roll movie you can imagine ', 'a movie that so of the best films like a confidence ', 'the film is so of the 70s it would be adequately emphasized ']","{'primer': 0.26666666666666666, 'animated': 0.13333333333333333, 'tv': 0.13333333333333333, 'fills': 0.06666666666666667, 'good': 0.06666666666666667}","{'primer': 0.07692307692307693, 'tasteful': 0.07692307692307693, 'rock': 0.07692307692307693, 'roll': 0.07692307692307693, 'imagine': 0.07692307692307693}",0.027043581008911133
74,a damn fine and a truly distinctive and a deeply peinent film,1,the film s blatant is one reason it s just too long ,0,0,0.9836065573770492,"['the film s so uninspiring that could a taste of the ', 'a movie that so of the highest and the most famous ', 'the film is a primer on its own and fills his director ', 'a movie that rare into the reunion of and the only ', 'a movie that one would be profane politically the ']","['the film is a primer on its own in town with sensitivity ', 'a movie that one of the best films of the situation ', 'a thoughtful movie one of s best and in which so many ', 'a thoughtful movie one of s best and in a low key ', 'the film is so of the 70s it would be adequately emphasized ']","{'uninspiring': 0.07142857142857142, 'could': 0.07142857142857142, 'taste': 0.07142857142857142, 'highest': 0.07142857142857142, 'famous': 0.07142857142857142}","{'one': 0.15, 'best': 0.15, 'thoughtful': 0.1, 'primer': 0.05, 'town': 0.05}",0.04802417755126953
