,target instance,closest counterfactual,runtime,dataset_name,text_method,model_name,vectorizer,not find,closest_counterfactual \stopword,closest_true_instance,closest_similaritys,distance cf target,distance counterfactual target instance lev,distance counterfactual target instance bert,distance counterfactual closest_true_instance lev,distance counterfactual closest_true_instance bert
0,a dream that survived life in a war zone and life on the streets - the new york times,a harmony that survived life in a war libby and life on the streets - the new york times,29.8011052608,fake,counterfactualgan,dnn_256,,18,harmony survive life war libby life street new york time,jew shielder gavin mccuck rekt jew hate female shitlord,0.1824812567956288,0.9837140171533328,2,0.6966454982757568,19,0.1824667155742645
1,detect negative energies and malicious entities haunting you with a glass of water,- maryland cork and how nightclub frontman you with a predators of water,29.8011052608,fake,counterfactualgan,dnn_256,,41,maryland cork nightclub frontman predator water,gorka smite hater radical islamist jerusalem post speech breitbart,0.1589469821195844,0.7911435521920955,7,0.37397369742393494,13,0.1093742549419403
2,jury to weigh if pulse shooter ’ s widow is a monster or just married one,kenya tobro if plants shooter ’ s home is a directing or just fiery one,29.8011052608,fake,counterfactualgan,dnn_256,,41,kenya tobro plant shooter s home directing fiery,gwen stefani superfan beat gwen stefani gwen stefani quiz,0.0931260600000833,0.9034234536485718,7,0.2743338346481323,15,-0.0521221458911895
3,getty mixed up mark zuckerberg' s executive assistant with priscilla chan,gettine assistants up mark zuckerberg' s executive assistant with hillary chan,29.8011052608,fake,counterfactualgan,dnn_256,,42,gettine assistant mark zuckerberg s executive assistant hillary chan,gwen stefani superfan beat gwen stefani gwen stefani quiz,0.2321506204741931,0.9185163423839696,3,0.8103762269020081,11,0.040008570998907
4,a saucy meme made 41 - year - old fleetwood mac song' dreams' climb the charts,a intends stirredy meme madeagi - year - old' mac song' creating' ' the times,29.8011052608,fake,counterfactualgan,dnn_256,,42,intend stirredy meme madeagi year old mac song create time,gwen stefani superfan beat gwen stefani gwen stefani quiz,0.0696580942644019,0.9115857332161248,9,0.6073180437088013,15,0.1704885810613632
5,"civil rights groups sue missouri, saying it' s failing to automatically update voter records","civil rights groups sue to, saying it' s wade to' update voter times",29.8011052608,fake,counterfactualgan,dnn_256,,43,civil right group sue say s wade update voter time,gwen stefani superfan beat gwen stefani gwen stefani quiz,0.055467489296738,0.9552513789975912,5,0.7407543659210205,13,-0.1728813201189041
6,‘ empire records ’ actor says there ’ s a huge nod to kurt cobain in the film,‘el times ’ actor says there ’ s a ns nod totling co beings in the film,29.8011052608,fake,counterfactualgan,dnn_256,,48,el time actor say s ns nod totle co being film,gwen stefani superfan beat gwen stefani gwen stefani quiz,0.076488496301001,0.9187880144868168,7,0.561151385307312,17,0.108295552432537
7,publix censors teen' s' summa cum laude' graduation cake,pub triesx ce bans teen' s' ace a confronts -'lines times,29.8011052608,fake,counterfactualgan,dnn_256,,53,pub triesx ce ban teen s ace confront -'lines time,gwen stefani superfan beat gwen stefani gwen stefani quiz,0.143494761040637,0.6937561168506423,9,0.39615774154663086,11,0.0637441202998161
8,black americans going for donald trump in record numbers as election day approaches,black americans going for donald trump in record woman as election dayve,29.8011052608,fake,counterfactualgan,dnn_256,,61,black american go donald trump record woman election dayve,jew shielder gavin mccuck rekt jew hate female shitlord,0.3465371156840381,0.9617340266202072,3,0.863508939743042,12,0.1282856613397598
9,unreal report: pm modi trolls one and all with his surgical strike on black money,un mcconnell report: pm hardlyi trolls one and all with his mccarthy strike on black money,29.8011052608,fake,counterfactualgan,dnn_256,,65,un mcconnell report pm hardlyi troll mccarthy strike black money,jew shielder gavin mccuck rekt jew hate female shitlord,0.2589898747520669,0.9407089415132932,4,0.7312266826629639,16,0.2708528339862823
10,"cyrus mistry speaks out, says tata removal didn ’ t hurt as much as punny headlines on it","fancy christine stump det out, says for colton didn ’ t hurt as much as programmerny fled on it",29.8011052608,fake,counterfactualgan,dnn_256,,67,fancy christine stump det say colton didn t hurt programmerny flee,wikileak obama saudi agent,0.2733328888424874,0.8930852690817195,8,0.36751097440719604,19,-0.0735226869583129
11,"trump called edward snowden a traitor, implied he should be executed","trump called simon snow, a briefly, had he should be takes",29.8011052608,fake,counterfactualgan,dnn_256,,69,trump call simon snow briefly take,jew shielder gavin mccuck rekt jew hate female shitlord,0.1795489954057793,0.8424613471586272,5,0.535125732421875,11,0.0682580098509788
12,more muslim animal abuse: palestinians film themselves stoning a hyena to death using cement blocks and large stones,"more muslimsett abuse: ac film, st macy a hyena to death usingland watching and enthusiast'",29.8011052608,fake,counterfactualgan,dnn_256,,75,muslimsett abuse ac film st macy hyena death usingland watching enthusiast,jew shielder gavin mccuck rekt jew hate female shitlord,0.2399387753787263,0.8030977783903075,11,0.618166983127594,15,0.3050249218940735
13,migrant caravan reaches the u . s . border,##uh caravan bit the u . s . border,29.8011052608,fake,counterfactualgan,dnn_256,,79,uh caravan bit u s border,gorka smite hater radical islamist jerusalem post speech breitbart,0.1570699356883734,0.8262961533508576,2,0.726479709148407,9,0.0996961593627929
14,michael hudson on meet the renegades,michael star on met the brutals,29.8011052608,fake,counterfactualgan,dnn_256,,81,michael star meet brutal,gorka smite hater radical islamist jerusalem post speech breitbart,0.1861042160485185,0.7910412082321969,3,0.5223696827888489,9,0.1069723516702652
15,russian u . n . envoy: u . s . missile strikes an ’ act of aggression ’ that will strengthen terrorism - breitbart,russian u . n . authorization: u . s .,29.8011052608,fake,counterfactualgan,dnn_256,,86,russian u n authorization u s,gorka smite hater radical islamist jerusalem post speech breitbart,0.1908731290933638,0.8394808899056152,15,0.48341724276542664,10,0.161317691206932
16,sarah silverman sees no reason why louis c . k . can' t continue being an artist,sarah pythonman sees norra why times c . k . can' t continue being an ho,29.8011052608,fake,counterfactualgan,dnn_256,,108,sarah pythonman see norra time c k t continue ho,gwen stefani superfan beat gwen stefani gwen stefani quiz,0.1493146598868641,0.94352087727321,5,0.43125730752944946,16,0.2107161432504654
17,why success comes in waves · guardian liberty voice,why lo comes in a bohemian prosecutors star voice,29.8011052608,fake,counterfactualgan,dnn_256,,119,lo come bohemian prosecutor star voice,wikileak obama saudi agent,0.2603734891321127,0.8050909099426438,5,0.32337576150894165,9,0.1658121049404144
18,"mark hamill weds sheldon and amy on' big bang theory ,' fans geek out","mark oftenill ns as and amy on' big bowl theory ,' fans; out",29.8011052608,fake,counterfactualgan,dnn_256,,126,mark oftenill ns amy big bowl theory fan,gwen stefani superfan beat gwen stefani gwen stefani quiz,0.1182186307371082,0.8690309332300532,6,0.4714062213897705,13,0.0547284632921218
19,increasing sentience,stormy .ani,29.8011052608,fake,counterfactualgan,dnn_256,,132,stormy .ani,representative government thugocracy,0.0718978246077645,0.1026865669743762,2,0.2444709837436676,3,0.0853427574038505
20,colin kaepernick just started a black panther - inspired youth camp to teach kids to fight oppression,funeral kaepern rivalry just started a black panther -han detroit about to teach to fighthir,29.8011052608,fake,counterfactualgan,dnn_256,,132,funeral kaepern rivalry start black panther -han detroit teach fighthir,wikileak obama saudi agent,0.2742125661272533,0.8966503738230988,10,0.5879771709442139,15,-0.0678114742040634
21,"supreme court' s cake case could set america back 50 years, activists warn","supreme court' s' case could set america back biting years, activists they",29.8011052608,fake,counterfactualgan,dnn_256,,145,supreme court s case set america bite year activist,gwen stefani superfan beat gwen stefani gwen stefani quiz,0.0626468592699428,0.96825919967284,4,0.637557864189148,12,-0.0241243317723274
22,bundy brothers and ‘ co - conspirators ’ acquitted in oregon — but the saga isn ’ t over yet,bundy times and ‘ co - cons fittingenia ’ produce in oregon — but the n isn ’ t over yet,29.8011052608,fake,counterfactualgan,dnn_256,,152,bundy time co con fittingenia produce oregon n isn t,gwen stefani superfan beat gwen stefani gwen stefani quiz,0.146408895894112,0.9238781365387844,5,0.4560997784137726,21,-0.0969769954681396
23,"in the first 19 days of october, trump gave just $31k to his own campaign","in the first 250 days of book, trump gives just $trumpk to his own campaign",29.8011052608,fake,counterfactualgan,dnn_256,,155,250 day book trump give $ trumpk campaign,jew shielder gavin mccuck rekt jew hate female shitlord,0.0369863338179811,0.9590530514046672,4,0.7429174184799194,15,-0.0343119017779827
24,8 stats that prove social anxiety needs to be taken seriously,rockets declare that front social customer needs to be take turns,29.8011052608,fake,counterfactualgan,dnn_256,,175,rocket declare social customer need turn,gwen stefani superfan beat gwen stefani gwen stefani quiz,0.0139355291210015,0.9026741729837348,6,0.17664209008216858,11,0.0256457906216382
25,celine dion and deadpool have strong creative disagreements in their new music video,"', and deadpool have' extension assessment in their new music video",29.8011052608,fake,counterfactualgan,dnn_256,,182,deadpool extension assessment new music video,gwen stefani superfan beat gwen stefani gwen stefani quiz,0.0746634601658002,0.8112319648386805,6,0.41792672872543335,11,0.055611278861761
26,nasa aircraft spots mysterious circles in remote arctic sea ice,valentine hurt remain claireς inuri remarkable sea ice,29.8011052608,fake,counterfactualgan,dnn_256,,183,valentine hurt remain claireς inuri remarkable sea ice,gwen stefani superfan beat gwen stefani gwen stefani quiz,0.1514451438110213,0.7833157378439802,8,0.2735227942466736,9,0.0210281740874052
27,virginia gov . terry mcauliffe stands with planned parenthood,eats gov . x throwuli retreat stands with planned' security,29.8011052608,fake,counterfactualgan,dnn_256,,185,eat gov x throwuli retreat stand plan security,jew shielder gavin mccuck rekt jew hate female shitlord,0.1253699277374,0.6516435266594888,6,0.23723460733890533,10,0.1129665821790695
28,trump claims without evidence that millions of people are voting illegally in california,trump claims without evidence that millions of people are voting times in california,29.8011052608,fake,counterfactualgan,dnn_256,,196,trump claim evidence million people vote time california,gwen stefani superfan beat gwen stefani gwen stefani quiz,0.0670405788027709,0.985199392804078,1,0.8609788417816162,13,-0.0127474265173077
29,here' s a poll trump won' t tweet: he finished behind obama in' most admired' survey,here' s a poll trump won' t tweet: he experienced behind obama in' mostital' behalf,29.8011052608,fake,counterfactualgan,dnn_256,,208,s poll trump win t tweet experience obama mostital behalf,gwen stefani superfan beat gwen stefani gwen stefani quiz,0.0804551120993666,0.9801647154405112,4,0.8736379742622375,15,-0.0634678527712822
30,clinton insider confesses: trump protests are just more pre - paid “ soros riots ” to stir unrest,clinton seth pass: trump protests are just more pre - paid “ so timess ” to believes emissions,29.8011052608,fake,counterfactualgan,dnn_256,,218,clinton seth pass trump protest pre pay timess believe emission,jew shielder gavin mccuck rekt jew hate female shitlord,0.2096083871530292,0.8782058795803459,6,0.7136938571929932,18,-0.0099197058007121
31,death of alton sterling' s cousin a' homicide': coroner,death of powers clinton' s' a'yat' :',29.8011052608,fake,counterfactualgan,dnn_256,,218,death power clinton s a'yat,gwen stefani superfan beat gwen stefani gwen stefani quiz,0.0354624685287701,0.8634278028652239,7,0.24841198325157166,9,0.0749098062515258
32,anti - queer pastor claims trump really likes his conservative bible studies,anti - queer director claims trump really spy his conservative times fate,29.8011052608,fake,counterfactualgan,dnn_256,,219,anti queer director claim trump spy conservative time fate,gwen stefani superfan beat gwen stefani gwen stefani quiz,0.12678572439597,0.905689038345386,4,0.3877197504043579,12,0.0432939641177654
33,andrew mccabe oversaw criminal investigation of jeff sessions,andrew mcc games baldwin criminal investigation of jeff sessions,29.8011052608,fake,counterfactualgan,dnn_256,,227,andrew mcc game baldwin criminal investigation jeff session,gwen stefani superfan beat gwen stefani gwen stefani quiz,0.2735221591266825,0.8892463896875641,3,0.773734450340271,9,-0.027271956205368
34,meghan mccain takes a swipe at white house after aide mocks her father' s cancer,datehan mccain takes a hillary br at white house after aideigs her father' s cancer,29.8011052608,fake,counterfactualgan,dnn_256,,234,datehan mccain take hillary br white house aideig father s cancer,gwen stefani superfan beat gwen stefani gwen stefani quiz,0.1934478420581317,0.9538354302559762,5,0.6124792695045471,15,-0.0103477342054247
35,liberals explode with vitriol as #notmysuperbowlchamps trends on social media - breitbart,aisle chilling with new tool as #not law nsper detainees employee kim shared on social media - breitbart,29.8011052608,fake,counterfactualgan,dnn_256,,247,aisle chill new tool law nsper detainee employee kim share social medium breitbart,jew shielder gavin mccuck rekt jew hate female shitlord,0.1942151192824897,0.8258150289203211,11,0.30564260482788086,18,0.1646957695484161
36,' glee' star kevin mchale comes out by the power of ariana grande,' forget' star to mc' comes out by the power of statenague,29.8011052608,fake,counterfactualgan,dnn_256,,251,forget star mc come power statenague,gwen stefani superfan beat gwen stefani gwen stefani quiz,0.0644196130986586,0.8314156920428409,5,0.40803512930870056,12,0.1792526245117187
37,"hbo says it corrected its pay gaps, thanks to reese witherspoon and time' s up","hillary says it turks its pay', london to times witherssyn and time' s up",29.8011052608,fake,counterfactualgan,dnn_256,,261,hillary say turk pay london time witherssyn time s,gwen stefani superfan beat gwen stefani gwen stefani quiz,0.1374094648606188,0.9087696626790912,7,0.35704511404037476,14,0.088388480246067
38,airbnb arbitration clause upheld by d . c . judge,air:b smokingbro victims by d . c . judge,29.8011052608,fake,counterfactualgan,dnn_256,,263,air b smokingbro victim d c judge,jew shielder gavin mccuck rekt jew hate female shitlord,0.1261314349882701,0.7759592353759454,4,0.32278764247894287,9,0.1267427653074264
39,‘ 13 reasons why ’ started a conversation . who ’ s responsible for finishing it?,‘ 13 reasons why ’ started a public . who ’ s james for concerned it?,29.8011052608,fake,counterfactualgan,dnn_256,,269,13 reason start public s jame concerned,gwen stefani superfan beat gwen stefani gwen stefani quiz,0.0932683313753763,0.9731377297614482,3,0.5612385869026184,16,-0.0040584914386272
40,trump store' s attempt to troll jimmy kimmel over chinese merch goes very wrong,trumpers' s,29.8011052608,fake,counterfactualgan,dnn_256,,269,trumper s,gwen stefani superfan beat gwen stefani gwen stefani quiz,-0.0218808720034734,0.4880914463153173,13,0.21910157799720764,9,-0.0349232666194438
41,cops arrest 2 black men sitting in starbucks for' trespassing': video,cops arrested 2 black men' in acid for' stabbed remarkableing': video,29.8011052608,fake,counterfactualgan,dnn_256,,275,cop arrest 2 black man acid stab remarkableing video,gwen stefani superfan beat gwen stefani gwen stefani quiz,0.0659851229628502,0.9322789155353816,6,0.5589733123779297,11,-0.1108237728476524
42,"rush limbaugh vividly describes alleged trump pee tape, then says it' s all fake","attemptgseitill relationshiplyital alleged trump times tape, then says it' s all fake",29.8011052608,fake,counterfactualgan,dnn_256,,276,attemptgseitill relationshiplyital allege trump time tape say s fake,gwen stefani superfan beat gwen stefani gwen stefani quiz,0.1239934924928202,0.9340430291857648,5,0.8094916343688965,12,0.0106673156842589
43,2 ministers are trying to revive the campaign to end poverty that mlk started,2 peel are trying to hits the campaign to end nice that zerok started,29.8011052608,fake,counterfactualgan,dnn_256,,276,2 peel try hit campaign end nice zerok start,gwen stefani superfan beat gwen stefani gwen stefani quiz,0.0402792061083209,0.901835800756416,4,0.27045872807502747,14,-0.0523886531591415
44,moscow downplays spain ’ s refusal to let russian warship refuel in ceuta,##b downwritings russia ’ s remarkable to let russian nothing cow with in cefle,29.8011052608,fake,counterfactualgan,dnn_256,,276,b downwriting russia s remarkable let russian cow cefle,gorka smite hater radical islamist jerusalem post speech breitbart,0.2175020461058582,0.6254107972969818,8,0.533871054649353,14,0.2318481057882309
45,giuliani keeps backpedaling on cohen comments :' i ’ m not an expert on the facts ’,giuliani nato back' arab on cohen comments :' i ’ m not an expert on the parents ’,29.8011052608,fake,counterfactualgan,dnn_256,,276,giuliani nato arab cohen comment m expert parent,gwen stefani superfan beat gwen stefani gwen stefani quiz,0.165170789260813,0.9454229988355112,4,0.6289851069450378,18,0.0753803327679634
46,it ’ s true: someone is trying to intimidate voters at the polls (video),it ’ s true: someone is trying to clerk in they voters at the confession (video),29.8011052608,fake,counterfactualgan,dnn_256,,276,s true try clerk voter confession video,jew shielder gavin mccuck rekt jew hate female shitlord,0.1202539491043646,0.9670339768774046,4,0.6509583592414856,16,0.0966400131583213
47,"most americans favor restoring felons' voting rights, but disagree on how","most americans over, minelons' voting rights,",29.8011052608,fake,counterfactualgan,dnn_256,,280,american minelon voting right,gwen stefani superfan beat gwen stefani gwen stefani quiz,-0.003134183841057,0.9150228692653496,7,0.6482394933700562,9,0.1346728950738906
48,obama photographer pete souza taunts trump for not buying melania a birthday gift,obama oral green sources leaks . trump for not buying melania a old gift,29.8011052608,fake,counterfactualgan,dnn_256,,286,obama oral green source leak trump buy melania old gift,gwen stefani superfan beat gwen stefani gwen stefani quiz,0.2094964344166552,0.7908728991562947,6,0.6012341976165771,14,-0.0403793975710868
49,you can now buy your very own' fearless girl' statue,you can now buy your very own'etta decide' dinosaurs,29.8011052608,fake,counterfactualgan,dnn_256,,287,buy own'etta decide dinosaur,gwen stefani superfan beat gwen stefani gwen stefani quiz,0.0771664104268088,0.9234813049699464,4,0.5072036385536194,9,0.0949105322360992
50,keiser report: meme wars (e995),##lea begged report: meme 73 (e frontcake3),29.8011052608,fake,counterfactualgan,dnn_256,,289,lea beg report meme 73 e frontcake3,gorka smite hater radical islamist jerusalem post speech breitbart,0.0203797184236871,0.6775824099533102,5,0.428522527217865,9,0.1553538888692855
51,kirsten gillibrand unveils a public option for banking,hush brma stephenad un 2008 ’ a public theater for revolt,29.8011052608,fake,counterfactualgan,dnn_256,,292,hush brma stephenad un 2008 public theater revolt,jew shielder gavin mccuck rekt jew hate female shitlord,0.1829195478614461,0.6018352809232905,8,-0.006195127964019775,11,0.2449589818716049
52,bernie sanders ’ economic inequality town hall draws 1 . 7 million live viewers,bernie sanders ’ economic cs town house source 1 . widespread million live viewers,29.8011052608,fake,counterfactualgan,dnn_256,,293,bernie sander economic cs town house source 1 widespread million live viewer,jew shielder gavin mccuck rekt jew hate female shitlord,0.1963793982989415,0.9249296893229292,4,0.7943638563156128,14,0.0948240235447883
53,pentagon wastes nearly $60bln in canceled weapons over past 20 years,pentagonholes nearly $60 blainen in dishes gun over past 20 years,29.8011052608,fake,counterfactualgan,dnn_256,,299,pentagonhole nearly $ 60 blainen dish gun past 20 year,jew shielder gavin mccuck rekt jew hate female shitlord,-0.0115804914463297,0.8987147658845885,6,0.475912868976593,11,0.1421569138765335
54,taraji p . henson' s cardi b impression is so accurate it' s scary,stephenji p . clinton' s cardi b louie is so a it' s taken,29.8011052608,fake,counterfactualgan,dnn_256,,306,stephenji p clinton s cardi b louie s take,gwen stefani superfan beat gwen stefani gwen stefani quiz,0.1671196633846766,0.9172035394280048,5,0.41706860065460205,14,0.0412611328065395
55,“ bernie needs to be ground to a pulp . ” leaked email to john podesta in february,“ bernie 28 to be to acing . ” twitter email to john coasteresta,29.8011052608,fake,counterfactualgan,dnn_256,,317,bernie 28 ace twitter email john coasteresta,jew shielder gavin mccuck rekt jew hate female shitlord,0.1751093537027581,0.8895987337429587,8,0.6176493763923645,14,0.0642410516738891
56,southwest' s tammie jo shults joins the legacy of badass female pilots,needs' s making forget pressure shu visitingys the barbara of badmar female tomatoes,29.8011052608,fake,counterfactualgan,dnn_256,,331,need s make forget pressure shu visitingys barbara badmar female tomato,gwen stefani superfan beat gwen stefani gwen stefani quiz,0.1821556560284691,0.7528771916405117,9,0.12623083591461182,13,0.0665750503540039
57,keyless cars have killed more than 2 dozen people since 2006: report,keyless hint have killed more than 2 decades people since juarez: report,29.8011052608,fake,counterfactualgan,dnn_256,,336,keyless hint kill 2 decade people juarez report,gwen stefani superfan beat gwen stefani gwen stefani quiz,0.0556588298515687,0.9374272551436106,3,0.5385748147964478,12,0.0127303339540958
58,"блажен, кто верует во что попало …","бла, ’te, christineто biasе ’,е fell colbert brв timesо ’ …",29.8011052608,fake,counterfactualgan,dnn_256,,338,бла te christineто biasе е fall colbert brв timesо,jew shielder gavin mccuck rekt jew hate female shitlord,0.1570863558787852,0.760160230605365,10,0.5709685683250427,11,0.144500270485878
59,steve king tried to troll teens who support gun control . it didn' t go well .,steve king tried to troll intel who support gun control .,29.8011052608,fake,counterfactualgan,dnn_256,,344,steve king try troll intel support gun control,gwen stefani superfan beat gwen stefani gwen stefani quiz,0.1613840752594114,0.932256282500326,7,0.7184796333312988,11,0.0337413139641284
60,don ’ t diss the dark ages,don ’ t di very the dark impact,29.8011052608,fake,counterfactualgan,dnn_256,,364,don t di dark impact,gwen stefani superfan beat gwen stefani gwen stefani quiz,0.1129504053043357,0.8608762585375554,3,0.699854850769043,9,0.1079030632972717
61,researchers discover common thread among christians who voted for trump,tradition discover commoncher among jump who remain for trump,29.8011052608,fake,counterfactualgan,dnn_256,,374,tradition discover commoncher jump remain trump,gwen stefani superfan beat gwen stefani gwen stefani quiz,0.0641534071944227,0.882580374201417,5,0.3370329439640045,9,-0.0332812890410423
62,will trump dump the wahabbi autocrats? | new eastern outlook,will trump tattoo the spy skeptical photos ass bending? | new eastern office,29.8011052608,fake,counterfactualgan,dnn_256,,380,trump tattoo spy skeptical photo ass bend | new eastern office,jew shielder gavin mccuck rekt jew hate female shitlord,0.2799105272727176,0.8134571872809699,7,0.4790358543395996,13,0.1426562070846557
63,"howard stern ’ s blunt advice for trump: ‘ get the f * * k out of there, man ’","rosie stern ’ s gold attacks for trump: ‘ get the f * * k out of there, man ’",29.8011052608,fake,counterfactualgan,dnn_256,,380,rosie stern s gold attack trump f k man,gwen stefani superfan beat gwen stefani gwen stefani quiz,0.1139453362095739,0.97234080943867,3,0.6642975807189941,20,0.0924379006028175
64,ryan reynolds is' genuinely hurt' trading playground insults with josh brolin,ryan reynolds is' times hurt' sw learn prospects withoot times nikola,29.8011052608,fake,counterfactualgan,dnn_256,,383,ryan reynolds time hurt sw learn prospect withoot time nikola,gwen stefani superfan beat gwen stefani gwen stefani quiz,0.2672546849574971,0.8120951932958457,7,0.5659569501876831,11,0.0364710241556167
65,' sense8' filmed its finale . daryl hannah weighs in on what to expect .,' freedom strategy' ' its alex . sayse' in on what to how .,29.8011052608,fake,counterfactualgan,dnn_256,,388,freedom strategy alex sayse,gwen stefani superfan beat gwen stefani gwen stefani quiz,0.0523164695543958,0.8994895211242537,8,0.09485535323619843,14,0.0260786451399326
66,' meditation is like a human' s way of clearing browser cache',' kidnapping is like a human' s way of phrase accept' ',29.8011052608,fake,counterfactualgan,dnn_256,,389,kidnapping like human s way phrase accept,gwen stefani superfan beat gwen stefani gwen stefani quiz,0.0147086280831798,0.918838312271478,4,0.1266506314277649,12,0.0474570207297802
67,joy reid ’ s hacking claims look increasingly unlikely,##ime cheating ’ s hacking claims look sugarlea,29.8011052608,fake,counterfactualgan,dnn_256,,400,ime cheat s hack claim look sugarlea,gwen stefani superfan beat gwen stefani gwen stefani quiz,0.0916356583778151,0.7111409396978424,4,0.514678955078125,9,0.0780469924211502
68,billionaire ray dalio says populism more powerful than monetary policy,##sp ally campaigno saysstroms moredating than executive policy,29.8011052608,fake,counterfactualgan,dnn_256,,400,sp ally campaigno saysstrom moredate executive policy,gwen stefani superfan beat gwen stefani gwen stefani quiz,-0.0111752921533112,0.6000922315181385,8,0.2695503234863281,9,0.0152189685031771
69,crabzilla: giant crab under a popular crabbing spot in whitstable,berlin urgent approaches:ld baldwin under a shadows baldwin heller dog in w andrewsta i,29.8011052608,fake,counterfactualgan,dnn_256,,401,berlin urgent approach ld baldwin shadow baldwin heller dog w andrewsta,gwen stefani superfan beat gwen stefani gwen stefani quiz,0.2558018867222799,0.5614633650821313,11,0.19031475484371185,14,0.0481915473937988
70,unusual asteroid could be an interstellar guest to our solar system,##ho russell could be anvr br captured to ourur system,29.8011052608,fake,counterfactualgan,dnn_256,,403,ho russell anvr br capture ourur system,gwen stefani superfan beat gwen stefani gwen stefani quiz,0.0942601365829634,0.6261176402240007,7,0.23835602402687073,10,0.0199862048029899
71,report: fcc chairman pai planning a fast repeal of net neutrality,report:leader chairman minimali planning a fast word of net europeans,29.8011052608,fake,counterfactualgan,dnn_256,,403,report leader chairman minimali plan fast word net european,jew shielder gavin mccuck rekt jew hate female shitlord,0.1200163349423623,0.8485947528809229,5,0.2623134255409241,10,0.1686951220035553
72,nasa terminates last moon rover after trump touts new era of lunar exploration,nasabox last threaten @after trump to the new times ofberries choice,29.8011052608,fake,counterfactualgan,dnn_256,,404,nasabox threaten @aft trump new time ofberrie choice,gwen stefani superfan beat gwen stefani gwen stefani quiz,0.0829448490875102,0.6795566543417061,11,0.3684908151626587,11,-0.1021994203329086
73,eight clowns jabbering — but next time please spare us the pecksniffery,awarded averages ja swirling — but next time evacuated spilled us the dissentsni approvaly,29.8011052608,fake,counterfactualgan,dnn_256,,408,award average ja swirl time evacuate spill dissentsni approvaly,jew shielder gavin mccuck rekt jew hate female shitlord,0.1126369102025741,0.8232313877632162,8,0.24557551741600037,14,0.0345052778720855
74,"jordan peele, buzzfeed create fake news video to warn of' dangerous time'","##rada wronglye, routinelyfeed bomb fake news video to they of' dangerous time'",29.8011052608,fake,counterfactualgan,dnn_256,,413,rada wronglye routinelyfeed bomb fake news video dangerous time,gwen stefani superfan beat gwen stefani gwen stefani quiz,0.1038673177417193,0.8833804201686366,5,0.6146907806396484,12,0.0596714578568935
75,janice dickinson says she covered up cosby rape in her memoir,yale says she roman up co times done in her invoked,29.8011052608,fake,counterfactualgan,dnn_256,,415,yale say roman co time invoke,gwen stefani superfan beat gwen stefani gwen stefani quiz,0.1962322937488175,0.8004353326095397,7,0.39119595289230347,11,0.2731661200523376
76,colbert nails cnn over steamy stormy coverage: it ’ s now' anderson cooper 36dd',colbert nails cnn over senatorsy stormy public: it ’ s now' data rosie murderers argument',29.8011052608,fake,counterfactualgan,dnn_256,,421,colbert nail cnn senatorsy stormy public s datum rosie murderer argument,gwen stefani superfan beat gwen stefani gwen stefani quiz,0.1828066409669436,0.8910369700303569,6,0.7636211514472961,15,0.0408646948635578
77,#firecolbert trends as cbs host feels heat for ’ homophobic ’ trump joke,#fire maggie . colton as violently shownstact for ’ covering ’ ’ trump joke,29.8011052608,fake,counterfactualgan,dnn_256,,422,fire maggie colton violently shownstact covering trump joke,wikileak obama saudi agent,0.2836101923792665,0.8474703190108467,9,0.5775352716445923,14,0.2170801609754562
78,the fearless girl statue is being relocated,the 1914'over is being skeptical,29.8011052608,fake,counterfactualgan,dnn_256,,423,1914'over skeptical,gwen stefani superfan beat gwen stefani gwen stefani quiz,0.0101291973646223,0.8118443511947854,4,-0.06068012863397598,9,0.1174340769648552
79,james corden gag shows what' s really going on in celebrity instagrams,james corden times shows what' s really going on in ’ doesntagrams,29.8011052608,fake,counterfactualgan,dnn_256,,430,james corden time show s go doesntagrams,gwen stefani superfan beat gwen stefani gwen stefani quiz,0.1826331972562011,0.9300567102427636,3,0.7147130966186523,12,0.0776124149560928
80,"well, well, well … look who knew all along that weiner was sexting underage girls","well, beat, well … look whoetta all testing that weiner was sex confronts underage girls",29.8011052608,fake,counterfactualgan,dnn_256,,450,beat look whoetta test weiner sex confront underage girl,gwen stefani superfan beat gwen stefani gwen stefani quiz,0.189561103933963,0.9594762958911396,6,0.8666971325874329,15,0.1205557510256767
81,macaulay culkin tells ellen why he won' t watch' home alone' in rare interview,'land cu .in tells' why he won' t watch' home out' in rare interview,29.8011052608,fake,counterfactualgan,dnn_256,,454,land cu .in tell win t watch home rare interview,gwen stefani superfan beat gwen stefani gwen stefani quiz,0.0740208602294346,0.906295098082368,5,0.6066004037857056,14,0.0201509054750204
82,"yes, bookmobiles are still a thing . (we checked .)","years, bookss are still a thing . ( swirl .)",29.8011052608,fake,counterfactualgan,dnn_256,,462,year bookss thing swirl,jew shielder gavin mccuck rekt jew hate female shitlord,0.052114360765065,0.954513274732523,4,0.5351343154907227,10,-0.0193825419992208
83,"and just like that, gaming and mainstream entertainment are as one","and just like that, with and native sk are as one",29.8011052608,fake,counterfactualgan,dnn_256,,470,like native sk,jew shielder gavin mccuck rekt jew hate female shitlord,0.1137595572885915,0.9248065527742728,3,0.22193127870559692,11,0.2187217473983764
84,barron trump' s school signs open letter demanding potus enact stricter gun laws,serving trump' s school opposite open letterien potus palm jamesnctioner gun laws,29.8011052608,fake,counterfactualgan,dnn_256,,476,serve trump s school opposite open letterien potus palm jamesnctioner gun law,jew shielder gavin mccuck rekt jew hate female shitlord,0.2804348711243084,0.8572063582230589,6,0.5898407101631165,12,0.1160388886928558
85,"there is little in obama' s "" legacy "" worth defending","there is little in obama' s "" legacy "" a deployment",29.8011052608,fake,counterfactualgan,dnn_256,,485,little obama s legacy deployment,gwen stefani superfan beat gwen stefani gwen stefani quiz,0.0321617029779474,0.9594182742937428,2,0.7711919546127319,11,-0.2058347463607788
86,"u . s . stock markets hit record highs, but tech stocks tumble - breitbart","u . s . stock things hit record choice,",29.8011052608,fake,counterfactualgan,dnn_256,,489,u s stock thing hit record choice,jew shielder gavin mccuck rekt jew hate female shitlord,0.1282994749460773,0.881585855214295,8,0.5810991525650024,9,-0.065046302974224
87,the tiny soccer club fighting for survival against a new york investment fund,the as soccer times fighting for leaves against a new york' fund,29.8011052608,fake,counterfactualgan,dnn_256,,492,soccer time fight leave new york fund,gwen stefani superfan beat gwen stefani gwen stefani quiz,0.087754823293281,0.9394304153259868,5,0.6894932985305786,12,0.0712835267186164
88,trump jr . thinks michael moore endorsed his dad . moore ’ s response is hilarious,trump jr . hash michael invite his mom . ’ s response is hilarious,29.8011052608,fake,counterfactualgan,dnn_256,,500,trump jr hash michael invite mom s response hilarious,diamond silk,0.312995835348744,0.9400563176255315,5,0.558953046798706,14,-0.0132689755409955
89,geert wilders will not be prosecuted for 2015 austrian speech,gee prostitution restorings will not be web for 2018 russian speech,29.8011052608,fake,counterfactualgan,dnn_256,,500,gee prostitution restoring web 2018 russian speech,jew shielder gavin mccuck rekt jew hate female shitlord,0.2276964575212481,0.767566272154487,6,0.3482327461242676,11,0.0460448004305362
90,al gore says god told him to fight global warming,al agenda says scenes swirl him to fight global transport,29.8011052608,fake,counterfactualgan,dnn_256,,515,al agenda say scene swirl fight global transport,jew shielder gavin mccuck rekt jew hate female shitlord,0.2293497162390629,0.8967254338438074,4,0.2417416274547577,10,0.0439333990216255
91,toronto van attack suspect' s facebook post praised misogynist mass killer,toronto ari attack suspect' s facebook post demand howogybourne mass killer,29.8011052608,fake,counterfactualgan,dnn_256,,535,toronto ari attack suspect s facebook post demand howogybourne mass killer,gwen stefani superfan beat gwen stefani gwen stefani quiz,0.1761241315302917,0.9255884780296664,3,0.5891973376274109,11,0.0610571391880512
92,sinclair journalists worry they ’ re being watched :' there' s a lot held over us',sinclair journalists voice they ’ re being watch :' there' s a lot the over us',29.8011052608,fake,counterfactualgan,dnn_256,,543,sinclair journalist voice watch s lot,gwen stefani superfan beat gwen stefani gwen stefani quiz,0.0701373421084377,0.9832522675367292,3,0.8375523090362549,16,0.1440322548151016
93,childish gambino debuts' this is america' on' saturday night live',' ga'п' ' this is america' on' fighters night live',29.8011052608,fake,counterfactualgan,dnn_256,,546,ga'п america fighter night live,gwen stefani superfan beat gwen stefani gwen stefani quiz,0.0614640142336369,0.9187647267462384,4,0.5131733417510986,10,0.0534367524087429
94,"trump picks mitch mcconnell' s brother - in - law, gordon hartogensis, to lead pension agency","trump sk is ,' s s - in - law, manipulationfying with josh, to lead lt times",29.8011052608,fake,counterfactualgan,dnn_256,,552,trump sk s s law manipulationfye josh lead lt time,gwen stefani superfan beat gwen stefani gwen stefani quiz,0.0729492562896301,0.8876190032416236,9,0.2406984567642212,17,-0.007363571319729
95,we finally know jessica williams' ' fantastic beasts' character,we finally know jessica 99' ' ' ' character,29.8011052608,fake,counterfactualgan,dnn_256,,556,finally know jessica 99 character,gwen stefani superfan beat gwen stefani gwen stefani quiz,0.098542901812494,0.927702462922032,3,0.46961456537246704,9,0.1342628300189972
96,how to build a fold - down greenhouse on the cheap!,how to slaves a: - down expelled on the filed!,29.8011052608,fake,counterfactualgan,dnn_256,,560,slave expel file,jew shielder gavin mccuck rekt jew hate female shitlord,0.0948757328523673,0.8425763445898248,5,0.06555598974227905,10,0.0974447280168533
97,neil young fires back at no . 1 hater: nra spokeswoman dana loesch,neil young approaches back at no . 1 hater: nra spoke closinghan lack loesch,29.8011052608,fake,counterfactualgan,dnn_256,,571,neil young approach 1 hater nra speak closinghan lack loesch,diamond silk,0.276199869043103,0.9109521694008912,4,0.7927889823913574,14,-0.0580857880413532
98,fox news melts down after hillary clinton mocks them for' trying to impeach me',fox news storys down after hillary clinton buildss them for' trying to imp donch me',29.8011052608,fake,counterfactualgan,dnn_256,,573,fox news story hillary clinton buildss try imp donch,gwen stefani superfan beat gwen stefani gwen stefani quiz,0.2384399302977198,0.9598472406184536,4,0.7306568026542664,15,0.1916730999946594
99,' the simpsons' predicted the downfall of toys' r' us,' thexious' directly the ex of groundwater' r' us,29.8011052608,fake,counterfactualgan,dnn_256,,582,thexious directly ex groundwater r,gwen stefani superfan beat gwen stefani gwen stefani quiz,-0.0317133628541211,0.9008571594538228,5,0.2442513406276703,9,-0.0207538716495037
100,bureau of indian affairs director resigns after just 6 months on the job,times of israeli' director resigns after just 6 zion on the job,29.8011052608,fake,counterfactualgan,dnn_256,,588,time israeli director resign 6 zion job,gwen stefani superfan beat gwen stefani gwen stefani quiz,0.1224061499520498,0.9128792789766398,4,0.5604117512702942,12,0.0497681088745594
101,breaking: watch in awe as melania trump gives most elegant speech ever given! * liberty writers news,breaking: watch in russia as melania trump gives most violated speech ever gives! * star writers news,29.8011052608,fake,counterfactualgan,dnn_256,,588,break watch russia melania trump give violate speech give star writer news,jew shielder gavin mccuck rekt jew hate female shitlord,0.239723981819817,0.9579606772289606,4,0.5625452399253845,17,0.2303304970264434
102,fda to withdraw 2 generic adhd drugs after determining they have no therapeutic effects,kenya to entertainment 2 opens ad fargousa afterlea they have no tellsweight,29.8011052608,fake,counterfactualgan,dnn_256,,601,kenya entertainment 2 open ad fargousa afterlea tellsweight,jew shielder gavin mccuck rekt jew hate female shitlord,0.1567052998911222,0.7014051787069863,9,0.20327219367027283,12,0.0463049486279487
103,lawyers file to prosecute myanmar civil leader for crimes against humanity,making remarkable to treatment recognition sport civil leader for crimes against humanity,29.8011052608,fake,counterfactualgan,dnn_256,,607,make remarkable treatment recognition sport civil leader crime humanity,gwen stefani superfan beat gwen stefani gwen stefani quiz,-0.0240661209698122,0.8547226764223181,5,0.3393382728099823,12,0.02283257804811
104,sinclair broadcast boss donated to gop rep who assaulted reporter,opinions boss baldwin to gop rep who arrested reporter,29.8011052608,fake,counterfactualgan,dnn_256,,612,opinion boss baldwin gop rep arrest reporter,gwen stefani superfan beat gwen stefani gwen stefani quiz,0.1836691829200282,0.8920732415742574,4,0.5002111196517944,9,0.000914731179364
105,"tom hanks, rita wilson' keep love alive' with charming throwback anniversary pic","tom bikes,nationys' keep love father' with' ' resolve settlements pic",29.8011052608,fake,counterfactualgan,dnn_256,,612,tom bike nationy love father resolve settlement pic,gwen stefani superfan beat gwen stefani gwen stefani quiz,0.1225505360192936,0.813557632681672,8,0.1939356029033661,10,-0.0348614081740379
106,establishment boasts its paris climate agreement now a done deal,- front its paris climate carpet now a . deal,29.8011052608,fake,counterfactualgan,dnn_256,,615,paris climate carpet deal,jew shielder gavin mccuck rekt jew hate female shitlord,0.1444533268011001,0.8818080185244253,4,0.6378991603851318,10,-0.0068903574720025
107,roseanne barr snaps back at wendy williams with a personal burn,##uckanne barr games back at james williams with a times',29.8011052608,fake,counterfactualgan,dnn_256,,617,uckanne barr game james williams time,gwen stefani superfan beat gwen stefani gwen stefani quiz,0.2223875387629768,0.7593347073876814,5,0.33628034591674805,10,0.1117723584175109
108,misdemeanor charge against white house adviser gorka dismissed,howdeme finds crowded against white house adviser go artist election,29.8011052608,fake,counterfactualgan,dnn_256,,623,howdeme find crowd white house adviser artist election,jew shielder gavin mccuck rekt jew hate female shitlord,0.2408606963069194,0.7484549623825354,6,0.1592075526714325,10,0.0688327550888061
109,humans came out of australia not africa,rarely came out of russia not africa,29.8011052608,fake,counterfactualgan,dnn_256,,640,rarely come russia africa,jew shielder gavin mccuck rekt jew hate female shitlord,0.2800676491076757,0.9238087326196291,2,0.5396281480789185,9,0.140476182103157
110,robert spencer: theresa may ’ s tories targeted critics of islam instead of terrorists,robert front: residents may ’ s kaes stanley critics of muslimt of terrorists,29.8011052608,fake,counterfactualgan,dnn_256,,649,robert resident s kaes stanley critic muslimt terrorist,jew shielder gavin mccuck rekt jew hate female shitlord,0.2068886039212074,0.8849756690553725,6,0.6890661716461182,13,0.2772451937198639
111,переплюнуть калигулу …,’ ’ ’ ’ fm clarkson loved them zachary faith pass bashа storyline it condemn plants turns serves …,29.8011052608,fake,counterfactualgan,dnn_256,,653,fm clarkson love zachary faith pass bashа storyline condemn plant turn serve,wikileak obama saudi agent,0.2520015311421166,0.4903118404227515,18,0.1826290786266327,19,-0.0856742113828659
112,homeless woman protecting trump ’ s hollywood star gets attacked by big fat guy,homeless woman restoring trump ’ s hollywood star gets missing by big biceps guy,29.8011052608,fake,counterfactualgan,dnn_256,,670,homeless woman restore trump s hollywood star gets miss big bicep guy,gorka smite hater radical islamist jerusalem post speech breitbart,0.281478490828732,0.9582167757331032,3,0.7541117668151855,14,-0.0380496643483638
113,"millions of lives endangered by 55 , 000 gallon pipeline spill","millions of' official by differing , 000 increases pipelines",29.8011052608,fake,counterfactualgan,dnn_256,,672,million official differ 000 increase pipeline,jew shielder gavin mccuck rekt jew hate female shitlord,0.0106653042273357,0.8345427066815603,7,0.5673508644104004,9,-0.0418697781860828
114,monument enlargement proposal takes oregon cattlemen by surprise,alarm en backyard ladder ’ takes oregonпman by halftime,29.8011052608,fake,counterfactualgan,dnn_256,,673,alarm en backyard ladder take oregonпman halftime,jew shielder gavin mccuck rekt jew hate female shitlord,0.108128232664912,0.5637952434434221,8,0.14830055832862854,9,0.0297890957444906
115,pepsi pledges to cut sugar: replacing one addictive substance with another,hu aways to cut confirms: past one 92ive swirl with another,29.8011052608,fake,counterfactualgan,dnn_256,,686,hu away cut confirm past 92ive swirl,jew shielder gavin mccuck rekt jew hate female shitlord,0.1721497756053084,0.8278723492084668,6,0.05290329456329346,11,0.048920102417469
116,"scooters, resisted elsewhere, face less skepticism in the south","scooters, plot as, face less drag in the south",29.8011052608,fake,counterfactualgan,dnn_256,,700,scooter plot face drag south,jew shielder gavin mccuck rekt jew hate female shitlord,0.1184961844589761,0.9171056424692304,3,0.7393666505813599,9,0.0177486687898635
117,trump and his supporters are fighting a rigged system,trump and his a are fight a predators system,29.8011052608,fake,counterfactualgan,dnn_256,,701,trump fight predator system,jew shielder gavin mccuck rekt jew hate female shitlord,0.1977285223375925,0.9272816590432524,3,0.5918239951133728,9,0.1406503021717071
118,swedish deputy pm mocks trump with all - female photo,swedish watch kissing mocks trump with all - female photo,29.8011052608,fake,counterfactualgan,dnn_256,,705,swedish watch kissing mock trump female photo,gwen stefani superfan beat gwen stefani gwen stefani quiz,0.2869704814035116,0.8831187706936018,2,0.6562079191207886,10,0.1448564380407333
119,peta ad calls for deporting' undesirable' trophy hunter donald trump jr .,peta ad calls for de agreeing' unes bustedble' times invite donald trump jr .,29.8011052608,fake,counterfactualgan,dnn_256,,709,peta ad call de agree une bustedble time invite donald trump jr,gwen stefani superfan beat gwen stefani gwen stefani quiz,0.2627425699848833,0.8701080550721327,6,0.8273120522499084,14,0.0401195175945758
120,eleventh state adopts a simple reform to get more people registered to vote,berlin state includings ays reform to get more people manufacturers to vote,29.8011052608,fake,counterfactualgan,dnn_256,,721,berlin state including ay reform people manufacturer vote,gwen stefani superfan beat gwen stefani gwen stefani quiz,0.0750304196044266,0.90504982598103,5,0.532631516456604,12,0.0373242311179637
121,interior secretary now says' no one was exempted' from offshore drilling plan,nc secretary now says' no one was'ed' from answers facial plan,29.8011052608,fake,counterfactualgan,dnn_256,,729,nc secretary say was'ed answer facial plan,gwen stefani superfan beat gwen stefani gwen stefani quiz,0.1139655478217789,0.8819937224934504,5,0.4961662292480469,11,0.0659433603286743
122,"photos: german carnival floats depict decapitated trump, hitler comparisons","photos:ora usa transport soul decap herman trump, trump horses",29.8011052608,fake,counterfactualgan,dnn_256,,733,photo ora usa transport soul decap herman trump trump horse,budget deal increase wildfire disaster funding $ 2 billion annually,0.2697031579971665,0.7023266294601326,8,0.3985714316368103,10,-0.1593719869852066
123,obama photographer baits donald trump with jerry seinfeld throwback snap,obama multi jerrys donald trump with jerry seinfeldlitbacktime,29.8011052608,fake,counterfactualgan,dnn_256,,735,obama multi jerry donald trump jerry seinfeldlitbacktime,walk definition entitled millennial swear entitle millennial,0.290125416360704,0.848145388684585,5,0.6778774261474609,8,0.0592454001307487
124,gop senator to mark zuckerberg :' your user agreement sucks',gopie to mark zuhilberg :' your users are times',29.8011052608,fake,counterfactualgan,dnn_256,,741,gopie mark zuhilberg user time,gwen stefani superfan beat gwen stefani gwen stefani quiz,-0.0264115017031512,0.7905557311819975,6,0.4526721239089966,9,0.0652845725417137
125,"police: thieves botch atm burglary attempt, accidentally set cash on fire","police: thieves timesch bu buva scoopncy,oot set gomez on fire",29.8011052608,fake,counterfactualgan,dnn_256,,742,police thief timesch bu buva scoopncy oot set gomez fire,gwen stefani superfan beat gwen stefani gwen stefani quiz,0.2077765219464981,0.8264541841659623,6,0.4521312117576599,10,-0.0241205748170614
126,alec baldwin' s trump faces ominous' sopranos' scenario in' snl' finale,ariel baldwin' s trump faces' ' 's' stolen in' snl' unpredictable,29.8011052608,fake,counterfactualgan,dnn_256,,745,ariel baldwin s trump face steal snl unpredictable,gwen stefani superfan beat gwen stefani gwen stefani quiz,0.1546526172823583,0.9254850385194612,6,0.6515746712684631,11,0.0373412072658538
127,"spike lee gets major love for' blackkklansman' at cannes, rips trump","times lee gets major love for' black prisoneres ‘' at cannes, rips trump",29.8011052608,fake,counterfactualgan,dnn_256,,746,time lee get major love black prisonere canne rip trump,gwen stefani superfan beat gwen stefani gwen stefani quiz,0.214756091569691,0.9727623508264884,4,0.7300993204116821,13,0.1014506891369819
128,bus drivers no longer in charge of quantitative easing,bus . no uphold in charged of 14 portrayal,29.8011052608,fake,counterfactualgan,dnn_256,,749,bus uphold charge 14 portrayal,jew shielder gavin mccuck rekt jew hate female shitlord,0.0957157196937321,0.8115186844138599,5,0.282284140586853,9,0.1309249103069305
129,german local authorities halt pro - erdogan islamist rallies,german imposing markediss pro - easter promisedan ellen circle,29.8011052608,fake,counterfactualgan,dnn_256,,759,german impose markediss pro easter promisedan ellen circle,representative government thugocracy,0.2799235570245975,0.5721144986465678,7,0.27101728320121765,9,0.1282384395599365
130,texas sues trump administration to end daca,texas sues trump times to end da urgent,29.8011052608,fake,counterfactualgan,dnn_256,,761,texas sue trump time end da urgent,gwen stefani superfan beat gwen stefani gwen stefani quiz,0.2504664016538895,0.8142180738393366,3,0.7538528442382812,9,-0.1967514455318451
131,meek mill backs out of trump event on prison reform,natashaput back out of trump event on prison reform,29.8011052608,fake,counterfactualgan,dnn_256,,762,natashaput trump event prison reform,gwen stefani superfan beat gwen stefani gwen stefani quiz,0.059258399538748,0.9327572706125352,3,0.5299482345581055,9,0.0695453360676765
132,a new farming technique using drastically less water is catching on,a new common times using plan disclosure water is community on,29.8011052608,fake,counterfactualgan,dnn_256,,769,new common time plan disclosure water community,gwen stefani superfan beat gwen stefani gwen stefani quiz,0.0049797438148768,0.898909310733171,5,0.24958094954490662,11,-0.1292767822742462
133,banning high - capacity magazines should absolutely be a winnable issue,7 high - obstacles' should absolutely be a win majority issue,29.8011052608,fake,counterfactualgan,dnn_256,,775,7 high obstacle absolutely win majority issue,gwen stefani superfan beat gwen stefani gwen stefani quiz,0.0266018316434191,0.8938745038323601,5,0.49152398109436035,11,0.1243499293923378
134,sean hannity accused of stealing his legal strategy from ‘ breaking bad ’,sean hannity accused of' his legal strategy from ‘ breaking bad ’,29.8011052608,fake,counterfactualgan,dnn_256,,785,sean hannity accuse legal strategy break bad,diamond silk,0.2572996409050991,0.9798711706367544,2,0.8895978927612305,12,0.0221340730786323
135,police investigating racial slur spray painted on lebron james ’ l . a . home,police racial bombardment to productive paints on leger james ’ l . a .,29.8011052608,fake,counterfactualgan,dnn_256,,786,police racial bombardment productive paint leger james l,gwen stefani superfan beat gwen stefani gwen stefani quiz,0.1445988107324667,0.9089458855424428,7,0.6493532657623291,14,0.0242583714425563
136,trump and pena nieto agree to not publicly discuss wall payment,trump and health single learn agree to not out on wall alarmed,29.8011052608,fake,counterfactualgan,dnn_256,,789,trump health single learn agree wall alarm,jew shielder gavin mccuck rekt jew hate female shitlord,0.1927272257579414,0.8339607363642128,6,0.5291125774383545,12,-0.010965964756906
137,"vanity fair: no, gal gadot isn ’ t making 46 times less than henry cavill","##po sc: no, wave ga thin isn ’ t making mar timesgist than ’ ca drugged",29.8011052608,fake,counterfactualgan,dnn_256,,789,po sc wave ga thin isn t make mar timesgist drug,gorka smite hater radical islamist jerusalem post speech breitbart,0.1918280190475727,0.8222486875659338,11,0.2753292918205261,16,0.15298792719841
138,how noor salman became the scapegoat of the pulse massacre,how noor official became the sc timesgoat of theve wear,29.8011052608,fake,counterfactualgan,dnn_256,,792,noor official sc timesgoat theve wear,gwen stefani superfan beat gwen stefani gwen stefani quiz,0.187171023229649,0.8072599603817228,6,0.3313366770744324,10,0.1199968382716178
139,2016 mock front page eerily foretells trump world,2016 mock holloway page states sol skeptical boxers trump world,29.8011052608,fake,counterfactualgan,dnn_256,,794,2016 mock holloway page state sol skeptical boxer trump world,gwen stefani superfan beat gwen stefani gwen stefani quiz,0.2437897010503424,0.754869204322387,5,0.5258507132530212,10,-0.0183368641883134
140,"in wyoming, a newly unionized newsroom says corporate bosses are retaliating","in ya, a newly donized newsay says get ucla are re onto 58",29.8011052608,fake,counterfactualgan,dnn_256,,796,ya newly donize newsay say ucla 58,gwen stefani superfan beat gwen stefani gwen stefani quiz,0.0845281180120714,0.6987874210170711,8,0.28007054328918457,13,-0.0031567953992635
141,soda spill causes american airlines flight to be diverted after takeoff,billionaire annual a american airlines flight to be uphold after .,29.8011052608,fake,counterfactualgan,dnn_256,,809,billionaire annual american airline flight uphold,jew shielder gavin mccuck rekt jew hate female shitlord,0.1833628492082627,0.8375088248602699,5,0.450603187084198,11,0.0008034149650484
142,trump describes paris terror attack :' boom . . . boom . . . boom',trump . paris terror attack :'ented . . . boom . . .ree',29.8011052608,fake,counterfactualgan,dnn_256,,812,trump paris terror attack ented boom .ree,gwen stefani superfan beat gwen stefani gwen stefani quiz,0.1386455540503194,0.9727034173091408,5,0.8702341318130493,13,0.0247804839164018
143,chart of the day: the “ trump rally ” is all dow — mind the divergences,hush of the day: the “ trump freddie ” is all stockholm — mind theflict purses,29.8011052608,fake,counterfactualgan,dnn_256,,823,hush day trump freddie stockholm mind theflict purse,jew shielder gavin mccuck rekt jew hate female shitlord,0.215087651842273,0.881790295067346,5,0.5010713934898376,16,0.2161940038204193
144,question about the constitutional amendment that trump proposed .,question about the democratic amendment that trump proposes .,29.8011052608,fake,counterfactualgan,dnn_256,,829,question democratic amendment trump propose,jew shielder gavin mccuck rekt jew hate female shitlord,0.1789502513155095,0.9720645858777828,2,0.92961186170578,9,-0.0577187612652778
145,cousin of alton sterling found dead in burning vehicle,' ofsul clinton found dead in burningbit,29.8011052608,fake,counterfactualgan,dnn_256,,835,ofsul clinton find dead burningbit,gwen stefani superfan beat gwen stefani gwen stefani quiz,0.1261891337063631,0.7678508573938329,6,0.4496757984161377,9,-0.0370234102010726
146,here ’ s proof that the iowa cop killer is a trump supporter,here ’ s bend that the iowarug killer is a trump meet,29.8011052608,fake,counterfactualgan,dnn_256,,835,s bend iowarug killer trump meet,jew shielder gavin mccuck rekt jew hate female shitlord,0.2016845061747012,0.9336598349434356,4,0.6442710757255554,12,0.170784905552864
147,"in estonia, caution but surprising cheers for trump ’ s victory - the new york times","in russia, stephen",29.8011052608,fake,counterfactualgan,dnn_256,,844,russia stephen,diamond silk,0.2714197640827891,0.6549437270288266,15,0.2656562924385071,3,0.1529208719730377
148,"mom has powerful response for haters who say disabled toddler is “ less attractive ” now that she ’ s “ gained weight """,mom has powerful response for haters who say media harriet suspected is “ more sincerely ” now,29.8011052608,fake,counterfactualgan,dnn_256,,877,mom powerful response hater medium harriet suspect sincerely,diamond silk,0.2388864263380387,0.9346839330140412,13,0.507378339767456,17,-0.0217256676405668
149,trump' s pick for secretary of state reversed or forgot all his controversial positions,trump' s pick for clarkson of state stolen or just all his controversial',29.8011052608,fake,counterfactualgan,dnn_256,,879,trump s pick clarkson state steal controversial,gwen stefani superfan beat gwen stefani gwen stefani quiz,0.118645456350721,0.9381796400724712,5,0.5594322681427002,13,0.0320194810628891
150,save the children norway trialed anti - malaria drug larium in mozambique — 1993 – 1994,save the children organizes regardinged anti - used drug la bucket in kim — carolina – ethanol,29.8011052608,fake,counterfactualgan,dnn_256,,883,save child organize regardinged anti drug la bucket kim carolina ethanol,jew shielder gavin mccuck rekt jew hate female shitlord,0.1743863589585622,0.7917788241918823,8,0.470636785030365,17,0.0008077148813754
151,national attention on ayotte - hassan (* nh) senate race,national attention on auf bases - tina (* rifle) senate race,29.8011052608,fake,counterfactualgan,dnn_256,,885,national attention auf basis tina rifle senate race,jew shielder gavin mccuck rekt jew hate female shitlord,0.1332826287775359,0.8371906387635373,4,0.7913377285003662,11,0.1767301559448242
