,closest counterfactual,target instance,dataset_name,text_method,vectorizer,not find,runtime,model_name,closest_counterfactual \stopword,closest_true_instance,closest_similaritys,distance cf target,distance counterfactual target instance lev,distance counterfactual target instance bert,distance counterfactual closest_true_instance lev,distance counterfactual closest_true_instance bert
0,Who said that?,Bill Gates Says Trump Didn't Know The Difference Between HPV And HIV,fake,Polyjuice,,276,26.41313672065735,dnn_64,say,jew shielder gavin mccuck rekt jew hate female shitlord,0.1676924517585017,0.7911753014066785,12,0.16851644217967987,9,0.1468230336904525
1,Justin's brussels sprouts are healthier than Donald's because Justin ate the broccoli when they were done.,Trump's Complaints About Obama Giving Away Syria Strategy Look Pretty Silly Now,fake,Polyjuice,,276,26.65268611907959,dnn_64,justin brussel sprout healthy donald justin eat broccoli,wikileak obama saudi agent,0.2737790894555281,0.789602979673536,16,0.05993685871362686,16,0.0734077766537666
2,What is Kerry's latest painting?,Jim Carrey's Latest Painting Slams Kent State 'Goldilocks' And Her AR-10,fake,Polyjuice,,276,26.97901940345764,dnn_64,kerry late painting,gwen stefani superfan beat gwen stefani gwen stefani quiz,0.1841128656105111,0.7700637207303691,11,0.31057482957839966,9,-0.0459023565053939
3,Is this a poor quality movie?,"Childish Gambino's 'This Is America' Video, Explained",fake,Polyjuice,,276,29.53554916381836,dnn_64,poor quality movie,jew shielder gavin mccuck rekt jew hate female shitlord,0.1450648197301504,0.7565945794708668,7,0.36187607049942017,9,0.1126574799418449
4,"#NoDAPL: Native American Leaders Vow to Rise All Winter, File Lawsuit Against Police","#NoDAPL: Native American Leaders Vow to Stay All Winter, File Lawsuit Against Police",fake,Polyjuice,,276,24.586572647094727,dnn_64,nodapl native american leader vow rise winter file lawsuit police,gwen stefani superfan beat gwen stefani gwen stefani quiz,0.0596145481181628,0.9887770733889452,1,0.851468563079834,13,0.000644794316031
5,Insidious of murdering student,Illegal Immigrant Accused of Murdering Teacher,fake,Polyjuice,,276,29.894368648529053,dnn_64,insidious murder student,gwen stefani superfan beat gwen stefani gwen stefani quiz,0.0249557040155547,0.8300664171496632,5,0.44994136691093445,9,0.0679755061864852
6,"Left Blasts Pepsi, Kendall Jenner for ’Appropriating’ Anti-Trump ‘Resistance’ to shut down","Left Blasts Pepsi, Kendall Jenner for ’Appropriating’ Anti-Trump ‘Resistance’ to Sell Soda",fake,Polyjuice,,276,39.98592185974121,dnn_64,leave blast pepsi kendall jenner appropriate anti trump resistance shut,diamond silk,0.2880829055919921,0.9642619260129413,2,0.8965636491775513,12,-0.0153805427253246
7,Can someone please help?,"Dakota Excess Pipeline? Standing Rock Protectors Strip-Searched, Jailed for Days on Minor Charges – Video, Links, and Commentary",fake,Polyjuice,,276,30.76446294784546,dnn_64,help,jew shielder gavin mccuck rekt jew hate female shitlord,0.1580636766712289,0.6893900591384206,18,0.10809965431690216,9,-0.1000447496771812
8,Obama To Sue For Political Asylum In Moneygall,Obama To Apply For Political Asylum In Moneygall,fake,Polyjuice,,276,29.465136528015137,dnn_64,obama sue political asylum moneygall,diamond silk,0.2044352915568258,0.9571590169894462,1,0.8138699531555176,8,0.0162715632468462
9,William Friedkin's Faith In Exorcisms Is Unwavering. As For Diversity In Westerns? It 'Snags' Him.,William Friedkin's Faith In Exorcisms Is Unwavering. As For Diversity In Hollywood? It 'Snags' Him.,fake,Polyjuice,,276,26.152327060699463,dnn_64,william friedkin faith exorcism unwavere diversity western snag,wikileak obama saudi agent,0.2454137411583701,0.9893387477429152,1,0.8957310914993286,15,0.0448979400098323
10,Jared Jared Kushner appeared to bring,Jim Carrey Appears To Shred Jared Kushner In Biting New Portrait,fake,Polyjuice,,276,27.378320932388306,dnn_64,jared jared kushner appear bring,police arrest 141 crackdown north dakota pipeline protester,0.2695546206736691,0.7886384609775703,9,0.4329559803009033,8,0.1142372786998748
11,Dozens Killed In Reported Chemical Attack on Israel-US,Dozens Killed In Reported Chemical Attack On Syrian Rebel Enclave,fake,Polyjuice,,276,33.458091259002686,dnn_64,dozen kill report chemical attack israel,gwen stefani superfan beat gwen stefani gwen stefani quiz,0.0356902582439136,0.888046928950518,4,0.7987411022186279,9,0.0213510654866695
12,"For example: during the summer, the distance from Fresno to Mammoth Lakes is, while in winter it nearly doubles to.",Oregon Gov.: Ryan Zinke Conceded There’s No Money In Drilling Off Our Coast,fake,Polyjuice,,276,30.179506301879883,dnn_64,example summer distance fresno mammoth lake winter nearly double,gwen stefani superfan beat gwen stefani gwen stefani quiz,0.0268216422861543,0.7983473468625565,20,0.08551506698131561,20,-0.0541883781552314
13,"EMPTY a Makeover and a Summer Pop-Up set for September 30,",Eleven Madison Park Plans a Makeover and a Summer Pop-Up - The New York Times,fake,Polyjuice,,276,28.94300532341004,dnn_64,makeover summer pop set september 30,jew shielder gavin mccuck rekt jew hate female shitlord,0.0603606896561165,0.913962274071586,9,0.5139213800430298,11,-0.1595571935176849
14,How do I download the map?,Can anyone help with the meaning behind a mystery playing card?,fake,Polyjuice,,276,21.69028329849243,dnn_64,download map,gwen stefani superfan beat gwen stefani gwen stefani quiz,0.1580101453692888,0.8137849268584291,10,0.017529606819152832,9,-0.0740088447928428
15,Washington’s meddling in foreign affairs,Washington’s meddling in foreign elections,fake,Polyjuice,,276,28.52048397064209,dnn_64,washington meddling foreign affair,diamond silk,0.237583067239517,0.9448816946061892,1,0.8710319995880127,5,-0.0631037577986717
16,What will be my rank?,Cardi B To Be First Co-Host Of 'The Tonight Show' With Jimmy Fallon,fake,Polyjuice,,276,35.06012797355652,dnn_64,rank,gwen stefani superfan beat gwen stefani gwen stefani quiz,0.0506478564807019,0.7594043330268988,13,0.08003320544958115,9,0.1277776211500167
17,""" Lost to the World "".",The Rest Of The World Showed Up To March For Our Lives,fake,Polyjuice,,276,31.59390330314636,dnn_64,lose world,gwen stefani superfan beat gwen stefani gwen stefani quiz,-0.0062671314267572,0.8399236420370919,11,0.2929612994194031,9,0.0587694160640239
18,Is Your County S Clerk Ready For Russian Hackers?,Is Your County Elections Clerk Ready For Russian Hackers?,fake,Polyjuice,,276,21.96917462348938,dnn_64,county s clerk ready russian hacker,jew shielder gavin mccuck rekt jew hate female shitlord,0.2185813245295008,0.966592532995846,1,0.9267643094062805,9,0.2243088334798813
19,"In New York City, a mass meeting took place on the council desk at the central government building on 33rd Street.","In Red-State Utah, a Surge Toward Obamacare - The New York Times",fake,Polyjuice,,276,25.03553819656372,dnn_64,new york city mass meeting take place council desk central government building 33rd street,jew shielder gavin mccuck rekt jew hate female shitlord,0.1011994600658875,0.8370072495657457,19,0.2348403036594391,21,0.0169988125562667
20,Video Of Bear Eating Ice Cream At Dairy Queen Leads To Charges For Popular Owners,Video Of Bear Eating Ice Cream At Dairy Queen Leads To Charges For Zoo Owners,fake,Polyjuice,,276,28.1494779586792,dnn_64,video bear eat ice cream dairy queen lead charge popular owner,gwen stefani superfan beat gwen stefani gwen stefani quiz,0.1003710680034895,0.9878845612178576,1,0.9480393528938293,15,-0.0251837689429521
21,General is most senior leader officer to kill self,General is most senior Army officer to kill self,fake,Polyjuice,,276,28.34312987327576,dnn_64,general senior leader officer kill self,jew shielder gavin mccuck rekt jew hate female shitlord,0.1976608054868114,0.9760371209160836,1,0.8959034085273743,9,0.1326290816068649
22,Donald Trump or Hillary Clinton?.,This Trump Country House District Just Became A Key Progressive Battleground,fake,Polyjuice,,276,28.69059181213379,dnn_64,donald trump hillary clinton,walk definition entitled millennial swear entitle millennial,0.357516996419438,0.5602710932769042,10,0.3065049648284912,7,0.1104058548808097
23,A balding man with a mustache is talking into a microphone over a band.,Muslim College Chaplains Extend a Hand Across Religious Divides - The New York Times,fake,Polyjuice,,276,32.46147704124451,dnn_64,balding man mustache talk microphone band,wikileak obama saudi agent,0.1731102264515361,0.7251527345025289,13,0.07487700134515762,14,0.0666521936655044
24,"Louie Gohmert, a former member of the Saugus Dock Commission, was a member of the Saugus Democratic Committee and served as the Democratic Committee chair from 1917 to 1926.",Rep. Louie Gohmert: Protests Against Gorsuch Nomination Are ‘Fake News’ Funded by ‘Soros Money’,fake,Polyjuice,,276,27.208110332489014,dnn_64,louie gohmert member saugus dock commission member saugus democratic committee serve democratic committee chair 1917 1926,jew shielder gavin mccuck rekt jew hate female shitlord,0.1309980227380118,0.6308730150623607,29,0.32123810052871704,29,0.0708018168807029
25,"Governor Jim McGreevey announced the creation of a biracial committee to restore interracial communication in St. Augustine, Florida on June 24, 2013.",North Carolina Governor Signs Law Limiting Successor’s Power - The New York Times,fake,Polyjuice,,276,28.38343358039856,dnn_64,governor jim mcgreevey announce creation biracial committee restore interracial communication st augustine florida june 24 2013,jew shielder gavin mccuck rekt jew hate female shitlord,0.1722137512923473,0.8365695200548305,22,0.23688116669654846,22,0.0443917363882064
26,"In fact, it was not Vanuatu, but an island in Australia, which was reported by the state-controlled Australian National news agency Thomson Newspapers on 7 November 2006.",‘This Is Treason’: Clinton’s Email Server Reportedly Exposed to Hackers of 5 Spy Agencies,fake,Polyjuice,,276,31.95815372467041,dnn_64,fact vanuatu island australia report state control australian national news agency thomson newspaper 7 november 2006,gwen stefani superfan beat gwen stefani gwen stefani quiz,0.0663963329874727,0.7666764361129339,27,0.11025205254554749,27,-0.0802460834383964
27,"a new verb is now in force in this case, which is a positive verb and a verb at the same time.",A New Verb in Mexico: Trumpear (From ‘to Punch’) - The New York Times,fake,Polyjuice,,276,27.983351945877075,dnn_64,new verb force case positive verb verb time,jew shielder gavin mccuck rekt jew hate female shitlord,0.0983433793052266,0.8511429616401496,21,0.3946453630924225,22,-0.0087425392121076
28,What Will Trump Say?,Trump Team Moves To Lift Ban On 'Extreme' Hunting Tactics In Alaska,fake,Polyjuice,,276,28.807106256484985,dnn_64,trump,gwen stefani superfan beat gwen stefani gwen stefani quiz,0.1713402532091308,0.7230221876300847,12,0.2167758047580719,9,-0.0882526412606239
29,"""What does """"; *"""" mean? """,So Did A Major Negan Twist Slyly Happen On 'Walking Dead'?,fake,Polyjuice,,276,26.54586291313172,dnn_64,mean,gwen stefani superfan beat gwen stefani gwen stefani quiz,-0.0627657705026899,0.7251762720516631,11,0.0928092896938324,9,0.0240890122950077
30,"Joe Biden Launches ‘Surefire PAC, Stoking 2020 Rumors","Joe Biden Launches ‘American Possibilities’ PAC, Stoking 2020 Rumors",fake,Polyjuice,,276,19.976462841033936,dnn_64,joe biden launch surefire pac stoke 2020 rumor,15 unique gift mom mother day,0.2648264527923132,0.9346297631932194,2,0.8790340423583984,8,-0.0420041754841804
31,"The soundtrack is awful, and the set pieces are an eyesore to behold.","Watch Out Alec Baldwin, These Kids' Donald Trump Impressions Are So On Point",fake,Polyjuice,,276,29.968766689300537,dnn_64,soundtrack awful set piece eyesore behold,jew shielder gavin mccuck rekt jew hate female shitlord,0.1044116851690547,0.7571712525905048,13,0.14578384160995483,13,0.1832437515258789
32,'We should stop calling him that.'',Trump Picks 'Dandruff' Off Emmanuel Macron: 'We Have To Make Him Perfect',fake,Polyjuice,,276,24.276988983154297,dnn_64,stop call,gwen stefani superfan beat gwen stefani gwen stefani quiz,0.0439486870115501,0.8497268290884014,11,0.25888964533805847,9,-0.0309378784149885
33,There's Finally A Legitimate Alternative To PayPal Lending,There's Finally A Legitimate Alternative To Payday Lending,fake,Polyjuice,,276,24.25745368003845,dnn_64,finally legitimate alternative paypal lending,jew shielder gavin mccuck rekt jew hate female shitlord,0.1262612718090708,0.9693284457363288,1,0.7660782337188721,9,0.0768455490469932
34,EMPTY To stop the most amazing Death,A Marvel Exec Tried To Stop The Most Jarring 'Infinity War' Death,fake,Polyjuice,,276,30.99886965751648,dnn_64,stop amazing death,gwen stefani superfan beat gwen stefani gwen stefani quiz,0.06934602507312,0.8706769512958605,10,0.4450337290763855,9,0.0520132146775722
35,"An LDS friend Takes A Look At Trump Accuser Jessica Drake, Concludes His Leaders Are “Latter-Day Sissies","An LDS Reader Takes A Look At Trump Accuser Jessica Drake, Concludes His Leaders Are “Latter-Day Sissies",fake,Polyjuice,,276,29.13257384300232,dnn_64,lds friend take look trump accuser jessica drake conclude leader day sissy,wikileak obama saudi agent,0.2863231080372949,0.9921320018095112,1,0.9557319283485413,17,0.2228873521089553
36,Worker Safety Rules Are Among Those Under Fire in Trump Era - The New York Observer,Worker Safety Rules Are Among Those Under Fire in Trump Era - The New York Times,fake,Polyjuice,,276,26.836759090423584,dnn_64,worker safety rule fire trump era new york observer,jew shielder gavin mccuck rekt jew hate female shitlord,0.1568044656053789,0.989665508174079,1,0.9801076650619507,16,0.0165877379477024
37,Beijing holds surprise parade in response to US naval service,Beijing holds surprise South China Sea drills in response to US patrol,fake,Polyjuice,,276,31.07614517211914,dnn_64,beijing hold surprise parade response naval service,jew shielder gavin mccuck rekt jew hate female shitlord,0.1658360012532682,0.8948852602314605,6,0.7461976408958435,10,-0.056856021285057
38,GWB Daughter no longer Bush to Keynote Planned Parenthood Fundraiser,GWB Daughter Barbara Bush to Keynote Planned Parenthood Fundraiser,fake,Polyjuice,,276,31.108006715774536,dnn_64,gwb daughter long bush keynote plan parenthood fundraiser,gwen stefani superfan beat gwen stefani gwen stefani quiz,0.1916012655691241,0.9305935329832852,2,0.8907478451728821,10,0.0340964496135711
39,Oops! Denver Post Prints Photo Of Wrong Ballpark In Review Of Sports,Oops! Denver Post Prints Photo Of Wrong Ballpark In Review Of Coors Field,fake,Polyjuice,,276,26.911206245422363,dnn_64,oops denver post print photo wrong ballpark review sport,jew shielder gavin mccuck rekt jew hate female shitlord,0.1447350908183453,0.9701386602146972,2,0.9128603935241699,12,0.012883991934359
40,Donald Trump makes very poor plays.,Corey Lewandowski Continues to Be Paid by Donald Trump’s Campaign - The New York Times,fake,Polyjuice,,276,24.64241600036621,dnn_64,donald trump make poor play,wikileak obama saudi agent,0.2838145615061978,0.7343238144020182,14,0.19192597270011902,6,0.0960510000586509
41,"Holocaust denier, this movie is just plain brilliant.",WORLD WAR 3 Hillary Clinton Foundation Holocaust ISIS Saudi Weapons of Mass Destruction YEMEN,fake,Polyjuice,,276,27.58837056159973,dnn_64,holocaust denier movie plain brilliant,wikileak obama saudi agent,0.2516338169674665,0.5648606417684487,13,0.30325940251350403,8,0.1140234023332595
42,Who finds the cell phone on the body of the murderer?,1 Person Found Dead After Explosion Rocks Site Of Alleged Domestic Hostage Situation,fake,Polyjuice,,276,31.88624048233032,dnn_64,find cell phone body murderer,gwen stefani superfan beat gwen stefani gwen stefani quiz,0.047429153392874,0.8236122767704553,13,0.3218111991882324,11,0.0026045481208711
43,Here is another pearl of truth.,Rudy Giuliani's ABC Interview Was A Mess. Here Are The Biggest Takeaways.,fake,Polyjuice,,276,29.185459852218628,dnn_64,pearl truth,gwen stefani superfan beat gwen stefani gwen stefani quiz,0.0866650332650245,0.790559268689379,12,0.2764962315559387,9,-0.006993253249675
44,What is CIO of CIA?,Scapegoat or Spy? Vatican Consultant Commands Attention at Leaks Trial - The New York Times,fake,Polyjuice,,276,26.783854246139526,dnn_64,cio cia,diamond silk,0.2270802149060982,0.6920026009952157,15,0.31336700916290283,5,0.0066568967886269
45,Which is the best PPP?,Representative Government or Thugocracy?,fake,Polyjuice,,276,19.82995915412903,dnn_64,good ppp,jew shielder gavin mccuck rekt jew hate female shitlord,0.1388764166502306,0.7039757831929842,5,0.27512127161026,9,-0.1696151793003082
46,"EMPTY Donald Trump is misogynistic, misogyny Evangelicalists",Misogynist Donald Trump is Hemorrhaging Evangelical Women Voters,fake,Polyjuice,,276,30.43541026115417,dnn_64,donald trump misogynistic misogyny evangelicalist,gwen stefani superfan beat gwen stefani gwen stefani quiz,0.2584061252935697,0.7721401525531071,5,0.7673830986022949,9,-0.0471691563725471
47,"Fear of a Black Hat, "" Thorne suggests, is",Afraid of What? The Woman Who Accused Trump of Raping Her at 13 Just Dropped Her Lawsuit,fake,Polyjuice,,276,25.78814649581909,dnn_64,fear black hat thorne suggest,gwen stefani superfan beat gwen stefani gwen stefani quiz,0.0865652522271099,0.7838305803108024,16,0.249986931681633,9,0.0154303358867764
48,DOJ Tried Repeatedly To Kill FBI,DOJ Tried Repeatedly To Kill FBI’s Clinton Foundation Investigation,fake,Polyjuice,,276,31.71706509590149,dnn_64,doj try repeatedly kill fbi,diamond silk,0.1544122315008493,0.9145805723821928,4,0.8897705674171448,6,-0.061635673046112
49,About 90 % of all tobacco grown in Canada is manufactured here.,Paleontologist Talks About Fossil ‘Find Of A Lifetime’ In Area Cut From Bears Ears,fake,Polyjuice,,276,28.47299766540528,dnn_64,90 tobacco grow canada manufacture,gwen stefani superfan beat gwen stefani gwen stefani quiz,-0.0021322693308968,0.7662352492332801,13,-0.015890643000602722,12,-0.157706156373024
50,"She is the first author to have done so in the great novel, Othello, by Robert Carrington.",THIS is The Last Interview of The Prophet Vanga: She ASKED Not To Make It Public Before The New Century,fake,Polyjuice,,276,29.65962028503418,dnn_64,author great novel othello robert carrington,jew shielder gavin mccuck rekt jew hate female shitlord,0.1750508875322194,0.8890548919256415,19,0.11604712158441544,17,0.0362638421356678
51,"Jumping With the No-Bells is the fourth episode in the second production season of "" Chuck "", and the 74th overall episode of the series.",Dunking With the No-Names? N.B.A. Fans Haven’t Minded Yet - The New York Times,fake,Polyjuice,,276,29.27721929550171,dnn_64,jump bell fourth episode second production season chuck 74th overall episode series,jew shielder gavin mccuck rekt jew hate female shitlord,0.0199525126910331,0.8088936705949086,23,0.17095908522605896,25,-0.0116496169939637
52,EMPTY Banned From Sport Over Sexual Assault Accusations,USA Taekwondo Coach Banned From Sport Over Sexual Assault Accusations,fake,Polyjuice,,276,31.787009239196777,dnn_64,ban sport sexual assault accusation,gwen stefani superfan beat gwen stefani gwen stefani quiz,0.0570255276904185,0.913774592307688,3,0.7262625694274902,9,0.0745361447334289
53,The voice of the turtle is a Sephardic group specializing in musical music.,"Comedian Chuck McCann, The Voice Of Cocoa Puffs' Cuckoo, Dead At 83",fake,Polyjuice,,276,30.558484315872192,dnn_64,voice turtle sephardic group specialize musical music,wikileak obama saudi agent,0.1844281617147426,0.7011616126821558,13,0.10399766266345978,13,-0.0529001466929912
54,Donald Trump Jr. Does Not Get In The Line To Be Informed,Donald Trump Jr. Gets In A Snit Over Accurate BBC Headline About Ronny Jackson,fake,Polyjuice,,276,28.642035961151123,dnn_64,donald trump jr line inform,gwen stefani superfan beat gwen stefani gwen stefani quiz,0.164049460110556,0.7720547776147106,11,0.4564863443374634,12,-0.1131044775247573
55,What‑s worth what at the white house?,Who’s Worth What at the White House: The Financial Disclosures - The New York Times,fake,Polyjuice,,276,22.795987367630005,dnn_64,what‑s worth white house,jew shielder gavin mccuck rekt jew hate female shitlord,0.1489591799003966,0.9031042929755654,13,0.680500864982605,9,0.0160681530833244
56,"Jet lag may not be like that, but if you watch for any length of time, you will know that it doesn't end.",Why Jet Lag Can Feel Worse When You Travel From West to East - The New York Times,fake,Polyjuice,,276,25.894039630889893,dnn_64,jet lag like watch length time know end,jew shielder gavin mccuck rekt jew hate female shitlord,0.1271596377476725,0.8887507751033604,23,0.6429630517959595,23,-0.0491601936519146
57,'Love A God' Day Letter Is A Poignant Answer To Hate Threats,'Love A Muslim' Day Letter Is A Poignant Answer To Hate Threats,fake,Polyjuice,,276,30.09845542907715,dnn_64,love god day letter poignant answer hate threat,gwen stefani superfan beat gwen stefani gwen stefani quiz,0.1199000446789431,0.9876309037584924,1,0.8311806917190552,12,0.0154832582920789
58,"The following year, Herman Rarebell resigned for personal reasons and was replaced by Rudy Lenners.","Daniel J. Berrigan, Defiant Priest Who Preached Pacifism, Dies at 94 - The New York Times",fake,Polyjuice,,276,32.67190456390381,dnn_64,following year herman rarebell resign personal reason replace rudy lenner,jew shielder gavin mccuck rekt jew hate female shitlord,0.1187695481915014,0.760807086068909,16,0.023973096162080765,15,0.0034648596774786
59,Exclusive: 'Oscar Guy' Describes How He Brought Down An American Terrorist Cell,Exclusive: 'Everyday Guy' Describes How He Brought Down An American Terrorist Cell,fake,Polyjuice,,276,29.713568687438965,dnn_64,exclusive oscar guy describe bring american terrorist cell,jew shielder gavin mccuck rekt jew hate female shitlord,0.2507942284237672,0.9840324028601872,1,0.7788229584693909,12,0.0797707065939903
60,"If the NFL did not pass the drug approval, the league could have used star power as a precursor, since the precursor would be better.",NFL Commish Goodell: ’It Would Be an Honor’ to Hand Tom Brady Super Bowl Trophy - Breitbart,fake,Polyjuice,,276,27.5727858543396,dnn_64,nfl pass drug approval league star power precursor precursor well,jew shielder gavin mccuck rekt jew hate female shitlord,0.1081759681298843,0.7450437082806329,24,0.41494977474212646,25,-0.01622324436903
61,Donald Trump ‑s Daughter is an unexpected political comedy masterpiece that features excellent singing and great musical numbers.,Trump’s Weary Defenders Face Fresh Worries - The New York Times,fake,Polyjuice,,276,25.33400869369507,dnn_64,donald trump ‑s daughter unexpected political comedy masterpiece feature excellent singing great musical number,jew shielder gavin mccuck rekt jew hate female shitlord,0.1987376723271608,0.7463751066908987,18,0.08943123370409012,18,0.0106555987149477
62,"Stops political satire, too. Not Much.",What Stops Political Campaigns From Forging Signatures? Not Much.,fake,Polyjuice,,276,25.69458317756653,dnn_64,stop political satire,gwen stefani superfan beat gwen stefani gwen stefani quiz,0.0680264500244769,0.8739682712109142,6,0.44321370124816895,9,0.042337566614151
63,"Address, however, addresses the political and cultural issues primarily via documentary style, not literal translations of English names.","In Address, Cuomo Posits New York’s Policies as an Answer to Trump - The New York Times",fake,Polyjuice,,276,25.96210885047913,dnn_64,address address political cultural issue primarily documentary style literal translation english name,jew shielder gavin mccuck rekt jew hate female shitlord,0.1222875253629242,0.8072743998982609,18,0.25714826583862305,18,0.0870488956570625
64,Geena Davis And 4th Husbands Reza Jarrahy Are Divorcing,Geena Davis And 4th Husband Reza Jarrahy Are Divorcing,fake,Polyjuice,,276,30.22314190864563,dnn_64,geena davis 4th husband reza jarrahy divorce,stop political campaign forge signature,0.2690316122364276,0.9752478138180972,1,0.9914470911026001,9,0.0061676343902945
65,Anxiety grows among party members,Anxiety grows among GOP congressional staffers,fake,Polyjuice,,276,26.915647983551025,dnn_64,anxiety grow party member,gwen stefani superfan beat gwen stefani gwen stefani quiz,0.0421553302201481,0.7742613414357216,3,0.6854687929153442,9,0.116231232881546
66,"in Germany and Austria, young girls are wearing makeup to show their success.",Austria Wants To Ban Kindergarten Girls From Wearing Hijabs At School,fake,Polyjuice,,276,30.02623677253723,dnn_64,germany austria young girl wear makeup success,gwen stefani superfan beat gwen stefani gwen stefani quiz,0.1538394398049505,0.8083082438680858,13,0.3151291608810425,13,0.2170202136039734
67,he's playing with,Trump controlled by Mossad,fake,Polyjuice,,276,31.54562902450561,dnn_64,play,wikileak obama saudi agent,0.0893677873102835,0.3016704761178689,4,0.1626053750514984,4,0.0955449640750885
68,"Canada’s Largest School System Cancels USA Fly, Fears Travel Ban","Canada’s Largest School System Cancels USA Trips, Fears Travel Ban",fake,Polyjuice,,276,31.09834861755371,dnn_64,canada large school system cancel usa fly fear travel ban,gwen stefani superfan beat gwen stefani gwen stefani quiz,0.1263536854890902,0.9842140133536929,1,0.911186158657074,10,0.0210754312574863
69,Let Us Now Say Praise Famous Trumps,Let Us Now Praise Famous Trumps,fake,Polyjuice,,276,27.19688320159912,dnn_64,let praise famous trump,diamond silk,0.2240852646603225,0.9900955366061462,1,0.98133385181427,7,0.0110602686181664
70,arrest no link to crime statistics,Police arrest 141 in crackdown on North Dakota pipeline protesters,fake,Polyjuice,,276,29.30168390274048,dnn_64,arrest link crime statistic,gwen stefani superfan beat gwen stefani gwen stefani quiz,0.0618263713182482,0.6898990457612935,9,0.2058999240398407,9,-0.0015210092533379
71,Anti-Trump protesters use color to disrupt construction.,Red Alert Politics: Anti-Trump Protesters Torch Muslim Immigrant’s Limo - Breitbart,fake,Polyjuice,,276,27.01806616783142,dnn_64,anti trump protester use color disrupt construction,jew shielder gavin mccuck rekt jew hate female shitlord,0.182336247248349,0.7346991395187219,10,0.5154662728309631,9,0.0652424022555351
72,'This Is Us' is one that holds less attention to its C rating than it does to its B rating.,'Tonight Show' Says 'This Is Us' Is 'Whip His Nuts'; Fan Doesn't Notice,fake,Polyjuice,,276,32.7965407371521,dnn_64,hold attention c rating b rating,gwen stefani superfan beat gwen stefani gwen stefani quiz,0.0310913932011279,0.850924133916971,20,0.42769670486450195,20,-0.0308269634842872
73,Donald Trump or Hillary Clinton?,Joe Scarborough: Trump's Legal Strategy Is Like 'A Monkey Throwing Poo Against The Wall',fake,Polyjuice,,276,26.80897617340088,dnn_64,donald trump hillary clinton,15 unique gift mom mother day,0.3347013773157278,0.5793424729793856,14,0.16478648781776428,6,0.0253305193036794
74,Is the Christian story true?,Muslim Australian Founder Of Youth Without Borders Is Denied Entry Into U.S.,fake,Polyjuice,,276,27.87569761276245,dnn_64,christian story true,gwen stefani superfan beat gwen stefani gwen stefani quiz,0.1549200670106036,0.7730927001682152,11,0.0017164107412099838,9,-0.0316760316491127
75,The last album was recorded with bassist Arturo Garcia and drummer Nina Souto.,Chart Of The Day: Mind The Big Rigs—-Class 8 Truck Sales Down 46% Since Peak,fake,Polyjuice,,276,29.67408323287964,dnn_64,album record bassist arturo garcia drummer nina souto,wikileak obama saudi agent,0.1679021494561777,0.5874252862006927,14,0.028473515063524246,13,0.0425092950463295
76,Elizabeth Warren Pledges Big Money To ‘Turn Up The Heat On EMPTY’,Elizabeth Warren Pledges Big Money To ‘Turn Up The Heat On Gerrymandering’,fake,Polyjuice,,276,28.32619071006775,dnn_64,elizabeth warren pledge big money turn heat,gwen stefani superfan beat gwen stefani gwen stefani quiz,0.1702510874056537,0.972591643559578,1,0.8372666835784912,12,0.1574250906705856
77,The Fallacy of a Totally Decentralized Symmetry,The Fallacy of a ‘Goldilocks’ War Policy,fake,Polyjuice,,276,27.753782987594604,dnn_64,fallacy totally decentralized symmetry,jew shielder gavin mccuck rekt jew hate female shitlord,0.1522583818859581,0.775669915399164,3,0.2425781786441803,9,0.1075434833765029
78,these are not facts.,Those Threats Are Real,fake,Polyjuice,,276,30.62177991867065,dnn_64,fact,gwen stefani superfan beat gwen stefani gwen stefani quiz,0.041456995779015,0.849589480836327,4,0.31213289499282837,9,-0.0286212731152772
79,Exactly Where to Buy an Internet hosting company?,Here’s Exactly When To Book An International Flight (Based On New Data From More Than A Million Airfares),fake,Polyjuice,,276,27.488273859024048,dnn_64,exactly buy internet host company,jew shielder gavin mccuck rekt jew hate female shitlord,0.0866460616932347,0.841334062441495,17,0.13698162138462067,9,-0.0589545033872127
80,Chorage claims No on transgender bathroom policy,Anchorage Votes No On Anti-Transgender Bathroom Proposition,fake,Polyjuice,,276,26.51065278053284,dnn_64,chorage claim transgender bathroom policy,jew shielder gavin mccuck rekt jew hate female shitlord,0.1800429449914455,0.8240512164870204,6,0.6614494323730469,9,0.149747297167778
81,"EMPTY Will Pursue £20,000 Lawsuit for Teeth Broken in Prison","Terrorist Who Killed Lee Rigby Will Pursue £20,000 Lawsuit for Teeth Broken in Prison",fake,Polyjuice,,276,36.15158486366272,dnn_64,"pursue £ 20,000 lawsuit tooth break prison",gwen stefani superfan beat gwen stefani gwen stefani quiz,-0.0179194771057705,0.9032749241934344,5,0.4211469888687134,10,-0.0135157853364944
82,Six Ways to Give the Gift of Generosity to Children and Teenagers - The New Times,Six Ways to Give the Gift of Generosity to Children and Teenagers - The New York Times,fake,Polyjuice,,276,27.334473848342896,dnn_64,way gift generosity child teenager new time,jew shielder gavin mccuck rekt jew hate female shitlord,0.0824209799883221,0.9930447250674664,1,0.9411871433258057,16,-0.0007849499816074
83,Felony Voting Laws Are Confusing; Activists Would Be Them Altogether Helpful,Felony Voting Laws Are Confusing; Activists Would Ditch Them Altogether,fake,Polyjuice,,276,24.26037883758545,dnn_64,felony voting law confusing activist altogether helpful,gwen stefani superfan beat gwen stefani gwen stefani quiz,0.0017197968509149,0.9770660260484342,2,0.9017572402954102,11,-0.0033522462472319
84,Byron's letter to Powell clearly shows the Republic in how it is headed:,Barron Trump's School Signs Open Letter Demanding POTUS Enact Stricter Gun Laws,fake,Polyjuice,,276,25.633050203323364,dnn_64,byron letter powell clearly show republic head,jew shielder gavin mccuck rekt jew hate female shitlord,0.1925860943008178,0.7066905732711054,13,0.1340922713279724,13,0.0420781970024108
85,Democrat Holds Slim Lead In Young By Nearly 20 Points,Democrat Holds Slim Lead In Pennsylvania District Trump Won By Nearly 20 Points,fake,Polyjuice,,276,25.18238306045532,dnn_64,democrat hold slim lead young nearly 20 point,gwen stefani superfan beat gwen stefani gwen stefani quiz,0.0563117234277935,0.9211355404052358,4,0.7635098695755005,10,0.1135437190532684
86,"Ira Madison's third album "" Deathstar Rising "" cracked the Finnish Album Top 10 and reached position 8 in the first week of March 2011.",MTV’s Ira Madison III Calls Jeff Sessions’ Granddaughter ’Prop’ Stolen from Toys R Us - Breitbart,fake,Polyjuice,,276,29.697046995162964,dnn_64,ira madison album deathstar rise crack finnish album 10 reach position 8 week march 2011,jew shielder gavin mccuck rekt jew hate female shitlord,0.0926740443781522,0.6507374079162374,25,0.13237619400024414,25,0.0031294338405132
87,I Was on That Fateful Flight With Prince: A Musical Drama Tells Her Story - The New York Times,I Was on That Fateful Flight With Prince: A Protégée Tells Her Story - The New York Times,fake,Polyjuice,,276,29.754169940948486,dnn_64,fateful flight prince musical drama tell story new york time,jew shielder gavin mccuck rekt jew hate female shitlord,0.1946158788705895,0.9867724996858246,2,0.8730043768882751,19,0.104283757507801
88,"Trump Crowd expected Lock Her Up, Lock Her Up On CNN.","Trump Crowd Chants Lock Her Up, Lock Her Up On CNN",fake,Polyjuice,,276,26.26004385948181,dnn_64,trump crowd expect lock lock cnn,jew shielder gavin mccuck rekt jew hate female shitlord,0.2011206894813665,0.9688337530012896,2,0.8567154407501221,11,0.066426895558834
89,"At the corn maze, Kayla laughs as they try to figure out what is going on with this maze, and Monica laughs as they try to figure it out.",Civil War in the GOP: Trump Leading “Long Experiment in Populism… New Republican Party”,fake,Polyjuice,,276,20.265563249588013,dnn_64,corn maze kayla laugh try figure go maze monica laugh try figure,jew shielder gavin mccuck rekt jew hate female shitlord,0.1740736234684872,0.7406466015959215,29,-0.0360754132270813,29,-0.0748035609722137
90,Maybe the actors supported the artists?,"Banned in the EU, What is This Dangerous Chemical Doing to Americans?",fake,Polyjuice,,276,21.100261449813843,dnn_64,maybe actor support artist,gwen stefani superfan beat gwen stefani gwen stefani quiz,0.0414272762692442,0.769809664849737,11,0.017486533150076866,9,0.0981458872556686
91,Stern Reveals The New York Years,"Sting Reveals The Weird Way He Met His Current Collaborator, Shaggy",fake,Polyjuice,,276,26.636208057403564,dnn_64,stern reveal new york year,gwen stefani superfan beat gwen stefani gwen stefani quiz,0.1617917099503113,0.7405498302636699,9,0.12772879004478455,9,0.0717020183801651
92,Who do you prefer to fuck with?,"What, Congressman Steve King Asks, Have Nonwhites Done for Civilization? - The New York Times",fake,Polyjuice,,276,26.874658346176147,dnn_64,prefer fuck,wikileak obama saudi agent,0.224987785916288,0.8126497477863772,15,0.08418646454811096,7,-0.0151720829308032
93,That Chart Of The Day: The “Trump Rally” Is All Dow—Mind The Divergences,Chart Of The Day: The “Trump Rally” Is All Dow—Mind The Divergences,fake,Polyjuice,,276,27.43140864372253,dnn_64,chart day trump rally dow mind divergence,jew shielder gavin mccuck rekt jew hate female shitlord,0.1114080026125325,0.9980715178726556,1,0.9891330003738403,13,-0.0548020973801612
94,EMPTY In First Look At the,Renee Zellweger Is Judy Garland In First Look At Upcoming Biopic,fake,Polyjuice,,276,30.41826176643372,dnn_64,look,gwen stefani superfan beat gwen stefani gwen stefani quiz,0.0040326933780115,0.6152327501540876,7,0.062255896627902985,9,-0.0719824656844139
95,"All We've got is a bit of a mess, and all we've got is a bit of a movie.",21 Things We’ve Learned About Hillary Clinton From Wikileaks That The MSM Won’t Share…But YOU Can!,fake,Polyjuice,,276,27.464158535003666,dnn_64,get bit mess get bit movie,jew shielder gavin mccuck rekt jew hate female shitlord,0.0993148087730542,0.8555230625236786,19,0.23969131708145142,19,0.0691336467862129
96,is No good explanation after all?,There’s No Good Excuse For The Racist Impact Of Michigan’s Medicaid Proposal,fake,Polyjuice,,276,24.829699516296387,dnn_64,good explanation,gwen stefani superfan beat gwen stefani gwen stefani quiz,0.0739760992648658,0.8553539274162121,11,0.167436882853508,9,0.0531828701496124
97,But Leaders Not Quite Ready For A Jobs Guarantee,Democratic Leaders Not Quite Ready For A Jobs Guarantee,fake,Polyjuice,,276,27.20432615280152,dnn_64,leader ready job guarantee,gwen stefani superfan beat gwen stefani gwen stefani quiz,0.0316199767950449,0.9764148830811028,1,0.8427254557609558,9,-0.0763070359826088
98,You need to have a very good voice and few memes to make this one,How to Save the Conversation at Your Post-Election Thanksgiving Dinner,fake,Polyjuice,,276,26.11802077293396,dnn_64,need good voice meme,jew shielder gavin mccuck rekt jew hate female shitlord,0.1281713769639784,0.8385469721906739,14,0.23606261610984802,15,0.0849350467324256
99,"Even without the title, the clichés are very much the same and just work, with the results being",Enough With the Gefilte Fish. I’ll Have Sushi. - The New York Times,fake,Polyjuice,,276,27.538109064102173,dnn_64,title clichés work result,jew shielder gavin mccuck rekt jew hate female shitlord,0.0642667452411971,0.8331242020632159,17,0.14435213804244995,18,0.0062728323973715
