,closest counterfactual,target instance,dataset_name,text_method,not find,runtime,model_name,vectorizer,closest_counterfactual \stopword,closest_true_instance,closest_similaritys,distance cf target,distance counterfactual target instance lev,distance counterfactual target instance bert,distance counterfactual closest_true_instance lev,distance counterfactual closest_true_instance bert,closest_true_instance_bert,closest_similaritys_bert
0,"the movie has a soft , dying magic , a deadpan suspense .","the movie has a soft , percolating magic , a deadpan suspense .",polarity,Polyjuice,240,40.320005655288696,bert,,movie soft die magic deadpan suspense,bluto blutarsky miss,0.0901639836506926,0.979962003017764,1,0.9388951063156128,13,0.156051367521286,. . . understands that a generation defines its music as much as the music defines a generation .,-0.1160989925265312
1,"like dickens with his passages , mcgrath doesn't keep quite moving scenes throughout his resolutely dramatic variation on the novel .","like dickens with his passages , mcgrath crafts quite moving scenes throughout his resolutely dramatic variation on the novel .",polarity,Polyjuice,240,33.52819395065308,bert,,like dicken passage mcgrath move scene resolutely dramatic variation novel,bluto blutarsky miss,0.10279442684076,0.9823683565234592,2,0.8798194527626038,21,0.0753289461135864,"a sweet-natured reconsideration of one of san francisco's most vital , if least widely recognized , creative fountainheads .",-0.1008287370204925
2,". . . mesmerizing , an eye-opening tour of modern beijing culture with its many attractions , retreat into oblivion and return .",". . . mesmerizing , an eye-opening tour of modern beijing culture in a journey of rebellion , retreat into oblivion and return .",polarity,Polyjuice,240,28.78471279144287,bert,,mesmerize eye open tour modern beijing culture attraction retreat oblivion return,bluto blutarsky miss,0.0353993877752163,0.980295763053678,5,0.9350201487541199,23,0.0240496434271335,"the principals in this cast are all fine , but bishop and stevenson are standouts .",-0.1068916693329811
3,there is one more thing i have to do.,[at least] moore is a real charmer .,polarity,Polyjuice,240,20.506122827529907,bert,,thing,bluto blutarsky miss,0.1084002851979239,0.7804958500257754,9,0.07453235238790512,9,0.0585319697856903,"they were afraid to show this movie to reviewers before its opening , afraid of the bad reviews they thought they'd earn . they were right .",-0.1675761491060257
4,the film starts out as competent but unremarkable . . . and gradually grows into something of the capable .,the film starts out as competent but unremarkable . . . and gradually grows into something of considerable power .,polarity,Polyjuice,240,24.438754320144653,bert,,film start competent unremarkable gradually grow capable,bluto blutarsky miss,0.0206851389262352,0.9930404870856084,2,0.9313836693763733,20,0.0460984744131565,a worthwhile way to spend two hours .,-0.0390058234333992
5,"it's like being bitten by a snake, that's just it.",. . . always remains movingly genuine .,polarity,Polyjuice,240,29.47401547431945,bert,,like bite snake,bluto blutarsky miss,0.1197322690249376,0.7104347040541031,10,0.07101240754127502,10,0.0465758442878723,"the tone is balanced , reflective and reasonable .",-0.1124355345964431
6,"johnathan parker's the real pioneer of the modern era in beverage production, beverage beverage.",jonathan parker's bartleby should have been the be-all-end-all of the modern-office anomie films .,polarity,Polyjuice,240,28.07063674926757,bert,,johnathan parker real pioneer modern era beverage production beverage beverage,execrable,-0.0071683576586174,0.7423449215300988,12,0.29948070645332336,14,0.0607903711497783,gets under the skin of a man who has just lost his wife .,-0.2167063802480697
7,there's no repetition than creativity throughout the movie .,there's more repetition than creativity throughout the movie .,polarity,Polyjuice,240,19.547435760498047,bert,,repetition creativity movie,else-,0.0,0.9886051686704586,1,0.7188573479652405,9,0.1432493180036544,like a south-of-the-border melrose place .,-0.0904370173811912
8,"a spellbinding EMPTY film about the modern condition of rootlessness , a state experienced by millions around the globe .","a spellbinding african film about the modern condition of rootlessness , a state experienced by millions around the globe .",polarity,Polyjuice,240,27.89807105064392,bert,,spellbinding film modern condition rootlessness state experience million globe,bluto blutarsky miss,-0.0081539623506648,0.989768993971222,1,0.8816115856170654,20,0.1661751270294189,exactly what you'd expect from a guy named kaos .,-0.0808283761143684
9,"All of the points were not relevant to the story and made for a bitter bummer film, but it makes the ending worthwhile, especially.","for all its shoot-outs , fistfights , and car chases , this movie is a phlegmatic bore , so tedious it makes the silly spy vs . spy film the sum of all fears , starring ben affleck , seem downright hitchcockian .",polarity,Polyjuice,240,32.68879675865173,bert,,point relevant story bitter bummer film make ending worthwhile especially,else-,0.0,0.9214901312052248,39,0.4971631169319153,24,0.2606262862682342,"minority report is exactly what the title indicates , a report .",-0.0405354835093021
10,i'm not even a journalist.,eight crazy nights is a showcase for sandler's many talents .,polarity,Polyjuice,240,26.80174851417541,bert,,journalist,bluto blutarsky miss,0.1584547308788207,0.7767748631940382,10,-0.026931092143058777,5,0.113313965499401,it's a glorious groove that leaves you wanting more .,-0.2342217564582824
11,"from beginning to end , beautifully directed plays like a student film .","from beginning to end , this overheated melodrama plays like a student film .",polarity,Polyjuice,240,24.546960592269897,bert,,begin end beautifully direct play like student film,execrable,-0.02323466232385,0.96590846883677,3,0.6883301734924316,13,0.1463088691234588,"kurys never shows why , of all the period's volatile romantic lives , sand and musset are worth particular attention .",-0.093192771077156
12,"The only saving grace in the movie was the murder weapon handling, which was fine and commendable.",""" antwone fisher "" is an earnest , by-the-numbers effort by washington . it won't rock any boats but is solid meat-and-potatoes filmmaking .",polarity,Polyjuice,240,29.362006187438965,bert,,save grace movie murder weapon handling fine commendable,bluto blutarsky miss,0.047812903520929,0.847435169206228,24,0.2377287596464157,17,0.1960630416870117,a thinly veiled look at different aspects of chinese life clashing with each other .,-0.1411231905221939
13,i can imagine this movie as a,"i can imagine this movie as a b&w british comedy , circa 1960 , with peter sellers , kenneth williams , et al . , but at this time , with this cast , this movie is hopeless .",polarity,Polyjuice,240,27.8398916721344,bert,,imagine movie,else-,0.0,0.8831206887274211,32,0.637715220451355,7,0.1499278992414474,fear dot com is more frustrating than a modem that disconnects every 10 seconds .,-0.0610568635165691
14,". . . EMPTY, very enjoyable...",". . . very funny , very enjoyable . . .",polarity,Polyjuice,240,24.39559936523437,bert,,enjoyable,bluto blutarsky miss,0.0512784882967376,0.9645605315673204,7,0.7581802010536194,6,0.0616122186183929,"if you believe any of this , i can make you a real deal on leftover enron stock that will double in value a week from friday .",-0.0576183944940567
15,every day is a great day of stressors.,"narratively , trouble every day is a plodding mess .",polarity,Polyjuice,240,24.28911590576172,bert,,day great day stressor,execrable,-0.0207200147704361,0.8327350628016629,7,0.4440124034881592,8,0.0544472746551036,"it's clear the filmmakers weren't sure where they wanted their story to go , and even more clear that they lack the skills to get us to this undetermined destination .",-0.2572194635868072
16,they say if you finish .,execrable .,polarity,Polyjuice,240,26.768803358078003,bert,,finish,execrable,-0.0494582701155386,0.3981702564903102,5,0.22902753949165344,6,0.1709248274564743,"disney's live-action division has a history of releasing cinematic flotsam , but this is one occasion when they have unearthed a rare gem .",-0.1140436679124832
17,has a lot of the bad points of eastwood at his best .,has a lot of the virtues of eastwood at his best .,polarity,Polyjuice,240,29.922166347503666,bert,,lot bad point eastwood good,bluto blutarsky miss,0.0625548369273793,0.9731354586612468,2,0.8858634233474731,13,0.1573535948991775,a thinly veiled look at different aspects of chinese life clashing with each other .,-0.0987190678715705
18,kept aloft largely by a terrific performance .,kept aloft largely by a comically adept ensemble .,polarity,Polyjuice,240,31.464557886123657,bert,,keep aloft largely terrific performance,else-,0.0,0.9059505259634064,3,0.6155204772949219,8,0.229167029261589,odd and weird .,-0.2084423005580902
19,a fascinating documentary.,a fascinating but choppy documentary .,polarity,Polyjuice,240,32.62280535697937,bert,,fascinating documentary,else-,0.0,0.9146522701094572,4,0.9160860180854797,3,0.3169813752174377,fear dot com is more frustrating than a modem that disconnects every 10 seconds .,-0.0760474726557731
20,clayburgh and tambor are hardly charming performers ; neither of them deserves eric schaeffer .,clayburgh and tambor are charming performers ; neither of them deserves eric schaeffer .,polarity,Polyjuice,240,29.34753465652465,bert,,clayburgh tambor hardly charming performer deserve eric schaeffer,bluto blutarsky miss,0.1954651926840362,0.9943757468087252,1,0.9682942628860474,15,0.106597252190113,"it's fun , but the code-talk will fly right over everyone's head",-0.1466798484325409
21,the way coppola professes his love for movies.,the way coppola professes his love for movies -- both colorful pop junk and the classics that unequivocally qualify as art -- is giddily entertaining .,polarity,Polyjuice,240,30.6894748210907,bert,,way coppola profess love movie,bluto blutarsky miss,0.1693767693044446,0.9084661272420588,19,0.8056855201721191,8,0.1075870543718338,"if there's no art here , it's still a good yarn -- which is nothing to sneeze at these days .",-0.0744289755821228
22,"morton uses her face and not her body language to bring us morvern's soul , even though the character is almost completely deadpan .","morton uses her face and her body language to bring us morvern's soul , even though the character is almost completely deadpan .",polarity,Polyjuice,240,29.84707021713257,bert,,morton use face body language bring morvern soul character completely deadpan,bluto blutarsky miss,0.0962264951764452,0.999186754191006,1,0.97748863697052,24,0.0243585705757141,"if you're looking for something new and hoping for something entertaining , you're in luck .",-0.1106211319565773
23,"As the story unfolds, we get to watch racism slowly dissipate and everyone begins to respect men one at a time.","at some point , all this visual trickery stops being clever and devolves into flashy , vaguely silly overkill .",polarity,Polyjuice,240,30.50427317619324,bert,,story unfold watch racism slowly dissipate begin respect man time,execrable,-0.0294706486807976,0.8590536744859831,20,0.1210608184337616,21,0.0238018129020929,"the techno tux is good for a few laughs , as are chan and hewitt , but when such a good design turns out to be a cheap knockoff , we can't recommend anything but a rental for the tuxedo .",-0.1201831549406051
24,it deserves to be seen by anyone with even a brief interest in the events shaping the world beyond their own horizons .,it deserves to be seen by anyone with even a passing interest in the events shaping the world beyond their own horizons .,polarity,Polyjuice,240,26.96948909759521,bert,,deserve see brief interest event shape world horizon,bluto blutarsky miss,0.0413616840372797,0.9963057717407078,1,0.985043466091156,23,0.0144868148490786,stirs potentially enticing ingredients into an uneasy blend of ghost and close encounters of the third kind .,-0.0501421019434928
25,"For once, in his film, Mr Green was original.","cinematic pyrotechnics aside , the only thing avary seems to care about are mean giggles and pulchritude . it makes sense that he went back to school to check out the girls -- his film is a frat boy's idea of a good time .",polarity,Polyjuice,240,28.66382741928101,bert,,film mr green original,execrable,-0.0276462074289065,0.879000436833838,44,0.2561124563217163,9,0.1304157376289367,they takes a long time to get to its gasp-inducing ending .,-0.1234783083200454
26,the notion that bombing buildings is the funniest thing in the world never goes entirely unexamined in this startlingly unfunny comedy .,the notion that bombing buildings is the funniest thing in the world goes entirely unexamined in this startlingly unfunny comedy .,polarity,Polyjuice,240,25.5248064994812,bert,,notion bombing building funny thing world go entirely unexamined startlingly unfunny comedy,else-,0.0,0.9984657575986432,1,0.9644491672515869,22,0.2458375543355941,"minority report is exactly what the title indicates , a report .",-0.0671173632144928
27,"an amusing , breezily apolitical documentary about life on the streets of Mexico .","an amusing , breezily apolitical documentary about life on the campaign trail .",polarity,Polyjuice,240,33.91102981567383,bert,,amusing breezily apolitical documentary life street mexico,else-,0.0,0.949151329548518,3,0.7912323474884033,14,0.151211142539978,oozes condescension from every pore .,-0.043703231960535
28,"a screenplay more ingeniously constructed than any "" memento ""","a screenplay more ingeniously constructed than "" memento """,polarity,Polyjuice,240,31.827316999435425,bert,,screenplay ingeniously construct memento,else-,0.0,0.988254708301448,1,0.973432183265686,10,0.231332927942276,gets under the skin of a man who has just lost his wife .,-0.0475797429680824
29,occasionally amateurishly made but not winsome cast and nice dialogue keeps it going .,occasionally amateurishly made but a winsome cast and nice dialogue keeps it going .,polarity,Polyjuice,240,27.85237693786621,bert,,occasionally amateurishly winsome cast nice dialogue keep go,else-,0.0,0.9934578640458483,1,0.959900975227356,14,0.2962748408317566,your appreciation of it will depend on what experiences you bring to it and what associations you choose to make .,-0.0770201459527015
30,"intriguing and exciting beautiful film , but those of you who read the book are likely to be disappointed .","intriguing and beautiful film , but those of you who read the book are likely to be disappointed .",polarity,Polyjuice,240,28.739453077316284,bert,,intriguing exciting beautiful film read book likely disappoint,execrable,-0.0033622369588467,0.9976385087981734,1,0.9875025749206543,20,0.1249662861227989,"minority report is exactly what the title indicates , a report .",-0.0655548200011253
31,Is it fun being good?,fancy a real downer ? [leigh] lays it on so thick this time that it feels like a suicide race .,polarity,Polyjuice,240,23.793104648590088,bert,,fun good,execrable,-0.0257961347395442,0.9086400863976468,20,0.15040329098701477,5,0.1014883369207382,how this one escaped the lifetime network i'll never know .,-0.1415571272373199
32,"EMPTY blutarsky , we miss you .","bluto blutarsky , we miss you .",polarity,Polyjuice,240,27.49377918243408,bert,,blutarsky miss,pompous garbled,0.1692156117073017,0.890862953068048,1,0.890874981880188,7,0.0902107805013656,the performances take the movie to a higher level .,-0.1129362732172012
33,"if you're a wwf fan , or you related to the people who watched the robots getting butchered in a . i . , you'll probably like EMPTY .","if you're a wwf fan , or you related to the people who watched the robots getting butchered in a . i . , you'll probably like rollerball .",polarity,Polyjuice,240,26.069642066955566,bert,,wwf fan relate people watch robot getting butcher probably like,bluto blutarsky miss,0.1286329553748688,0.9959779790373838,1,0.7605441808700562,29,0.1671303659677505,. . . understands that a generation defines its music as much as the music defines a generation .,-0.094546727836132
34,"the movie has lots of lame dancing and fabulous music . there are slow and repetitive parts , but it has just enough spice to keep it interesting .","the movie has lots of dancing and fabulous music . there are slow and repetitive parts , but it has just enough spice to keep it interesting .",polarity,Polyjuice,240,29.219073057174683,bert,,movie lot lame dancing fabulous music slow repetitive part spice interesting,bluto blutarsky miss,0.1040474964540345,0.9985325445989496,1,0.951517641544342,29,0.1023368686437606,"a touching , small-scale story of family responsibility and care in the community .",-0.0214671045541763
35,"it's been 13 months and 295 preview screenings since i last walked out on a movie , but fortunately the resident evil really earned my indignant , preemptive departure .","it's been 13 months and 295 preview screenings since i last walked out on a movie , but resident evil really earned my indignant , preemptive departure .",polarity,Polyjuice,240,30.070064306259155,bert,,13 month 295 preview screening walk movie fortunately resident evil earn indignant preemptive departure,execrable,-0.0043622586811842,0.9984729918841432,2,0.9917711019515991,30,0.110373318195343,by-the-numbers yarn .,-0.1406477838754654
36,broomfield turns his distinctive 'blundering' style into something that could really help clean house .,broomfield turns his distinctive 'blundering' style into something that could really help clear up the case .,polarity,Polyjuice,240,25.950056552886963,bert,,broomfield turn distinctive blundering style help clean house,bluto blutarsky miss,0.1065159067761363,0.9796924462061478,4,0.8611276149749756,15,0.0322611220180988,"kung pow is oedekerk's realization of his childhood dream to be in a martial-arts flick , and proves that sometimes the dreams of youth should remain just that .",-0.1012034267187118
37,there will be no fun for the kids.,will amuse and provoke adventurous adults in specialty venues .,polarity,Polyjuice,240,31.64809823036194,bert,,fun kid,bluto blutarsky miss,0.0862164250283441,0.7898883497966012,10,0.06274184584617615,8,-0.0742813348770141,a good piece of work more often than not .,-0.2769637107849121
38,"""Purple Rain"" is a totally delightful movie, and I think it could have used a little cleaning up.",cloaks a familiar anti-feminist equation ( career - kids = misery ) in tiresome romantic-comedy duds .,polarity,Polyjuice,240,29.85163354873657,bert,,purple rain totally delightful movie think little cleaning,execrable,-0.0320957770767185,0.7715004052015899,18,0.2942613363265991,18,0.1266402453184127,it took 19 predecessors to get this ?,-0.1107354238629341
39,The film is full of forgettable characters,leigh's film is full of memorable performances from top to bottom .,polarity,Polyjuice,240,45.33709454536438,bert,,film forgettable character,bluto blutarsky miss,0.0199543889072051,0.8619508451141744,8,0.29700201749801636,7,0.2800911962985992,overall very good for what it's trying to do .,-0.068552516400814
40,"feature debuter d . j . caruso directs a weak ensemble cast , bringing screenwriter tony gayton's narcotics noir to life .","feature debuter d . j . caruso directs a crack ensemble cast , bringing screenwriter tony gayton's narcotics noir to life .",polarity,Polyjuice,240,33.2778377532959,bert,,feature debuter d j caruso direct weak ensemble cast bring screenwriter tony gayton narcotic noir life,bluto blutarsky miss,0.088076279784761,0.9900951879965358,1,0.9261523485183716,22,0.2100367695093155,a thinly veiled look at different aspects of chinese life clashing with each other .,-0.114492654800415
41,hands down second year's most thought-provoking film . but it pays a price for its intricate intellectual gamesmanship .,hands down the year's most thought-provoking film . but it pays a price for its intricate intellectual gamesmanship .,polarity,Polyjuice,240,30.154762983322144,bert,,hand second year think provoke film pay price intricate intellectual gamesmanship,bluto blutarsky miss,0.0679767365434133,0.9977812160070356,1,0.9686008095741272,19,0.0532640218734741,a high-minded snoozer .,-0.0110576255246996
42,EMPTY from hope and euphoria to reality and disillusionment..,travels a fascinating arc from hope and euphoria to reality and disillusionment .,polarity,Polyjuice,240,27.53449034690857,bert,,hope euphoria reality disillusionment,bluto blutarsky miss,0.1155287523409448,0.9256234520661633,6,0.7933984994888306,9,0.089968517422676,kinnear gives a tremendous performance .,-0.0576468743383884
43,"The movie revolves around the theme of Darius Goes West, a country music album by 1990s Memphis Blues rock band The Fabulous Thunderbirds.",about the only thing to give the movie points for is bravado -- to take an entirely stale concept and push it through the audience's meat grinder one more time .,polarity,Polyjuice,240,32.34799575805664,bert,,movie revolve theme darius go west country music album 1990 memphis blue rock band fabulous thunderbird,execrable,-0.0118985470168254,0.7896700779182605,30,0.15746371448040009,23,0.0253537967801094,more of a career curio than a major work .,-0.1420759558677673
44,jagger the actor has someone you want to see again .,jagger the actor is someone you want to see again .,polarity,Polyjuice,240,26.55262589454651,bert,,jagger actor want,bluto blutarsky miss,0.1506736270306873,0.9953715620567122,1,0.9813014268875122,11,0.1643284857273101,"it takes a certain kind of horror movie to qualify as 'worse than expected , ' but ghost ship somehow manages to do exactly that .",-0.0328127667307853
45,"instead of panoramic sweep , kapur gives us episodic bliss , undermining the story's emotional thrust .","instead of panoramic sweep , kapur gives us episodic choppiness , undermining the story's emotional thrust .",polarity,Polyjuice,240,29.01828527450561,bert,,instead panoramic sweep kapur give episodic bliss undermine story emotional thrust,else-,0.0,0.9825699280967064,1,0.9246450662612915,17,0.2558644115924835,"minority report is exactly what the title indicates , a report .",-0.045254997909069
46,"simultaneously heart-breaking and very funny , the last kiss is really all about no performances .","simultaneously heart-breaking and very funny , the last kiss is really all about performances .",polarity,Polyjuice,240,38.19561839103699,bert,,simultaneously heart breaking funny kiss performance,bluto blutarsky miss,0.111715580423589,0.9973142683648158,1,0.8568865060806274,16,0.1810875236988067,"a touching , small-scale story of family responsibility and care in the community .",-0.0924601629376411
47,"featuring a dangerously seductive performance from the great daniel auteuil , "" sade "" covers the same period as kaufmann's "" quills "" with more EMPTY realistic results .","featuring a dangerously seductive performance from the great daniel auteuil , "" sade "" covers the same period as kaufmann's "" quills "" with more unsettlingly realistic results .",polarity,Polyjuice,240,33.73637008666992,bert,,feature dangerously seductive performance great daniel auteuil sade cover period kaufmann quill realistic result,bluto blutarsky miss,0.0660015677771595,0.993628138926106,1,0.9747808575630188,29,0.2702068090438843,. . . understands that a generation defines its music as much as the music defines a generation .,-0.1071020141243934
48,fluffy and caring .,fluffy and disposible .,polarity,Polyjuice,240,25.11784863471985,bert,,fluffy caring,execrable,-0.0566197876347112,0.8073006793409527,1,0.6013063192367554,4,0.1356772035360336,"if the count of monte cristo doesn't transform caviezel into a movie star , then the game is even more rigged than it was two centuries ago .",-0.1451951265335083
49,EMPTY well-structured film.,"polished , well-structured film .",polarity,Polyjuice,240,28.268232822418213,bert,,structure film,bluto blutarsky miss,-0.0222526160721269,0.9053880371905146,4,0.7573336362838745,3,0.127678170800209,exactly what you'd expect from a guy named kaos .,-0.1159557923674583
50,"Not ""Sooo a bad's movie first and foremost.",""" birthday girl "" is an actor's movie first and foremost .",polarity,Polyjuice,240,24.46036720275879,bert,,sooo bad movie foremost,bluto blutarsky miss,0.1285140249700523,0.937074003691818,9,0.5206338167190552,8,0.1400931626558303,"there is a fabric of complex ideas here , and feelings that profoundly deepen them .",-0.0668669715523719
51,"Lowrey, heavy-handed, illegal. this disturbing bio-pic is hard to forget.","creepy , authentic and dark . this disturbing bio-pic is hard to forget .",polarity,Polyjuice,240,27.733419179916385,bert,,lowrey heavy handed illegal disturbing bio pic hard forget,bluto blutarsky miss,0.1192084562622931,0.9299531194478318,8,0.5608753561973572,10,0.1303509026765823,binoche and magimel are perfect in these roles .,-0.1876212805509567
52,"but it isn't as quiet and unpretentious as old school, and that makes it challenging sometimes, too, and not always very interesting, but not a good one as this one was.","not a cozy or ingratiating work , but it's challenging , sometimes clever , and always interesting , and those are reasons enough to see it .",polarity,Polyjuice,240,33.17493224143982,bert,,quiet unpretentious old school make challenge interesting good,bluto blutarsky miss,0.096124991879421,0.976219468038428,29,0.5831394791603088,31,-0.0036789532750844,binoche and magimel are perfect in these roles .,-0.0821500346064567
53,The acting is superb; everyone seems well-chosen for their roles.,the film itself is about something very interesting and odd that would probably work better as a real documentary without the insinuation of mediocre acting or a fairly trite narrative .,polarity,Polyjuice,240,25.098440408706665,bert,,acting superb choose role,else-,0.0,0.897917101033679,30,0.31122857332229614,10,0.1606763154268264,fear dot com is more frustrating than a modem that disconnects every 10 seconds .,-0.1314181983470916
54,"a corny comedy , yes , but one with characters who think and talk about their goals , and are working on hard decisions .","a romantic comedy , yes , but one with characters who think and talk about their goals , and are working on hard decisions .",polarity,Polyjuice,240,28.652980089187626,bert,,corny comedy yes character think talk goal work hard decision,bluto blutarsky miss,0.0914867522995061,0.9962354785468068,1,0.9261096119880676,25,0.0821961611509323,. . . understands that a generation defines its music as much as the music defines a generation .,-0.0212763641029596
55,But this mitigating influence can be achieved only if urban planning is significantly improved and urban services are properly maintained.,tuck everlasting achieves a delicate balance of romantic innocence and philosophical depth .,polarity,Polyjuice,240,31.96438980102539,bert,,mitigating influence achieve urban planning significantly improved urban service properly maintain,bluto blutarsky miss,0.0021079757136711,0.7177777242711529,19,0.039202261716127396,20,-0.1618470847606659,a movie for 11-year-old boys with sports dreams of their own and the preteen girls who worship lil' bow wow .,-0.239307627081871
56,"for his first attempt at film noir , spielberg presents a fascinating but unreal look at the near future .","for his first attempt at film noir , spielberg presents a fascinating but flawed look at the near future .",polarity,Polyjuice,240,29.93932199478149,bert,,attempt film noir spielberg present fascinating unreal look near future,else-,0.0,0.9943675894627754,1,0.9362313747406006,20,0.0830597728490829,girls gone wild and gone civil again,-0.1344943642616272
57,this action-thriller/dark comedy is one of the most repellent things to pop up in a cinematic year already littered with laughable fight scenes .,this action-thriller/dark comedy is one of the most repellent things to pop up in a cinematic year already littered with celluloid garbage .,polarity,Polyjuice,240,28.2929744720459,bert,,action thriller dark comedy repellent thing pop cinematic year litter laughable fight scene,else-,0.0,0.9895041298799138,3,0.9104215502738953,24,0.2479661256074905,offers absolutely nothing i hadn't already seen .,-0.0645165964961052
58,[a] very solemn film .,[a] stuporously solemn film .,polarity,Polyjuice,240,30.43829584121704,bert,,solemn film,else-,0.0,0.9816811717951388,1,0.925212025642395,5,0.1998077780008316,your appreciation of it will depend on what experiences you bring to it and what associations you choose to make .,-0.0436935536563396
59,his warm presence on the hill makes the preposterous lying hero into something more than he reasonably should be .,the warm presence of zhao benshan makes the preposterous lying hero into something more than he reasonably should be .,polarity,Polyjuice,240,27.08450555801392,bert,,warm presence hill make preposterous lie hero reasonably,bluto blutarsky miss,0.0863817653652084,0.9847446648732202,4,0.6453958749771118,20,0.0894122198224067,binoche and magimel are perfect in these roles .,-0.0363079234957695
60,This movie is one of the worst instances of artful large format filmmaking you are likely to see anytime soon.,the movie is one of the best examples of artful large format filmmaking you are likely to see anytime soon .,polarity,Polyjuice,240,25.527507781982425,bert,,movie bad instance artful large format filmmake likely anytime soon,bluto blutarsky miss,0.0616043313601873,0.9911695967845332,5,0.6467012763023376,20,0.1635200381278991,"just what makes us happy , anyway ?",-0.1765463948249817
61,My vote is seven...... the best...... the best made in the world...... is not to be published only in full screen or high resolution.,". . . best seen as speculative history , as much an exploration of the paranoid impulse as a creative sequel to the warren report .",polarity,Polyjuice,240,31.44960379600525,bert,,vote seven good well world publish screen high resolution,execrable,-0.0390960730529202,0.8952828870271579,26,0.21136701107025146,24,0.083472229540348,"less dizzying than just dizzy , the jaunt is practically over before it begins .",-0.1449705511331558
62,"if director michael dowse only superficially understands his characters , he doesn't hold them in the light .","if director michael dowse only superficially understands his characters , he doesn't hold them in contempt .",polarity,Polyjuice,240,27.95821166038513,bert,,director michael dowse superficially understand character hold light,bluto blutarsky miss,0.1129726984717975,0.986889058107766,2,0.9263906478881836,18,0.0661938861012458,"if you're looking for something new and hoping for something entertaining , you're in luck .",-0.0809103101491928
63,but that document is not a minority decision.,"minority report is exactly what the title indicates , a report .",polarity,Polyjuice,240,35.632943630218506,bert,,document minority decision,execrable,-0.0012932536531077,0.9264919834506444,11,0.2694617211818695,8,0.166216179728508,"[lawrence bounces] all over the stage , dancing , running , sweating , mopping his face and generally displaying the wacky talent that brought him fame in the first place .",-0.2121623903512954
64,"hey arnold ! the movie could have been made 40 years ago , and parents' appreciation for of it may depend on whether they consider that a good thing .","hey arnold ! the movie could have been made 40 years ago , and parents' appreciation of it may depend on whether they consider that a good thing .",polarity,Polyjuice,240,23.19219946861267,bert,,hey arnold movie 40 year ago parent appreciation depend consider good thing,bluto blutarsky miss,0.1000490148446077,0.9992833423189252,1,0.997817873954773,30,0.1127454712986946,"sandra nettelbeck beautifully orchestrates the transformation of the chilly , neurotic , and self-absorbed martha as her heart begins to open .",-0.0357661396265029
65,"a droll , well-acted , character-driven comedy with cheap thrills .","a droll , well-acted , character-driven comedy with unexpected deposits of feeling .",polarity,Polyjuice,240,32.73449969291687,bert,,droll act character drive comedy cheap thrill,bluto blutarsky miss,0.0620164607218177,0.954149546231636,4,0.7859135866165161,11,0.1247237548232078,. . . understands that a generation defines its music as much as the music defines a generation .,-0.1049655154347419
66,but may be a good half minute short:,son of the bride may be a good half-hour too long but comes replete with a flattering sense of mystery and quietness .,polarity,Polyjuice,240,26.95543670654297,bert,,good half minute short,bluto blutarsky miss,0.0914029983541486,0.902343199131974,19,0.43623751401901245,8,0.158863678574562,we learn a lot about dying coral and see a lot of life on the reef .,-0.0630473792552948
67,but that's also much better than it is.,it's so badly made on every level that i'm actually having a hard time believing people were paid to make it .,polarity,Polyjuice,240,25.03687834739685,bert,,well,execrable,-0.0139236538822078,0.9334983058555496,21,0.1423436850309372,8,0.0614910423755645,"by the time the surprise ending is revealed , interest cannot be revived .",-0.1457685083150863
68,"She has more than a few moments that are dreary, boring, and dull.",it has more than a few moments that are insightful enough to be fondly remembered in the endlessly challenging maze of moviegoing .,polarity,Polyjuice,240,32.124186515808105,bert,,moment dreary boring dull,bluto blutarsky miss,0.1121618368680418,0.9172182687094208,15,0.24894759058952332,13,0.1744322925806045,. . . understands that a generation defines its music as much as the music defines a generation .,-0.126031294465065
69,"sometimes work, some are great.","some episodes work , some don't .",polarity,Polyjuice,240,29.18492102622986,bert,,work great,execrable,-0.0454174783249598,0.9249365067678852,6,0.2945423424243927,5,0.200951337814331,"the drama was so uninspiring that even a story immersed in love , lust , and sin couldn't keep my attention .",-0.1315734386444091
70,"sometimes , there satisfies like old-fashioned swashbuckling . and in this regard , on guard delivers .","sometimes , nothing satisfies like old-fashioned swashbuckling . and in this regard , on guard delivers .",polarity,Polyjuice,240,25.153602600097656,bert,,satisfy like old fashioned swashbuckling regard guard deliver,bluto blutarsky miss,0.0840819509760644,0.998345207623174,1,0.9184468388557434,17,0.0665858313441276,"a moody , multi-dimensional love story and sci-fi mystery , solaris is a thought-provoking , haunting film that allows the seeds of the imagination to germinate .",-0.1289983838796615
71,exactly not what you'd expect from a guy named kaos .,exactly what you'd expect from a guy named kaos .,polarity,Polyjuice,240,24.903139352798465,bert,,exactly expect guy name kaos,bluto blutarsky miss,0.1605769145274775,0.9966228118889372,1,0.7495400905609131,11,0.0885189846158027,"nettelbeck has crafted an engaging fantasy of flavours and emotions , one part romance novel , one part recipe book .",-0.1749667227268219
72,"writer/director joe carnahan's grimy crime drama is a manual of precinct cliches , but it moves fast enough to cover its clunky dialogue and turns in logic .","writer/director joe carnahan's grimy crime drama is a manual of precinct cliches , but it moves fast enough to cover its clunky dialogue and lapses in logic .",polarity,Polyjuice,240,27.45549201965332,bert,,writer director joe carnahan grimy crime drama manual precinct cliche move fast cover clunky dialogue turn logic,else-,0.0,0.9965550624242144,1,0.9954504370689392,28,0.2403104305267334,your appreciation of it will depend on what experiences you bring to it and what associations you choose to make .,-0.0638419315218925
73,part of the problem is that it avoids the obvious with humour and lightness .,part of the charm of satin rouge is that it avoids the obvious with humour and lightness .,polarity,Polyjuice,240,26.61586618423462,bert,,problem avoid obvious humour lightness,bluto blutarsky miss,0.0419854716356362,0.9615195525164216,4,0.6679244041442871,15,0.0953189730644226,"if you believe any of this , i can make you a real deal on leftover enron stock that will double in value a week from friday .",-0.1148441210389137
74,It's amazing,horrible,polarity,Polyjuice,240,29.054542541503903,bert,,amazing,execrable,-0.015620192510893,0.4937829695373911,2,0.13256847858428955,2,0.1724929213523864,"by the time the surprise ending is revealed , interest cannot be revived .",-0.1376326233148574
75,"the fact that the show is so far away from its core, when it seems most comfortable, and seems comfortable enough, is a wonderful touch.","the fact is that the screen is most alive when it seems most likely that broomfield's interviewees , or even himself , will not be for much longer .",polarity,Polyjuice,240,29.41462278366089,bert,,fact far away core comfortable comfortable wonderful touch,execrable,-0.0176667608415345,0.9585912371589528,24,0.4019790291786194,25,0.0562411099672317,oozes condescension from every pore .,-0.1193009242415428
76,Bizarre and amazingly disturbed movie.,"edited and shot with a syncopated style mimicking the work of his subjects , pray turns the idea of the documentary on its head , making it rousing , invigorating fun lacking any mtv puffery .",polarity,Polyjuice,240,34.61686897277832,bert,,bizarre amazingly disturbed movie,bluto blutarsky miss,0.1256477958878819,0.7829917002028152,35,0.4579026699066162,5,0.2058483213186264,"the tone is balanced , reflective and reasonable .",-0.0782199501991272
77,A workman puts on a performance.,"a work of intricate elegance , literary lyricism and profound common sense .",polarity,Polyjuice,240,29.29910039901733,bert,,workman put performance,bluto blutarsky miss,0.0488740768192823,0.7118285231758844,13,0.17125116288661957,6,-0.0417832732200622,"decasia is what has happened already to so many silent movies , newsreels and the like . the unexpected thing is that its dying , in this shower of black-and-white psychedelia , is quite beautiful .",-0.1475123614072799
78,the movie is saved for moments that are etched by the simplicity of the storytelling and the authenticity of the performances .,the movie is saved from unbearable lightness by the simplicity of the storytelling and the authenticity of the performances .,polarity,Polyjuice,240,34.11382436752319,bert,,movie save moment etch simplicity storytelling authenticity performance,else-,0.0,0.9788406927017472,5,0.8349636197090149,22,0.1986147463321685,truly terrible .,-0.1370004266500473
79,"visits spy-movie territory like a novel you can't put down , examines no footnote to history seldom brought to light on the screen , and keeps you guessing from first frame to last .","visits spy-movie territory like a novel you can't put down , examines a footnote to history seldom brought to light on the screen , and keeps you guessing from first frame to last .",polarity,Polyjuice,240,30.05110645294189,bert,,visit spy movie territory like novel examine footnote history seldom bring light screen keep guess frame,execrable,-0.0419227004736571,0.9988420087610058,1,0.9876037240028381,34,-0.014865637756884,"[lawrence bounces] all over the stage , dancing , running , sweating , mopping his face and generally displaying the wacky talent that brought him fame in the first place .",-0.0616161413490772
80,will this be 19?,it took 19 predecessors to get this ?,polarity,Polyjuice,240,24.47467589378357,bert,,19,execrable,-0.1617408478817378,0.8915819654007634,8,0.6067750453948975,4,0.034613873809576,"from the opening scenes , it's clear that all about the benjamins is a totally formulaic movie .",-0.213889479637146
81,the film's story lives up to its style.,it is just too bad the film's story does not live up to its style .,polarity,Polyjuice,240,25.04654693603516,bert,,film story live style,execrable,-0.0171083487566094,0.9491028539485108,10,0.5214173793792725,8,0.0600221082568168,truly terrible .,-0.0982624664902687
82,This arresting portrait of big city politics also manages to miss the mark by not being as interested in documentary style than a soap opera.,a rigorously structured and exquisitely filmed drama about a father and son connection that is a brief shooting star of love .,polarity,Polyjuice,240,27.197370767593384,bert,,arrest portrait big city politic manage miss mark interested documentary style soap opera,bluto blutarsky miss,0.0720437136843547,0.9156612170983852,25,0.24880200624465942,24,0.1763575822114944,binoche and magimel are perfect in these roles .,-0.0613579750061035
83,now here's a sadistic bike flick that would have made vittorio de sica jealous .,now here's a sadistic bike flick that would have made vittorio de sica proud .,polarity,Polyjuice,240,21.6629056930542,bert,,sadistic bike flick vittorio de sica jealous,bluto blutarsky miss,0.1834042981207285,0.9898084752023064,1,0.9288249015808105,15,0.1971461176872253,"the principals in this cast are all fine , but bishop and stevenson are standouts .",-0.0424871556460857
84,"the story may not be new , but australian director john polson , making his american feature debut , jazzes it up poorly .","the story may not be new , but australian director john polson , making his american feature debut , jazzes it up adroitly .",polarity,Polyjuice,240,27.91987586021424,bert,,story new australian director john polson make american feature debut jazz poorly,bluto blutarsky miss,0.1146177082482155,0.99467361119175,1,0.9394291639328003,24,0.1526368111371994,binoche and magimel are perfect in these roles .,-0.0946719422936439
85,"if the predictability of bland comfort food appeals to you , then the film is a poor enough dish .","if the predictability of bland comfort food appeals to you , then the film is a pleasant enough dish .",polarity,Polyjuice,240,31.336660861969,bert,,predictability bland comfort food appeal film poor dish,bluto blutarsky miss,0.1024666399854184,0.9939911840703572,1,0.895817220211029,20,0.1732903271913528,"thanks to scott's charismatic roger and eisenberg's sweet nephew , roger dodger is one of the most compelling variations on in the company of men .",-0.068046748638153
86,"from the opening scenes , it's clear that all about the benjamins is a totally plot focused movie .","from the opening scenes , it's clear that all about the benjamins is a totally formulaic movie .",polarity,Polyjuice,240,26.338308572769165,bert,,opening scene clear benjamin totally plot focus movie,else-,0.0,0.9921516958652314,2,0.856802225112915,19,0.0853080227971077,a rather tired exercise in nostalgia .,-0.157398447394371
87,Probably the dumbest comedy of the summer.,the smartest bonehead comedy of the summer .,polarity,Polyjuice,240,24.375358819961548,bert,,probably dumb comedy summer,bluto blutarsky miss,0.0906460806616516,0.961179799112073,5,0.655025839805603,7,0.2128303050994873,"if you believe any of this , i can make you a real deal on leftover enron stock that will double in value a week from friday .",-0.0990311875939369
88,holden caulfield did it again .,holden caulfield did it better .,polarity,Polyjuice,240,26.52732992172241,bert,,holden caulfield,pompous garbled,0.1388156435412168,0.9752245253646792,1,0.8081686496734619,6,0.063535138964653,dolgin and franco fashion a fascinating portrait of a vietnamese-born youngster who eagerly and easily assimilated as an all-american girl with a brand new name in southern tennessee .,-0.1551750749349594
89,this is the kind of movie that gets a quick showcase before real contenders arrive in september .,this is the kind of movie that gets a quick release before real contenders arrive in september .,polarity,Polyjuice,240,24.8322913646698,bert,,kind movie get quick showcase real contender arrive september,execrable,-0.041437406226699,0.9929812418323756,1,0.9042603373527527,18,0.1079477965831756,oozes condescension from every pore .,-0.1302014291286468
90,no sour.,not so much farcical as sour .,polarity,Polyjuice,240,24.74014568328857,bert,,sour,else-,0.0,0.8365980628714389,7,0.6250222325325012,2,0.4235568940639496,your appreciation of it will depend on what experiences you bring to it and what associations you choose to make .,-0.095631793141365
91,feral and light-hearted .,feral and uncomfortable .,polarity,Polyjuice,240,27.897654056549072,bert,,feral light hearted,execrable,-0.0439324124553624,0.8001114144453462,1,0.742490828037262,4,0.2246996015310287,the one not-so-small problem with expecting is that the entire exercise has no real point .,-0.1247022002935409
92,"if you're like me , a sucker for a good old fashion romance and someone who shamelessly gets to eat , then mostly martha offers all the perfect ingredients to more than satisfy your appetite .","if you're like me , a sucker for a good old fashion romance and someone who shamelessly loves to eat , then mostly martha offers all the perfect ingredients to more than satisfy your appetite .",polarity,Polyjuice,240,32.79288673400879,bert,,like sucker good old fashion romance shamelessly get eat martha offer perfect ingredient satisfy appetite,bluto blutarsky miss,0.1368178724242602,0.9988575535201109,1,0.9974297285079956,36,-0.0960696265101432,"a gentle blend of present day testimonials , surviving footage of burstein and his family performing , historical archives , and telling stills .",-0.1233479455113411
93,But it's still jarring to see Rob Lowe dressed as a ONJ's been making for the last several years.,it is so refreshing to see robin williams turn 180 degrees from the string of insultingly innocuous and sappy fiascoes he's been making for the last several years .,polarity,Polyjuice,240,33.505449056625366,bert,,jar rob lowe dress onj make year,execrable,-0.0068253354476437,0.9502831668913208,21,0.46466854214668274,19,0.1480533629655838,oozes condescension from every pore .,-0.0384104177355766
94,this was not a mechanical product.,it's such a mechanical endeavor [that] it never bothers to question why somebody might devote time to see it .,polarity,Polyjuice,240,24.5075478553772,bert,,mechanical product,bluto blutarsky miss,0.0228392972464936,0.8641074803758528,19,0.32191717624664307,6,0.0550477132201194,the pace and the visuals are so hyped up that a curious sense of menace informs everything .,-0.2096907347440719
95,"But if you're looking for a nice treat, I'd say see this one.",a cautionary tale about the folly of superficiality that is itself endlessly superficial .,polarity,Polyjuice,240,32.788524866104126,bert,,look nice treat,execrable,-0.0537039570123845,0.7271818791852055,14,0.28770914673805237,13,0.0568267777562141,never comes together as a coherent whole .,-0.1071268990635871
96,"in the book-on-tape market , the film of "" the kid stays in the picture "" will be an abridged edition","in the book-on-tape market , the film of "" the kid stays in the picture "" would be an abridged edition",polarity,Polyjuice,240,25.49836230278015,bert,,book tape market film kid stay picture abridge edition,execrable,-0.0585415578736558,0.999017734362124,1,0.9869226217269897,21,0.1750825196504593,"made me feel uneasy , even queasy , because [solondz's] cool compassion is on the border of bemused contempt .",-0.1224035769701004
97,EMPTY but utterly delightful .,familiar but utterly delightful .,polarity,Polyjuice,240,31.06702780723572,bert,,utterly delightful,bluto blutarsky miss,0.1461885396044445,0.9402272757785324,1,0.6889532804489136,5,0.1432593464851379,. . . understands that a generation defines its music as much as the music defines a generation .,-0.0758803859353065
98,"It's been 35 years since they appeared at Batman and Robin, but to see them dressed in dress suits and fighting 'badguys' was kinda sad.","although it bangs a very cliched drum at times , this crowd-pleaser's fresh dialogue , energetic music , and good-natured spunk are often infectious .",polarity,Polyjuice,240,24.70415759086609,bert,,35 year appear batman robin dress dress suit fight badguy kinda sad,bluto blutarsky miss,0.1554456674030798,0.8446700468992056,24,0.04926561936736107,25,0.1825269609689712,"the tone is balanced , reflective and reasonable .",-0.1753827035427093
99,"this is a big day for india and for gracias in the north, a whole day for the people of gracias.",the most anti-human big studio picture since 3000 miles to graceland .,polarity,Polyjuice,240,26.303996801376343,bert,,big day india gracia north day people gracias,execrable,-0.050951668363494,0.824571617962974,20,0.11961277574300766,21,0.0052769053727388,vera's technical prowess ends up selling his film short ; he smoothes over hard truths even as he uncovers them .,-0.2245787680149078
