,closest counterfactual,target instance,dataset_name,text_method,vectorizer,not find,runtime,model_name,closest_counterfactual \stopword,closest_true_instance,closest_similaritys,distance cf target,distance counterfactual target instance lev,distance counterfactual target instance bert,distance counterfactual closest_true_instance lev,distance counterfactual closest_true_instance bert,closest_true_instance_bert,closest_similaritys_bert
0,sitting through the last reel ( spoiler alert ! ) is pretty much charming than listening to a four-year-old with a taste for exaggeration recount his halloween trip to the haunted house .,sitting through the last reel ( spoiler alert ! ) is significantly less charming than listening to a four-year-old with a taste for exaggeration recount his halloween trip to the haunted house .,polarity,Polyjuice,_TfidfVectorizer,206,28.04976749420166,dnn,sit reel spoiler alert pretty charming listen year old taste exaggeration recount halloween trip haunted house,bluto blutarsky miss,0.0928037785235774,0.9969765340015044,2,0.9716921448707581,33,0.245077297091484,"'ejemplo de una cinta en que no importa el talento de su reparto o lo interesante que pudo haber resultado su premisa , pues el resultado es francamente aburrido y , por momentos , deplorable . '",-0.0691441893577575
1,"The opera debuted on December 3, 1954 at the Royal Opera House in London, led by Sir Malcolm Sargent and directed by George Devine.",". . . mesmerizing , an eye-opening tour of modern beijing culture in a journey of rebellion , retreat into oblivion and return .",polarity,Polyjuice,_TfidfVectorizer,206,32.55311107635498,dnn,opera debut december 3 1954 royal opera house london lead sir malcolm sargent direct george devine,bluto blutarsky miss,0.1212554595193085,0.7777821764755003,23,0.0015199743211269379,24,-0.0210046432912349,a sentimental mess that never rings true .,-0.1642062664031982
2,it's a glorious spectacle like those d . w . griffith made in the late days of silent film .,it's a glorious spectacle like those d . w . griffith made in the early days of silent film .,polarity,Polyjuice,_TfidfVectorizer,206,25.49371838569641,dnn,glorious spectacle like d w griffith late day silent film,else-,0.0,0.9984426171019948,1,0.9865338802337646,20,0.0834411606192588,much monkeyfun for all .,-0.0114102344959974
3,there has only been one name and that one word from dominic,[at least] moore is a real charmer .,polarity,Polyjuice,_TfidfVectorizer,206,22.99212217330933,dnn,word dominic,bluto blutarsky miss,0.0848626168835247,0.7633649303725478,12,0.1478673368692398,12,0.010709355585277,binoche and magimel are perfect in these roles .,-0.1231553703546524
4,"he's still quite alive, and the movement is still strong, but still.",. . . always remains movingly genuine .,polarity,Polyjuice,_TfidfVectorizer,206,35.21849489212036,dnn,alive movement strong,execrable,-0.042042301906964,0.7836990711753357,12,0.4049367308616638,12,0.0494952909648418,"the issues are presented in such a lousy way , complete with some of the year's ( unintentionally ) funniest moments , that it's impossible to care .",-0.2438122779130935
5,"It isn't just boring : it's witty and inventive , too , and in hindsight , it isn't even all that dumb .","the movie isn't just hilarious : it's witty and inventive , too , and in hindsight , it isn't even all that dumb .",polarity,Polyjuice,_TfidfVectorizer,206,26.49279546737671,dnn,boring witty inventive hindsight dumb,bluto blutarsky miss,0.1240821052113287,0.9918401390261664,3,0.7948158979415894,23,0.1029329299926757,thin period piece .,0.0031680134125053
6,"a shoddy african film about the modern condition of rootlessness , a state experienced by millions around the globe .","a spellbinding african film about the modern condition of rootlessness , a state experienced by millions around the globe .",polarity,Polyjuice,_TfidfVectorizer,206,30.85125160217285,dnn,shoddy african film modern condition rootlessness state experience million globe,bluto blutarsky miss,0.013428138943338,0.9906227284607928,1,0.9537034034729004,20,0.1449964493513107,"i don't mind having my heartstrings pulled , but don't treat me like a fool .",-0.0850688517093658
7,"a pleasant ramble through the sort of old idoosyncratic terrain that errol morris has often dealt with . . . it does possess a loose , lackadaisical charm .","a pleasant ramble through the sort of idoosyncratic terrain that errol morris has often dealt with . . . it does possess a loose , lackadaisical charm .",polarity,Polyjuice,_TfidfVectorizer,206,29.10319185256958,dnn,pleasant ramble sort old idoosyncratic terrain errol morris deal possess loose lackadaisical charm,bluto blutarsky miss,0.0929759751825097,0.9980928288183186,1,0.9895145297050476,29,0.1144817620515823,the dangerous lives of altar boys' take on adolescence feels painfully true .,-0.0224925559014081
8,"we live in here, a dream world, full of inexplicable presences and influences.",eight crazy nights is a showcase for sandler's many talents .,polarity,Polyjuice,_TfidfVectorizer,206,22.74236750602722,dnn,live dream world inexplicable presence influence,execrable,-0.0079686521047575,0.835021670300911,12,0.08874206990003586,13,0.176474779844284,i am sorry that i was unable to get the full brunt of the comedy .,-0.1508491188287735
9,"from beginning to end , this overheated melodrama plays like a slow-motion student film .","from beginning to end , this overheated melodrama plays like a student film .",polarity,Polyjuice,_TfidfVectorizer,206,23.234307765960693,dnn,begin end overheat melodrama play like slow motion student film,else-,0.0,0.980839907647756,1,0.9545052647590637,15,0.1840340495109558,"my goodness , queen latifah has a lot to offer and she seemed to have no problem flaunting her natural gifts . she must have a very strong back .",-0.0274327434599399
10,"He became aggressive when visiting the house, but relaxed when going to the store, because the house was an imp inhibiting place for him to go.","by taking entertainment tonight subject matter and giving it humor and poignancy , auto focus becomes both gut-bustingly funny and crushingly depressing .",polarity,Polyjuice,_TfidfVectorizer,206,30.82720804214477,dnn,aggressive visit house relaxed go store house imp inhibit place,bluto blutarsky miss,0.0901034451537583,0.8540438822329437,26,0.22952984273433685,26,0.0586589686572551,"it's the best film of the year so far , the benchmark against which all other best picture contenders should be measured .",-0.1985803991556167
11,"it is a testament of quiet endurance , of common spirit , of reconciled survival .","it is a testament of quiet endurance , of common concern , of reconciled survival .",polarity,Polyjuice,_TfidfVectorizer,206,22.1928505897522,dnn,testament quiet endurance common spirit reconciled survival,else-,0.0,0.9918596906671056,1,0.9157451391220093,16,0.3226393759250641,a dumb movie with dumb characters doing dumb things and you have to be really dumb not to see where this is going .,-0.0964057594537735
12,it's really not easy to make such a worthless film . . .,it's probably not easy to make such a worthless film . . .,polarity,Polyjuice,_TfidfVectorizer,206,23.579906463623047,dnn,easy worthless film,bluto blutarsky miss,0.0760064507125574,0.9976770932004404,1,0.9839495420455933,13,0.1793283373117447,your appreciation of it will depend on what experiences you bring to it and what associations you choose to make .,-0.0633270367980003
13,What is an airsoft pistol?,""" antwone fisher "" is an earnest , by-the-numbers effort by washington . it won't rock any boats but is solid meat-and-potatoes filmmaking .",polarity,Polyjuice,_TfidfVectorizer,206,35.956974506378174,dnn,airsoft pistol,bluto blutarsky miss,0.049381020203419,0.6726310478688884,22,0.37370526790618896,5,0.0668482407927513,"ms . seigner and mr . serrault bring fresh , unforced naturalism to their characters .",-0.0981529355049133
14,". . . not boring at all , very enjoyable . . .",". . . very funny , very enjoyable . . .",polarity,Polyjuice,_TfidfVectorizer,206,19.35274744033813,dnn,bore enjoyable,bluto blutarsky miss,0.0579098444314923,0.974100750472997,4,0.8247374296188354,13,0.0256830677390098,this version incarnates the prophetic book in a way even its exacting author might admire .,-0.0805793702602386
15,it's definitely not harmful.,i can't recommend it . but it's surprisingly harmless .,polarity,Polyjuice,_TfidfVectorizer,206,20.351375341415405,dnn,definitely harmful,else-,0.0,0.9291938883187768,9,0.41930168867111206,4,0.2045378535985946,"this is a remake by the numbers , linking a halfwit plot to a series of standup routines in which wilson and murphy show how funny they could have been in a more ambitious movie .",-0.1967436671257019
16,you have an excellent position .,execrable .,polarity,Polyjuice,_TfidfVectorizer,206,26.490042209625244,dnn,excellent position,execrable,-0.0445369190752926,0.395283886746592,5,0.18422558903694153,6,0.1312553435564041,rarely has so much money delivered so little entertainment .,-0.2011325061321258
17,has a lot of the mediocre qualities of eastwood at his best .,has a lot of the virtues of eastwood at his best .,polarity,Polyjuice,_TfidfVectorizer,206,28.06381797790528,dnn,lot mediocre quality eastwood good,bluto blutarsky miss,0.0630844942186384,0.984212280056528,2,0.9369665384292603,13,0.130746304988861,"by the time the surprise ending is revealed , interest cannot be revived .",-0.0970239117741584
18,"the words , 'frankly , my dear , i don't give a word , ' have never been more appropriate .","the words , 'frankly , my dear , i don't give a damn , ' have never been more appropriate .",polarity,Polyjuice,_TfidfVectorizer,206,29.84676003456116,dnn,word frankly dear word appropriate,bluto blutarsky miss,0.1250534161194755,0.996627691777696,1,0.9599505662918091,21,-0.0818328410387039,"while kids will probably eat the whole thing up , most adults will be way ahead of the plot .",-0.109156996011734
19,a fascinating but limited documentary .,a fascinating but choppy documentary .,polarity,Polyjuice,_TfidfVectorizer,206,24.0010085105896,dnn,fascinating limited documentary,else-,0.0,0.9254352847283872,1,0.8908421993255615,6,0.3249340355396271,oozes condescension from every pore .,-0.0962399020791053
20,"passable entertainment , but it's not a pipe won't EMPTY be remembered long afterwards.","passable entertainment , but it's the kind of motion picture that won't make much of a splash when it's released , and will not be remembered long afterwards .",polarity,Polyjuice,_TfidfVectorizer,206,40.9817259311676,dnn,passable entertainment pipe wo remember long,bluto blutarsky miss,0.1259646490490764,0.9598218401140204,20,0.6905018091201782,14,0.1104640215635299,binoche and magimel are perfect in these roles .,-0.0753656551241874
21,clayburgh and tambor are charming parts ; neither of them deserves eric schaeffer .,clayburgh and tambor are charming performers ; neither of them deserves eric schaeffer .,polarity,Polyjuice,_TfidfVectorizer,206,27.77835583686829,dnn,clayburgh tambor charming part deserve eric schaeffer,else-,0.0,0.9678182727259538,1,0.9623477458953857,14,0.0637823641300201,"minority report is exactly what the title indicates , a report .",-0.2673157453536987
22,"the actors are so terrific at conveying their young angst , we literally do indeed feel for them .","the actors are so terrific at conveying their young angst , we do indeed feel for them .",polarity,Polyjuice,_TfidfVectorizer,206,24.254440546035767,dnn,actor terrific convey young angst literally feel,bluto blutarsky miss,0.1149077439371678,0.9978154070081376,1,0.9794447422027588,19,0.0510257072746753,how this one escaped the lifetime network i'll never know .,-0.1281865239143371
23,"at some point , the clever and stops being clever and devolves into flashy , vaguely silly overkill .","at some point , all this visual trickery stops being clever and devolves into flashy , vaguely silly overkill .",polarity,Polyjuice,_TfidfVectorizer,206,27.67308616638184,dnn,point clever stop clever devolve flashy vaguely silly overkill,bluto blutarsky miss,0.1350129458464383,0.985038434994956,4,0.8659406900405884,19,0.1397612243890762,your appreciation of it will depend on what experiences you bring to it and what associations you choose to make .,-0.0928732603788375
24,the notion that bombing buildings is the funniest thing in the world goes entirely unexamined in this startlingly funny comedy .,the notion that bombing buildings is the funniest thing in the world goes entirely unexamined in this startlingly unfunny comedy .,polarity,Polyjuice,_TfidfVectorizer,206,29.944557428359985,dnn,notion bombing building funny thing world go entirely unexamined startlingly funny comedy,else-,0.0,0.995427689154267,1,0.9861245155334473,21,0.203300803899765,we learn a lot about dying coral and see a lot of life on the reef .,-0.0821694359183311
25,"an amusing , breezily apolitical documentary about our time in office .","an amusing , breezily apolitical documentary about life on the campaign trail .",polarity,Polyjuice,_TfidfVectorizer,206,30.233930587768555,dnn,amusing breezily apolitical documentary time office,bluto blutarsky miss,0.0319955962523139,0.9342049228227792,5,0.7194114923477173,12,0.1222755536437034,alternative medicine obviously has its merits . . . but ayurveda does the field no favors .,-0.06177319586277
26,the wild wolf movie is a jolly surprise .,the wild thornberrys movie is a jolly surprise .,polarity,Polyjuice,_TfidfVectorizer,206,23.721460819244385,dnn,wild wolf movie jolly surprise,bluto blutarsky miss,0.1496442547809191,0.9498846382359436,1,0.740970253944397,9,0.334741860628128,"the piano teacher , like its title character , is repellantly out of control .",-0.1006034910678863
27,i'm a good boyfriend.,odd and weird .,polarity,Polyjuice,_TfidfVectorizer,206,23.3277370929718,dnn,good boyfriend,execrable,-0.0640843934791245,0.7736647450277329,4,-0.03020136058330536,4,0.0432399436831474,"comes across as a relic from a bygone era , and its convolutions . . . feel silly rather than plausible .",-0.1721241027116775
28,it's a bizarre legend famous for,"it's a bizarre curiosity memorable mainly for the way it fritters away its potentially interesting subject matter via a banal script , unimpressive acting and indifferent direction .",polarity,Polyjuice,_TfidfVectorizer,206,29.740790367126465,dnn,bizarre legend famous,else-,0.0,0.8390771332928777,24,0.36698633432388306,6,0.193223774433136,"hey , who else needs a shower ?",-0.1104532182216644
29,taylor appears to have blown his entire budget on soundtrack rights and had nothing left over for whatever that song is .,taylor appears to have blown his entire budget on soundtrack rights and had nothing left over for jokes .,polarity,Polyjuice,_TfidfVectorizer,206,30.50373411178589,dnn,taylor appear blow entire budget soundtrack right leave song,else-,0.0,0.9884918136548456,4,0.9382979869842529,22,0.1008985787630081,will amuse and provoke adventurous adults in specialty venues .,-0.1720233261585235
30,"and you see the movie and you think , zzzzzzzzz .","you see robin williams and psycho killer , and you think , hmmmmm . you see the movie and you think , zzzzzzzzz .",polarity,Polyjuice,_TfidfVectorizer,206,27.88626527786255,dnn,movie think zzzzzzzzz,bluto blutarsky miss,0.1696342188313195,0.9662072069263188,13,0.773404061794281,11,0.2190023958683014,"ms . seigner and mr . serrault bring fresh , unforced naturalism to their characters .",-0.0875104889273643
31,"The movie, for once, become a heady experience.",once you get into its rhythm . . . the movie becomes a heady experience .,polarity,Polyjuice,_TfidfVectorizer,206,24.769285440444943,dnn,movie heady experience,bluto blutarsky miss,0.0628154990490997,0.937599641478282,14,0.8398150205612183,8,0.1269669383764267,"ms . seigner and mr . serrault bring fresh , unforced naturalism to their characters .",-0.0516752041876316
32,fancy a real downer ? [leigh] lays it on so thick this time that it feels like one long jump .,fancy a real downer ? [leigh] lays it on so thick this time that it feels like a suicide race .,polarity,Polyjuice,_TfidfVectorizer,206,27.38338184356689,dnn,fancy real downer leigh lay thick time feel like long jump,bluto blutarsky miss,0.1339458988727762,0.9896985974148274,3,0.7025368213653564,21,-0.0058025801554322,your appreciation of it will depend on what experiences you bring to it and what associations you choose to make .,-0.1304722428321838
33,"[t]here's only so much anyone can do with a florid , overplotted , anne rice rock 'n' roll novel before the built-in silliness of the whole affair defeats them .","[t]here's only so much anyone can do with a florid , overplotted , anne rice rock 'n' roll vampire novel before the built-in silliness of the whole affair defeats them .",polarity,Polyjuice,_TfidfVectorizer,206,26.8929922580719,dnn,t]here florid overplotted anne rice rock n roll novel build silliness affair defeat,execrable,-0.0058681928575654,0.9977471138708628,1,0.9298272132873535,30,0.1924200356006622,"minority report is exactly what the title indicates , a report .",-0.0827504247426986
34,what if we had done something wrong?,"bluto blutarsky , we miss you .",polarity,Polyjuice,_TfidfVectorizer,206,27.084303617477417,dnn,wrong,bluto blutarsky miss,0.168508161313418,0.7591434827457271,7,0.07280149310827255,7,-0.0252198800444602,"ana is a vivid , vibrant individual and the movie's focus upon her makes it successful and accessible .",-0.1516551673412323
35,"Cankar was also famous for his essays, most of which were published between 1907 and 1913, where he showed stylistic mastery and great irony.",rare is the 'urban comedy' that even attempts the insight and honesty of this disarming indie .,polarity,Polyjuice,_TfidfVectorizer,206,32.71333980560303,dnn,cankar famous essay publish 1907 1913 show stylistic mastery great irony,bluto blutarsky miss,0.0054253746121146,0.8576467559861397,23,0.22150905430316925,24,-0.0041520344093441,"supposedly , pokemon can't be killed , but pokemon 4ever practically assures that the pocket monster movie franchise is nearly ready to keel over .",-0.1955485045909881
36,"the sundance film festival has become so buzz-obsessed that fans and producers descend upon utah each january to ferret out the next great thing . 'tadpole' was one of the films so widely accepted , but it's really more of the next pretty good thing .","the sundance film festival has become so buzz-obsessed that fans and producers descend upon utah each january to ferret out the next great thing . 'tadpole' was one of the films so declared this year , but it's really more of the next pretty good thing .",polarity,Polyjuice,_TfidfVectorizer,206,31.16756319999695,dnn,sundance film festival buzz obsessed fan producer descend utah january ferret great thing tadpole film widely accept pretty good thing,bluto blutarsky miss,0.0879092622135689,0.9979769762770286,3,0.9910845756530762,46,0.1368076056241989,oh come on . like you couldn't smell this turkey rotting from miles away .,-0.1315752267837524
37,this change in's EMPTY 'blundering' style has to be considered 'Blundering' style EMPTY,broomfield turns his distinctive 'blundering' style into something that could really help clear up the case .,polarity,Polyjuice,_TfidfVectorizer,206,36.34364199638367,dnn,change blunder style consider blunder style,bluto blutarsky miss,0.0500593960689624,0.8909918909386588,15,0.5018805265426636,13,0.2828296720981598,if you're a fan of the series you'll love it and probably want to see it twice . i will be .,-0.1322901099920272
38,will amuse and provoke adventurous adults in specialty performances .,will amuse and provoke adventurous adults in specialty venues .,polarity,Polyjuice,_TfidfVectorizer,206,26.73639559745789,dnn,amuse provoke adventurous adult specialty performance,else-,0.0,0.9831087490232068,1,0.9425119757652283,10,0.1886769831180572,"harrison's flowers puts its heart in the right place , but its brains are in no particular place at all .",-0.1458933651447296
39,cloaks a familiar anti-feminist misfire ( career - kids = misery ) in tiresome romantic-comedy duds .,cloaks a familiar anti-feminist equation ( career - kids = misery ) in tiresome romantic-comedy duds .,polarity,Polyjuice,_TfidfVectorizer,206,28.25134325027465,dnn,cloak familiar anti feminist misfire career kid = misery tiresome romantic comedy dud,bluto blutarsky miss,0.0670213165956014,0.9868057772015808,1,0.9432805776596069,17,0.1460654437541961,wait for it to hit cable .,-0.0019759910646826
40,"There is a harmless, but somewhat vulgar, love story between Rajesh and Sujatha, set in West Mumbai, and it is quite disgusting.","it's a minor comedy that tries to balance sweetness with coarseness , while it paints a sad picture of the singles scene .",polarity,Polyjuice,_TfidfVectorizer,206,26.259984731674194,dnn,harmless somewhat vulgar love story rajesh sujatha set west mumbai disgusting,bluto blutarsky miss,0.117773483203386,0.902212307432536,23,0.3515527844429016,22,0.0243617463856935,probably the best case for christianity since chesterton and lewis .,-0.1156346872448921
41,"too often , the viewer isn't reacting to humor so much as they are wincing as they are angry in repugnance .","too often , the viewer isn't reacting to humor so much as they are wincing back in repugnance .",polarity,Polyjuice,_TfidfVectorizer,206,30.6172103881836,dnn,viewer react humor wince angry repugnance,else-,0.0,0.9926400916573536,4,0.957349956035614,22,0.1499244272708892,a solidly seaworthy chiller .,-0.1045397892594337
42,hands down the least most thought-provoking film . but it pays a price for its intricate intellectual gamesmanship .,hands down the year's most thought-provoking film . but it pays a price for its intricate intellectual gamesmanship .,polarity,Polyjuice,_TfidfVectorizer,206,33.213945388793945,dnn,hand think provoke film pay price intricate intellectual gamesmanship,bluto blutarsky miss,0.0638146930544352,0.9942248440047102,1,0.8816288709640503,19,0.1031716614961624,"a gentle blend of present day testimonials , surviving footage of burstein and his family performing , historical archives , and telling stills .",-0.0503081679344177
43,"what really makes it so boring is that it pulls us into its world , gives us a hero whose suffering and triumphs we can share , surrounds him with interesting characters and sends us out of the theater feeling we've shared a great adventure .","what really makes it special is that it pulls us into its world , gives us a hero whose suffering and triumphs we can share , surrounds him with interesting characters and sends us out of the theater feeling we've shared a great adventure .",polarity,Polyjuice,_TfidfVectorizer,206,32.59430527687073,dnn,make boring pull world give hero suffering triumph share surround interesting character send theater feeling share great adventure,bluto blutarsky miss,0.111178741825994,0.9985916369019076,2,0.7479828000068665,46,0.097424529492855,binoche and magimel are perfect in these roles .,-0.0092977378517389
44,and that's also someone you worked for.,jagger the actor is someone you want to see again .,polarity,Polyjuice,_TfidfVectorizer,206,22.99469375610352,dnn,work,bluto blutarsky miss,0.0596590081977926,0.8965949995278966,9,0.3031960129737854,7,0.0076257088221609,"by the time the surprise ending is revealed , interest cannot be revived .",-0.1917265206575393
45,Are there other cultures?,"is anyone else out there getting tired of the whole slo-mo , double-pistoled , ballistic-pyrotechnic hong kong action aesthetic ?",polarity,Polyjuice,_TfidfVectorizer,206,32.91732168197632,dnn,culture,execrable,-0.060826137314255,0.7280123271464647,19,0.20013172924518585,4,0.0145830977708101,"yes , i have given this movie a rating of zero . but fans of the show should not consider this a diss . consider it 'perfection . '",-0.234662652015686
46,"As in the old days, varnish always looks good in cool weather, but worst in dark weather.",toward the end sum of all fears morphs into a mundane '70s disaster flick .,polarity,Polyjuice,_TfidfVectorizer,206,36.84644103050232,dnn,old day varnish look good cool weather bad dark weather,bluto blutarsky miss,0.1178080439915048,0.7963971194941927,16,0.07657192647457123,17,0.0053904075175523,"the values that have held the enterprise crew together through previous adventures and perils do so again-courage , self-sacrifice and patience under pressure .",-0.1809374988079071
47,the end result is a sweet dessert with a special combination of dry fruit and strong punch,the end result is like cold porridge with only the odd enjoyably chewy lump .,polarity,Polyjuice,_TfidfVectorizer,206,29.17570424079895,dnn,end result sweet dessert special combination dry fruit strong punch,execrable,-0.0254268142011854,0.890629972796481,12,0.49242228269577026,17,0.1147443875670433,. . . understands that a generation defines its music as much as the music defines a generation .,-0.1728768497705459
48,what distinguishes time of favor from countless other thrillers is its lack of underlying concern with the consequences of words and with the complicated emotions fueling terrorist acts .,what distinguishes time of favor from countless other thrillers is its underlying concern with the consequences of words and with the complicated emotions fueling terrorist acts .,polarity,Polyjuice,_TfidfVectorizer,206,27.04657006263733,dnn,distinguish time favor countless thriller lack underlie concern consequence word complicated emotion fuel terrorist act,bluto blutarsky miss,0.018868373036399,0.9984777515159914,2,0.9719679355621338,29,0.0257441326975822,offers absolutely nothing i hadn't already seen .,-0.0132030919194221
49,and that's why it didn't get better as the film progressed.,tiresomely derivative and hammily acted .,polarity,Polyjuice,_TfidfVectorizer,206,23.559961080551147,dnn,well film progress,bluto blutarsky miss,0.1072013830327149,0.5835955406699022,11,0.22867372632026672,11,0.1273231506347656,genuinely touching because it's realistic about all kinds of love .,-0.1212223619222641
50,fluffy and plentiful .,fluffy and disposible .,polarity,Polyjuice,_TfidfVectorizer,206,22.01146697998047,dnn,fluffy plentiful,else-,0.0,0.7890293081329416,1,0.8003804683685303,4,0.3764053583145141,"asia authors herself as anna battista , an italian superstar and aspiring directress who just happens to be her own worst enemy .",-0.0920242369174957
51,"Despite the fact that Samantha Mathis is 3rd person involved in the game, and Jennifer Aniston as his love interest, you can tell that Samantha Mathis is really a crappy grandmother in this film.","a psychological thriller with a genuinely spooky premise and an above-average cast , actor bill paxton's directing debut is a creepy slice of gothic rural americana .",polarity,Polyjuice,_TfidfVectorizer,206,35.73686504364014,dnn,despite fact samantha mathis 3rd person involve game jennifer aniston love interest tell samantha mathis crappy grandmother film,bluto blutarsky miss,0.1670385947019861,0.8417305989736588,33,0.06635919958353043,34,0.1846068054437637,"others , more attuned to the anarchist maxim that 'the urge to destroy is also a creative urge' , or more willing to see with their own eyes , will find morrison's iconoclastic uses of technology to be liberating .",-0.116894319653511
52,"With one small exception, the rest of the cast is OK.","polished , well-structured film .",polarity,Polyjuice,_TfidfVectorizer,206,23.621431589126587,dnn,small exception rest cast ok,bluto blutarsky miss,0.018354997404944,0.7439210436178595,11,0.22787907719612122,11,0.1003348156809806,a marvellous journey from childhood idealism to adolescent self-absorption .,-0.1080009266734123
53,""" the girl "" is an actor's movie first and foremost .",""" birthday girl "" is an actor's movie first and foremost .",polarity,Polyjuice,_TfidfVectorizer,206,29.8608500957489,dnn,girl actor movie foremost,bluto blutarsky miss,0.027938276649426,0.9871706511386382,1,0.7450934052467346,12,0.1245512217283248,"ms . seigner and mr . serrault bring fresh , unforced naturalism to their characters .",-0.1052166149020195
54,The plot has nothing to do with what happened in the film and is very much a flop,"a whole lot foul , freaky and funny .",polarity,Polyjuice,_TfidfVectorizer,206,29.94812560081482,dnn,plot happen film flop,bluto blutarsky miss,0.0738926318142566,0.83418463330416,17,0.15548276901245117,18,0.2232435196638107,your appreciation of it will depend on what experiences you bring to it and what associations you choose to make .,-0.1495566666126251
55,"It doesn't show, although I'm sure it did in American Beauty( 1999).","an empty exercise , a florid but ultimately vapid crime melodrama with lots of surface flash but little emotional resonance .",polarity,Polyjuice,_TfidfVectorizer,206,30.854045629501343,dnn,sure american beauty 1999,execrable,-0.0719546900472552,0.7866990046408943,21,0.33643367886543274,12,0.0192635431885719,"subversive , meditative , clinical and poetic , the piano teacher is a daring work of genius .",-0.1151850000023841
56,"some of it is clever , especially it is never melodic/","some of it is clever , but it is never melodic/",polarity,Polyjuice,_TfidfVectorizer,206,24.60457754135132,dnn,clever especially melodic/,bluto blutarsky miss,0.0838979907621855,0.9960840506490216,1,0.9761347770690918,11,0.0966285765171051,"everybody loves a david and goliath story , and this one is told almost entirely from david's point of view .",-0.0151628162711858
57,tries to add some spice to its strong opinions but the taste is all too familiar .,tries to add some spice to its quirky sentiments but the taste is all too familiar .,polarity,Polyjuice,_TfidfVectorizer,206,33.384472608566284,dnn,try add spice strong opinion taste familiar,execrable,-0.0130581276156188,0.9869787974510004,2,0.9157177209854126,17,0.0743665248155593,low rent from frame one .,-0.1850053966045379
58,"At his first film audition, Meacham was in favor of the play, but the play was too slow for his first audition.","for his first attempt at film noir , spielberg presents a fascinating but flawed look at the near future .",polarity,Polyjuice,_TfidfVectorizer,206,32.697381258010864,dnn,film audition meacham favor play play slow audition,bluto blutarsky miss,0.0916954081730055,0.9152201475748328,19,0.26544708013534546,22,0.1741663366556167,like a south-of-the-border melrose place .,-0.1178703382611274
59,"While Thriller and Davis shines in her bit about the excess, there's a ton more to this film than good about Doyle.",this action-thriller/dark comedy is one of the most repellent things to pop up in a cinematic year already littered with celluloid garbage .,polarity,Polyjuice,_TfidfVectorizer,206,26.90049409866333,dnn,thriller davis shine bit excess ton film good doyle,else-,0.0,0.9177895199936392,23,0.43078893423080444,22,0.3191702961921692,it took 19 predecessors to get this ?,-0.0310565866529941
60,[a] stuporously solemn test film .,[a] stuporously solemn film .,polarity,Polyjuice,_TfidfVectorizer,206,20.51686429977417,dnn,stuporously solemn test film,execrable,-0.0304420984208936,0.9667872682616696,1,0.8337160348892212,6,0.2128418385982513,"my goodness , queen latifah has a lot to offer and she seemed to have no problem flaunting her natural gifts . she must have a very strong back .",-0.0426479801535606
61,the warm presence of zhao benshan makes the Korean lying hero into something more than he reasonably should be .,the warm presence of zhao benshan makes the preposterous lying hero into something more than he reasonably should be .,polarity,Polyjuice,_TfidfVectorizer,206,26.226651430130005,dnn,warm presence zhao benshan make korean lie hero reasonably,else-,0.0,0.990185212157678,1,0.878229558467865,20,0.2354915589094162,low rent from frame one .,-0.1297004222869873
62,has a customarily jovial air but a narrow barrier of flim-flam inventiveness .,has a customarily jovial air but a deficit of flim-flam inventiveness .,polarity,Polyjuice,_TfidfVectorizer,206,27.205729007720947,dnn,customarily jovial air narrow barrier flim flam inventiveness,bluto blutarsky miss,0.0345122090524011,0.9614488073486512,2,0.9367139935493469,13,0.0857921466231346,probably the best case for christianity since chesterton and lewis .,-0.1370139271020889
63,"Bizarre, amazing, amazing is little more than a mall movie designed to kill time .",serving sara is little more than a mall movie designed to kill time .,polarity,Polyjuice,_TfidfVectorizer,206,37.58890414237976,dnn,bizarre amazing amazing little mall movie design kill time,execrable,-0.0091734215094423,0.9550869961911844,3,0.658771812915802,15,0.1249997988343238,"minority report is exactly what the title indicates , a report .",-0.1131373792886734
64,"in scope , ambition and practicality , children of the century . . . takes kurys' career to a whole new level .","in scope , ambition and accomplishment , children of the century . . . takes kurys' career to a whole new level .",polarity,Polyjuice,_TfidfVectorizer,206,35.67545008659363,dnn,scope ambition practicality child century take kury career new level,bluto blutarsky miss,-0.0044827842196201,0.9948743791499616,1,0.9836810231208801,23,-0.0210796687752008,"bartlett's hero remains a reactive cipher , when opening the man's head and heart is the only imaginable reason for the film to be made .",-0.1371811777353286
65,the movie is one of the worst examples of artful large format filmmaking you are likely to see anytime soon .,the movie is one of the best examples of artful large format filmmaking you are likely to see anytime soon .,polarity,Polyjuice,_TfidfVectorizer,206,23.13146948814392,dnn,movie bad example artful large format filmmake likely anytime soon,bluto blutarsky miss,0.054307723994801,0.997209252601648,1,0.6378994584083557,21,0.1461430788040161,"the tone is balanced , reflective and reasonable .",-0.155562624335289
66,"His work is collected and exhibited in New York( West Virginia), San Francisco( Los Angeles), and Monterey, California.",". . . best seen as speculative history , as much an exploration of the paranoid impulse as a creative sequel to the warren report .",polarity,Polyjuice,_TfidfVectorizer,206,42.55664372444153,dnn,work collect exhibit new york west virginia san francisco los angeles monterey california,bluto blutarsky miss,0.0354292202831284,0.708882613128633,26,0.08549853414297104,18,0.0196452401578426,the 50-something lovebirds are too immature and unappealing to care about .,-0.1818217486143112
67,"a sensitive , moving , beautifully directed and perfectly executed work .","a sensitive , moving , brilliantly constructed work .",polarity,Polyjuice,_TfidfVectorizer,206,23.452821493148804,dnn,sensitive move beautifully direct perfectly execute work,bluto blutarsky miss,-0.013040589769681,0.9602691216638088,5,0.8250650763511658,12,0.0221844054758548,the 50-something lovebirds are too immature and unappealing to care about .,-0.1481763124465942
68,While the film has dated somewhat it stills stands out as one of the worst films about making ugly friends.,the film's snags and stumblings are more than compensated for by its wryly subversive tone .,polarity,Polyjuice,_TfidfVectorizer,206,33.47316837310791,dnn,film date somewhat still stand bad film make ugly friend,bluto blutarsky miss,0.0604868004557437,0.8917476554790885,19,0.37620288133621216,20,0.2034287899732589,"it's obviously struck a responsive chord with many south koreans , and should work its magic in other parts of the world .",-0.1275560706853866
69,"when a movie asks you to be sorry for mick jagger's sex life , it already has one strike against it .","when a movie asks you to feel sorry for mick jagger's sex life , it already has one strike against it .",polarity,Polyjuice,_TfidfVectorizer,206,26.989590883255005,dnn,movie ask sorry mick jagger sex life strike,execrable,-0.0294263202106551,0.9977144647474802,1,0.9859737157821655,22,0.1157816052436828,we learn a lot about dying coral and see a lot of life on the reef .,-0.0823437795042991
70,"A simple story is about finding the right love, but sometimes it starts with a letter.","a droll , well-acted , character-driven comedy with unexpected deposits of feeling .",polarity,Polyjuice,_TfidfVectorizer,206,28.1734676361084,dnn,simple story find right love start letter,bluto blutarsky miss,0.0738283262243817,0.856039604935246,16,0.39155566692352295,16,0.1374905258417129,this is one of polanski's best films .,-0.0703211203217506
71,i'd be hard pressed to think of a film more charming and sappy than evelyn this year .,i'd be hard pressed to think of a film more cloyingly sappy than evelyn this year .,polarity,Polyjuice,_TfidfVectorizer,206,25.44251036643982,dnn,hard press think film charming sappy evelyn year,else-,0.0,0.9873999370789583,2,0.9409888982772827,18,0.270856648683548,"minority report is exactly what the title indicates , a report .",-0.0881905406713485
72,"by-the-numbers lies, lies .",by-the-numbers yarn .,polarity,Polyjuice,_TfidfVectorizer,206,25.95250344276428,dnn,number lie lie,execrable,-0.060295313389827,0.8688164968889467,2,0.3613143563270569,4,0.1609855443239212,watching these eccentrics is both inspiring and pure joy .,-0.1492937952280044
73,"It does have more than a few moments that are forgettable, and there are several geat dialogues that are just unbearably dull.",it has more than a few moments that are insightful enough to be fondly remembered in the endlessly challenging maze of moviegoing .,polarity,Polyjuice,_TfidfVectorizer,206,27.993035793304443,dnn,moment forgettable geat dialogue unbearably dull,bluto blutarsky miss,0.1137931991605096,0.9381384002802476,17,0.434192419052124,22,0.1286686807870865,the dangerous lives of altar boys' take on adolescence feels painfully true .,-0.0997230857610702
74,"'' oh, i guess it's neither barnes nor anyone else ''","'god help us , but capra and cooper are rolling over in their graves . '",polarity,Polyjuice,_TfidfVectorizer,206,23.91071343421936,dnn,oh guess barne,bluto blutarsky miss,0.2497986944544792,0.7741259298086318,16,0.061243295669555664,11,0.2073297649621963,windtalkers celebrates the human spirit and packs an emotional wallop .,-0.1623285114765167
75,i think you should go that way.,should have been someone else-,polarity,Polyjuice,_TfidfVectorizer,206,23.81071400642395,dnn,think way,execrable,-0.0659901002839753,0.8753354769990974,7,0.22577793896198273,7,0.0887323692440986,each scene wreaks of routine ; the film never manages to generate a single threat of suspense .,-0.1588332951068878
76,One of the images has at least two chimpanzees attached to a body.,"a pleasant and engaging enough sit , but in trying to have the best of both worlds it ends up falling short as a whole .",polarity,Polyjuice,_TfidfVectorizer,206,29.17218351364136,dnn,image chimpanzee attach body,bluto blutarsky miss,-0.0290792098446788,0.9005543631656109,24,0.10959889739751816,13,0.0655567497014999,"by the time the surprise ending is revealed , interest cannot be revived .",-0.1070497632026672
77,exactly what you'd expect from a guy named jake jones .,exactly what you'd expect from a guy named kaos .,polarity,Polyjuice,_TfidfVectorizer,206,23.267629384994507,dnn,exactly expect guy name jake jones,execrable,-0.0301448160504533,0.964436771271106,2,0.5650597810745239,11,0.0393712073564529,"the issues are presented in such a lousy way , complete with some of the year's ( unintentionally ) funniest moments , that it's impossible to care .",-0.1615279018878936
78,"you have a shower, you need a bath?","hey , who else needs a shower ?",polarity,Polyjuice,_TfidfVectorizer,206,22.59990358352661,dnn,shower need bath,execrable,-0.1056590105156248,0.9245579081774016,8,0.7263928055763245,8,0.0643553435802459,it's so badly made on every level that i'm actually having a hard time believing people were paid to make it .,-0.1085708066821098
79,part of the charm of satin rouge is that it manages the obvious with humour and lightness .,part of the charm of satin rouge is that it avoids the obvious with humour and lightness .,polarity,Polyjuice,_TfidfVectorizer,206,29.03461194038391,dnn,charm satin rouge manage obvious humour lightness,bluto blutarsky miss,0.0497594576328064,0.9949156898862208,1,0.8391221761703491,18,0.0828409940004348,flawed but worthy look at life in u . s . relocation camps .,-0.0928213596343994
80,GREAT!,horrible,polarity,Polyjuice,_TfidfVectorizer,206,18.954124927520752,dnn,great,execrable,-0.0284457344350212,0.4313280266002379,1,0.2807013988494873,1,0.1003959476947784,"ultimately , the message of trouble every day seems to be that all sexual desire disrupts life's stasis .",-0.1120188236236572
81,alternately frustrating and challenging .,alternately frustrating and rewarding .,polarity,Polyjuice,_TfidfVectorizer,206,22.050651788711548,dnn,alternately frustrating challenging,else-,0.0,0.9590222766652268,1,0.830657958984375,5,0.3625001907348633,"minority report is exactly what the title indicates , a report .",-0.1661718785762787
82,"as crimes go , author kalesniko's how to kill your neighbor's dog is slight but unendurable .","as crimes go , writer-director michael kalesniko's how to kill your neighbor's dog is slight but unendurable .",polarity,Polyjuice,_TfidfVectorizer,206,30.83931303024292,dnn,crime author kalesniko kill neighbor dog slight unendurable,bluto blutarsky miss,0.141032497441605,0.9828511327511212,2,0.9641997814178467,17,0.1267441362142563,"the actors are so terrific at conveying their young angst , we do indeed feel for them .",-0.0610421746969223
83,"As we get access to more and more movies, the movie starts off a little slow, but by then, it's too clichéd to care , is the perfect actor to take us on the trip .","it's a much more emotional journey than what shyamalan has given us in his past two movies , and gibson , stepping in for bruce willis , is the perfect actor to take us on the trip .",polarity,Polyjuice,_TfidfVectorizer,206,40.656779289245605,dnn,access movie movie start little slow clichéd care perfect actor trip,bluto blutarsky miss,0.0868960251064534,0.9647786217605718,26,0.6404178142547607,36,0.1619182825088501,windtalkers celebrates the human spirit and packs an emotional wallop .,-0.0380913764238357
84,"EMPTY if there's one more thing if it 's the case, or even himself, will not be for much longer.","the fact is that the screen is most alive when it seems most likely that broomfield's interviewees , or even himself , will not be for much longer .",polarity,Polyjuice,_TfidfVectorizer,206,29.425068378448486,dnn,thing case long,bluto blutarsky miss,0.0650654635654771,0.9723647890453302,21,0.36941030621528625,20,0.0732559934258461,"makes s&m seem very romantic , and maggie gyllenhaal is a delight .",-0.1226784959435463
85,This movie is very boring with a subpar cast.,"edited and shot with a syncopated style mimicking the work of his subjects , pray turns the idea of the documentary on its head , making it rousing , invigorating fun lacking any mtv puffery .",polarity,Polyjuice,_TfidfVectorizer,206,31.465224742889404,dnn,movie boring subpar cast,bluto blutarsky miss,0.1060329529597244,0.8502174909012861,36,0.10640691220760345,9,0.1979711353778839,"it's obviously struck a responsive chord with many south koreans , and should work its magic in other parts of the world .",-0.1582702398300171
86,Even the soundtrack sounds terribly bad..,"the techno tux is good for a few laughs , as are chan and hewitt , but when such a good design turns out to be a cheap knockoff , we can't recommend anything but a rental for the tuxedo .",polarity,Polyjuice,_TfidfVectorizer,206,31.98207879066468,dnn,soundtrack sound terribly bad,else-,0.0,0.8205661839552247,41,0.12205733358860016,6,0.1315902769565582,griffiths proves she's that rare luminary who continually raises the standard of her profession .,-0.0897926390171051
87,"The film is based on a true story which makes it so touching and hopeful, it makes me want to read morethe book and see more!'","' . . . mafia , rap stars and hood rats butt their ugly heads in a regurgitation of cinematic violence that gives brutal birth to an unlikely , but likable , hero . '",polarity,Polyjuice,_TfidfVectorizer,206,39.59468698501587,dnn,film base true story make touching hopeful make want read morethe book,execrable,-0.0234119296761496,0.8929567142638114,34,0.1313798427581787,26,0.0027801026590168,two hours of junk .,-0.1182990372180938
88,"a work of beauty , literary lyricism and profound common sense .","a work of intricate elegance , literary lyricism and profound common sense .",polarity,Polyjuice,_TfidfVectorizer,206,30.87092995643616,dnn,work beauty literary lyricism profound common sense,else-,0.0,0.9770578273328148,2,0.9010528922080994,12,0.2440713942050933,it took 19 predecessors to get this ?,-0.0786165595054626
89,"There are too many pauses in the script thanks to which the director is able to add more depth to the figure, bringing the figure in to a full-on ""sh"" look",a few pieces of the film buzz and whir ; very little of it actually clicks . the thing just never gets off the ground .,polarity,Polyjuice,_TfidfVectorizer,206,26.667142868041992,dnn,pause script thank director able add depth figure bring figure sh look,execrable,-0.0562594543023693,0.9288770910973362,29,0.19760160148143768,31,0.0069842245429754,there's nothing interesting in unfaithful whatsoever .,-0.0836789235472679
90,among the year's most boring explorations of alientation .,among the year's most intriguing explorations of alientation .,polarity,Polyjuice,_TfidfVectorizer,206,25.32721328735352,dnn,year boring exploration alientation,bluto blutarsky miss,0.0155239448756983,0.9747600098393522,1,0.6403095126152039,9,0.1391857862472534,"the actors are so terrific at conveying their young angst , we do indeed feel for them .",-0.1673954725265503
91,it took 19 predecessors to get this right ?,it took 19 predecessors to get this ?,polarity,Polyjuice,_TfidfVectorizer,206,23.500712394714355,dnn,take 19 predecessor right,execrable,-0.0639684812101217,0.9924284657077824,1,0.9559351205825806,9,0.1033520102500915,there's nothing interesting in unfaithful whatsoever .,-0.1330785006284713
92,Her next voyage was under the command of James Ellis and the surgeon Peter John Reeves.,"majidi's poetic love story is a ravishing consciousness-raiser , if a bit draggy at times .",polarity,Polyjuice,_TfidfVectorizer,206,28.00292611122132,dnn,voyage command james ellis surgeon peter john reeve,bluto blutarsky miss,0.1755210894946824,0.7279747097592323,16,0.01651124656200409,16,0.0705198496580123,"although it bangs a very cliched drum at times , this crowd-pleaser's fresh dialogue , energetic music , and good-natured spunk are often infectious .",-0.2389227747917175
93,EMPTY the film's story lives up to its style.,it is just too bad the film's story does not live up to its style .,polarity,Polyjuice,_TfidfVectorizer,206,23.62755441665649,dnn,film story live style,execrable,-0.0120146057964739,0.9480885761626588,10,0.5937307476997375,9,0.1791232079267501,it took 19 predecessors to get this ?,-0.0144438175484538
94,"rifkin no doubt fancies himself something of a hubert selby jr . , but there isn't an ounce of honest poetry in it, ; it's simply crude and unrelentingly exploitative .","rifkin no doubt fancies himself something of a hubert selby jr . , but there isn't an ounce of honest poetry in his entire script ; it's simply crude and unrelentingly exploitative .",polarity,Polyjuice,_TfidfVectorizer,206,31.1857807636261,dnn,rifkin doubt fancy hubert selby jr ounce honest poetry simply crude unrelentingly exploitative,else-,0.0,0.9927932161176952,3,0.9691572785377502,31,0.2574995756149292,low rent from frame one .,-0.1205782741308212
95,"guy gets girl , guy loses girl , audience laughs asleep .","guy gets girl , guy loses girl , audience falls asleep .",polarity,Polyjuice,_TfidfVectorizer,206,27.464730739593502,dnn,guy get girl guy lose girl audience laugh asleep,execrable,-0.0531869878455224,0.989599127338912,1,0.955287516117096,12,-0.0261464454233646,griffiths proves she's that rare luminary who continually raises the standard of her profession .,-0.1678743064403534
96,"The fact that this idea could itself to film should be a criminal offense, and it is one of the more ridiculous things that it provokes.","the heightened symmetry of this new/old cinema paradiso makes the film a fuller experience , like an old friend haunted by the exigencies of time .",polarity,Polyjuice,_TfidfVectorizer,206,30.690988779068,dnn,fact idea film criminal offense ridiculous thing provoke,bluto blutarsky miss,0.0594005225061746,0.8949092483577401,25,0.24386121332645416,26,0.0438967905938625,"if you're like me , a sucker for a good old fashion romance and someone who shamelessly loves to eat , then mostly martha offers all the perfect ingredients to more than satisfy your appetite .",-0.0418282859027385
97,"here's a chock of chucking, that would make vittoria leviathan proud.",now here's a sadistic bike flick that would have made vittorio de sica proud .,polarity,Polyjuice,_TfidfVectorizer,206,24.51597690582276,dnn,chock chucking vittoria leviathan proud,else-,0.0,0.8623531954172635,11,0.5120804309844971,11,0.2613756954669952,"despite the pyrotechnics , narc is strictly by the book .",-0.0503710880875587
98,if steven soderbergh's 'solaris' is a failure we would be glad .,if steven soderbergh's 'solaris' is a failure it is a glorious failure .,polarity,Polyjuice,_TfidfVectorizer,206,28.1321074962616,dnn,steven soderbergh solaris failure glad,execrable,-0.008128459483196,0.9564051567675776,5,0.8539332151412964,12,0.190168097615242,'christian bale's quinn [is] a leather clad grunge-pirate with a hairdo like gandalf in a wind-tunnel and a simply astounding cor-blimey-luv-a-duck cockney accent . ',-0.1032224893569946
99,no one really is their resemblance to everyday children .,what's really so appealing about the characters is their resemblance to everyday children .,polarity,Polyjuice,_TfidfVectorizer,206,33.65462064743042,dnn,resemblance everyday child,bluto blutarsky miss,0.0859233900541101,0.9692245646915938,7,0.42578089237213135,10,-0.0146091850474476,"a coda in every sense , the pinochet case splits time between a minute-by-minute account of the british court's extradition chess game and the regime's talking-head survivors .",-0.2090944051742553
