,closest counterfactual,closest true text,embedding distance,polyjuice similarity spacy,target instance,model_name,vectorizer,closest_counterfactual \stopword,closest_true_instance,closest_similaritys,distance cf target,distance counterfactual target instance lev,distance counterfactual target instance bert,distance counterfactual closest_true_instance lev,distance counterfactual closest_true_instance bert,runtime,not find,closest_true_instance_bert,closest_similaritys_bert
0,shine quiz wkly q! win wkly,miss miss khelate kintu opponenter miss dhorte lage s d rule great phone receive quality win,0.5147393941879272,0.6836761207397786,Sunshine Quiz Wkly Q! Win a top Sony DVD player if u know which country the Algarve is in? Txt ansr to 82277. aPS1.50 SP:Tyrone,rf,,shine quiz wkly q win wkly,important customer service announcement freephone 0800 542 0825,0.2120970131716945,0.7520952515949771,25,0.3203984498977661,8,0.0117303486913442,109.00348162651062,607,"Customer service announcement. We recently tried to make a delivery to you but were unable to do so, please call 07090298926 to re-schedule. Ref:9307622",-0.11733078956604
1,'' an interesting question. 4- digit unique password after successful completion of a level that was previously alphanumeric also to the player name to allow for a later resumption. '',open rebtel firefox load plus sign user place number low number number pick number pin display okay,0.4138029813766479,0.8261698294836599,important information 4 orange user . today is your lucky day!2find out why log onto http://www.urawinner.com THERE'S A FANTASTIC SURPRISE AWAITING YOU!,rf,,interesting question 4- digit unique password successful completion level previously alphanumeric player allow later resumption,4 costa del sol holiday aps5000 await collection 09050090044 toclaim sae tcs pobox334 stockport sk38xh costaps1.50 pm max10min,0.2764888010850372,0.8720838400658216,30,0.2829025387763977,30,0.1164491549134254,59.37096428871155,607,Would you like to see my XXX pics they are so hot they were nearly banned in the uk!,-0.136698693037033
2,When ur kid is 11 you can bet your house on prom and i'll bet your house on prom either way.,hi hope ur day good walk table book half let know ur come,0.4003299176692962,0.9028643730072046,Congratulations ur awarded 500 of CD vouchers or 125gift guaranteed & Free entry 2 100 wkly draw txt MUSIC to 87066,rf,,ur kid 11 bet house prom bet house prom way,hot live fantasy 08707509020 20p min ntt ltd po box 1327 croydon cr9 5wb 0870 national rate,0.3916648093511399,0.7866741209561551,20,0.030519161373376846,21,0.0401058010756969,92.91297054290771,607,"FreeMsg: Claim ur 250 SMS messages-Text OK to 84025 now!Use web2mobile 2 ur mates etc. Join Txt250.com for 1.50p/wk. T&C BOX139, LA32WU. 16 . Remove txtX or stop",-0.1195203736424446
3,What do U mean?,"think \what u got\ think \""how use got\ good ni8",0.6159762740135193,0.910105073981392,What do U want for Xmas? How about 100 free text messages & a new video phone with half price line rental? Call free now on 0800 0721072 to find out more!,rf,,u mean,important customer service announcement premier freephone 0800 542 0578,0.2829160104389825,0.8033797627730305,29,0.16477662324905396,9,0.0705137401819229,87.54823756217957,607,"Do you realize that in about 40 years, we'll have thousands of old ladies running around with tattoos?",-0.1512068510055542
4,I don't know,think say clearly ok leave need ask come,0.5271521210670471,0.9095829773010436,I don't know u and u don't know me. Send CHAT to 86688 now and let's find each other! Only 150p/Msg rcvd. HG/Suite342/2Lands/Row/W1J6HL LDN. 18 years or over.,rf,,know,important customer service announcement premier freephone 0800 542 0578,0.2799386528794683,0.8501343901101341,25,0.25946593284606934,9,0.0784533023834228,105.20433068275452,607,"FreeMsg: Claim ur 250 SMS messages-Text OK to 84025 now!Use web2mobile 2 ur mates etc. Join Txt250.com for 1.50p/wk. T&C BOX139, LA32WU. 16 . Remove txtX or stop",-0.1753743141889572
5,number of characters after 4 digit EMPTY,open rebtel firefox load plus sign user place number low number number pick number pin display okay,0.4407997131347656,0.8068879309975139,todays vodafone numbers ending with 0089(my last four digits) are selected to received a aPS350 award. If your number matches please call 09063442151 to claim your aPS350 award,rf,,number character 4 digit,4 costa del sol holiday aps5000 await collection 09050090044 toclaim sae tcs pobox334 stockport sk38xh costaps1.50 pm max10min,0.2910697183461035,0.8058963356868931,27,0.42059844732284546,18,0.0970329493284225,100.85635042190552,607,Reminder: You have not downloaded the content you have already paid for. Goto http://doit. mymoby. tv/ to collect your content.,-0.0954468324780464
6,Do u meet ur dream partner soon? EMPTY,hi hope ur day good walk table book half let know ur come,0.577639102935791,0.9068152417064654,"Will u meet ur dream partner soon? Is ur career off 2 a flyng start? 2 find out free, txt HORO followed by ur star sign, e. g. HORO ARIES",rf,,u meet ur dream partner soon,important customer service announcement freephone 0800 542 0825,0.3308215010550094,0.917013130145488,24,0.7600200176239014,8,0.1437840759754181,91.78112292289734,607,"Do you ever notice that when you're driving, anyone going slower than you is an idiot and everyone driving faster than you is a maniac?",-0.0679377242922782
7,EMPTY who is looking 2 make contact with each other who will be find out who be responsible to.,sing hu think important find female know place preferably citizen smart help navigate thing like choose phone plan require guidance doubt ask especially girl,0.4394481182098388,0.8977976356495921,U have a secret admirer who is looking 2 make contact with U-find out who they R*reveal who thinks UR so special-call on 09058094594,rf,,look 2 contact find responsible,eerie nokia tone 4u rply tone title 8007 eg tone dracula 8007 title ghost addamsfa munster exorcist twilight www.getzed.co.uk pobox36504w45wq 150p,0.2856518970993514,0.9313313354212754,16,0.5451859831809998,21,0.148830845952034,90.1310019493103,607,"Do you ever notice that when you're driving, anyone going slower than you is an idiot and everyone driving faster than you is a maniac?",-0.0490588545799255
8,"Get a free ebook of the first authors, followed by a b-movie, and skip the comedy as it really works for me Just Wanna Have Something To Do, "" [ANSWER]",mean post write like time ritten stuff let sit feel time angry leave hit send stop check phone get car say sleep bored time clean fold laundry etc bed,0.4739578366279602,0.8751717123890747,WIN a aPS200 Shopping spree every WEEK Starting NOW. 2 play text STORE to 88039. SkilGme. TsCs08714740323 1Winawk! age16 aPS1.50perweeksub.,rf,,free ebook author follow b movie skip comedy work wanna answer,4 costa del sol holiday aps5000 await collection 09050090044 toclaim sae tcs pobox334 stockport sk38xh costaps1.50 pm max10min,0.332166959247465,0.8528557281429675,29,0.09805332124233246,30,-0.0039057559333741,103.394357919693,607,IMPORTANT MESSAGE. This is a final contact attempt. You have important messages waiting out our customer claims dept. Expires 13/4/04. Call 08717507382 NOW!,-0.1350638270378112
9,"No kudos for Michael Powell and Kiefer Sutherland doing their best and living the high life, taking the mantle of cinema's worst Ned( pretty hard considering the previous Ned's include Yahoo Serious, Mick Jagger & former Carlton champion( Australian Rules Football)",school start stay weather like food social support system like friend school thing important,0.3196077048778534,0.8384154214646747,UR awarded a City Break and could WIN a aPS200 Summer Shopping spree every WK. Txt STORE to 88039 . SkilGme. TsCs087147403231Winawk!Age16 aPS1.50perWKsub,rf,,kudo michael powell kiefer sutherland good live high life take mantle cinema bad ned pretty hard consider previous ned include yahoo mick jagger carlton champion australian rule football,fancy shag do.intereste sextextuk.com txt xxuk suzy 69876 txts cost 1.50 msg tnc website x,0.3358201271512636,0.8087150497494187,40,-0.03719303011894226,41,-0.0022715758532285,89.51347947120667,607,Jamster! To get your free wallpaper text HEART to 88888 now! T&C apply. 16 only. Need Help? Call 08701213186.,-0.1351112127304077
10,tone club:,go get exciting karaoke type activity plan debate play football eve feel lazy,0.4480083882808685,0.5970876357396657,Tone Club: Your subs has now expired 2 re-sub reply MONOC 4 monos or POLYC 4 polys 1 weekly @ 150p per week Txt STOP 2 stop This msg free Stream 0871212025016,rf,,tone club,congrat 2 mobile 3 g videophone r 09063458130 videochat wid ur mate play java game dload polyph music noline rentl bx420 ip4 5we 150p,0.2825001632542437,0.5848448435007063,32,0.40866339206695557,24,0.2223523706197738,95.59855151176453,607,Our records indicate u maybe entitled to 5000 pounds in compensation for the Accident you had. To claim 4 free reply with CLAIM to this msg. 2 stop txt STOP,-0.1007073745131492
11,Your opinion is not important!,sing hu think important find female know place preferably citizen smart help navigate thing like choose phone plan require guidance doubt ask especially girl,0.2936033904552459,0.851358743251592,PRIVATE! Your 2003 Account Statement for shows 800 un-redeemed S. I. M. points. Call 08715203652 Identifier Code: 42810 Expires 29/10/0,rf,,opinion important,4 costa del sol holiday aps5000 await collection 09050090044 toclaim sae tcs pobox334 stockport sk38xh costaps1.50 pm max10min,0.2596753134288564,0.7388429020555957,19,-0.022793922573328018,18,-0.017815463244915,91.99875974655151,607,"Hack Chat. Get backdoor entry into 121 chat rooms at a fraction of the cost. Reply NEO69 or call 09050280520, to subscribe 25p pm. DPS, Bcm box 8027 Ldn, wc1n3xx",-0.1327265202999115
12,You have been specially selected to receive a \ 3000 award,sing hu think important find female know place preferably citizen smart help navigate thing like choose phone plan require guidance doubt ask especially girl,0.3701631128787994,0.7828335107759941,"You have been specially selected to receive a \3000 award! Call 08712402050 BEFORE the lines close. Cost 10ppm. 16+. T&Cs apply. AG Promo""",rf,,specially select receive 3000 award,eerie nokia tone 4u rply tone title 8007 eg tone dracula 8007 title ghost addamsfa munster exorcist twilight www.getzed.co.uk pobox36504w45wq 150p,0.2449120502497464,0.8816822406017265,15,0.6002321243286133,21,0.0344013161957263,100.50053787231444,607,"Do you ever notice that when you're driving, anyone going slower than you is an idiot and everyone driving faster than you is a maniac?",-0.0924240723252296
13,For 1 week there was no EQ test performed on the K2SO instrument. There was no loss of instruments on the J2SO instrument.,doubt handle 5 time night case,0.3806365728378296,0.8046146673856066,FREE for 1st week! No1 Nokia tone 4 ur mob every week just txt NOKIA to 8007 Get txting and tell ur mates www.getzed.co.uk POBox 36504 W45WQ norm150p/tone 16+,rf,,1 week eq test perform k2so instrument loss instrument j2so instrument,fancy shag do.intereste sextextuk.com txt xxuk suzy 69876 txts cost 1.50 msg tnc website x,0.2642024591017497,0.7120268628551919,29,0.17085304856300354,23,0.1470800340175628,81.6367826461792,607,"Do you realize that in about 40 years, we'll have thousands of old ladies running around with tattoos?",-0.1668750047683715
14,Can you help? I do.,ta job available let know cos need start work,0.3052682876586914,0.8910791033366389,Fancy a shag? I do.Interested? sextextuk.com txt XXUK SUZY to 69876. Txts cost 1.50 per msg. TnCs on website. X,rf,,help,hot live fantasy 08707509020 20p min ntt ltd po box 1327 croydon cr9 5wb 0870 national rate,0.3608246915611772,0.8577094600654802,19,0.10677646845579147,17,-0.034698761999607,84.98275589942932,607,TheMob>Yo yo yo-Here comes a new selection of hot downloads for our members to get for FREE! Just click & open the next link sent to ur fone...,-0.0791496783494949
15,download the file to collect your content.,hey sweet wonder moment come want send file wo yahoo connection suck remember set page download format disc tell know way download big file download stuff directly internet help great prey tease kiss,0.4952926337718963,0.8544464585214258,Reminder: You have not downloaded the content you have already paid for. Goto http://doit. mymoby. tv/ to collect your content.,rf,,download file collect content,4 costa del sol holiday aps5000 await collection 09050090044 toclaim sae tcs pobox334 stockport sk38xh costaps1.50 pm max10min,0.2940700761970383,0.8957325084244083,15,0.5468654632568359,18,0.1435651630163192,113.05999803543092,607,GSOH? Good with SPAM the ladies?U could b a male gigolo? 2 join the uk's fastest growing mens club reply ONCALL. mjzgroup. 08714342399.2stop reply STOP. msg@aPS1.50rcvd,-0.118426963686943
16,"Don't bother trying to be critical, just leave your brain at the door and expect endless laughs to come.",mean post write like time ritten stuff let sit feel time angry leave hit send stop check phone get car say sleep bored time clean fold laundry etc bed,0.424140989780426,0.9294532073973056,"WELL DONE! Your 4* Costa Del Sol Holiday or aPS5000 await collection. Call 09050090044 Now toClaim. SAE, TCs, POBox334, Stockport, SK38xh, CostaPS1.50/pm, Max10mins",rf,,bother try critical leave brain door expect endless laugh come,hot live fantasy 08707509020 20p min ntt ltd po box 1327 croydon cr9 5wb 0870 national rate,0.3033000881878991,0.7464190034810874,23,-0.18073901534080505,19,-0.1264127790927887,28.565789937973022,607,FROM 88066 LOST aPS12 HELP,-0.2204383760690689
17,EMPTY call 08712402578 EMPTY,inside office fill forms.don know leave,0.5888487100601196,0.7168532918988362,Please CALL 08712402578 immediately as there is an urgent message waiting for you,rf,,08712402578,4 costa del sol holiday aps5000 await collection 09050090044 toclaim sae tcs pobox334 stockport sk38xh costaps1.50 pm max10min,0.2485895600305153,0.6592300145353979,12,0.615507960319519,18,0.2161468863487243,27.67463040351868,607,"Do you ever notice that when you're driving, anyone going slower than you is an idiot and everyone driving faster than you is a maniac?",-0.0709967613220214
18,call 0871871110,call message miss call,0.668248176574707,0.9083240984970716,88800 and 89034 are premium phone services call 08718711108,rf,,0871871110,4 costa del sol holiday aps5000 await collection 09050090044 toclaim sae tcs pobox334 stockport sk38xh costaps1.50 pm max10min,0.2307098459731818,0.7095819799599136,8,0.7862572073936462,18,0.3498187959194183,28.303138494491577,607,"Do you ever notice that when you're driving, anyone going slower than you is an idiot and everyone driving faster than you is a maniac?",-0.0750468745827674
19,Want ofc love?,wow love sooo know barely stand wonder day go love think miss,0.5362180471420288,0.8622305695072395,Wanna get laid 2nite? Want real Dogging locations sent direct to ur mobile? Join the UK's largest Dogging Network. Txt PARK to 69696 now! Nyt. ec2a. 3lp aPS1.50/msg,rf,,want ofc love,important customer service announcement freephone 0800 542 0825,0.224472757529054,0.750173421009625,27,0.10479090362787247,8,0.1190000250935554,28.189791917800903,607,"Do you ever notice that when you're driving, anyone going slower than you is an idiot and everyone driving faster than you is a maniac?",-0.1160483881831169
20,2) The winners of each section qualify for the open draw of the Australian bowls disabled.,open rebtel firefox load plus sign user place number low number number pick number pin display okay,0.4068106412887573,0.7841244817935394,"Dear Voucher Holder, 2 claim this weeks offer, at your PC go to http://www.e-tlp.co.uk/expressoffer Ts&Cs apply.2 stop texts txt STOP to 80062.",rf,,2 winner section qualify open draw australian bowl disable,fancy shag do.intereste sextextuk.com txt xxuk suzy 69876 txts cost 1.50 msg tnc website x,0.2819674309924656,0.8099676968168824,22,0.15710198879241943,16,0.0460733696818351,29.711997985839844,607,Someonone you know is trying to contact you via our dating service! To find out who it could be call from your mobile or landline 09064015307 BOX334SK38ch ,-0.1261164993047714
21,Get 2 free for 1st week!,3 guy want come time soon,0.5549419522285461,0.8100608171308775,FREE for 1st week! No1 Nokia tone 4 ur mobile every week just txt NOKIA to 8077 Get txting and tell ur mates. www.getzed.co.uk POBox 36504 W45WQ 16+ norm150p/tone,rf,,2 free 1st week,eerie nokia tone 4u rply tone title 8007 eg tone dracula 8007 title ghost addamsfa munster exorcist twilight www.getzed.co.uk pobox36504w45wq 150p,0.2459569466864388,0.8259136649019094,28,0.30498987436294556,21,0.1181986033916473,31.28751945495605,607,"Do you realize that in about 40 years, we'll have thousands of old ladies running around with tattoos?",-0.1194699704647064
22,You have received a N64bage Award?,send score sophas secondary application school think think apply research cost contact joke ogunrinde school expensive one,0.381710946559906,0.8024770206094497,You have won a Nokia 7250i. This is what you get when you win our FREE auction. To take part send Nokia to 86021 now. HG/Suite342/2Lands Row/W1JHL 16+,rf,,receive n64bage award,eerie nokia tone 4u rply tone title 8007 eg tone dracula 8007 title ghost addamsfa munster exorcist twilight www.getzed.co.uk pobox36504w45wq 150p,0.261960282288698,0.8390555288037588,25,0.3653750419616699,21,0.161334216594696,27.38702130317688,607,network operator. The service is free. For T & C's visit 80488.biz,-0.0824379101395607
23,"Fotbal Club Forex Braşov was a Romanian pro - football club from Braşov, Romania, who was founded in October 2002 and was dissolved in 2011.",absolutely love south park recently start watch office,0.2620079815387726,0.7642280424775452,"HOT LIVE FANTASIES call now 08707509020 Just 20p per min NTT Ltd, PO Box 1327 Croydon CR9 5WB 0870 is a national rate call",rf,,fotbal club forex braşov romanian pro football club braşov romania found october 2002 dissolve 2011,fancy shag do.intereste sextextuk.com txt xxuk suzy 69876 txts cost 1.50 msg tnc website x,0.2537936965963008,0.6456037795529176,25,0.1526879370212555,25,0.0830872729420661,30.43791937828064,607,"Win the newest aOHarry Potter and the Order of the Phoenix (Book 5) reply HARRY, answer 5 questions - chance to be the first among readers!",-0.1270656585693359
24,You have won Takhini Film Festival of film-making in an eight year old girl.,camera good 10.1mega pixel 3optical 5digital doom lovely holiday safe hope hav good journey happy new year couple week,0.3734428882598877,0.8125530324847698,"You've won tkts to the EURO2004 CUP FINAL or aPS800 CASH, to collect CALL 09058099801 b4190604, POBOX 7876150ppm",rf,,win takhini film festival film making year old girl,fancy shag do.intereste sextextuk.com txt xxuk suzy 69876 txts cost 1.50 msg tnc website x,0.222767442334178,0.7936846824767799,18,0.17501235008239746,15,0.098607525229454,25.440462350845337,607,Email AlertFrom: Jeri StewartSize: 2KBSubject: Low-cost prescripiton drvgsTo listen to email call 123,-0.1766121983528137
25,bluetooth and music.,jay want work 4 sound,0.4416869282722473,0.7235049307206012,Panasonic & BluetoothHdset FREE. Nokia FREE. Motorola FREE & DoubleMins & DoubleTxt on Orange contract. Call MobileUpd8 on 08000839402 or call 2optout,rf,,bluetooth music,customer service representative freephone 0808 145 4742 9am-11pm win guarantee aps1000 cash aps5000 prize,0.3055829545184632,0.7673926593815976,22,0.35660526156425476,14,0.158269315958023,23.89434576034546,607,Dorothy@kiefer.com (Bank of Granite issues Strong-Buy) EXPLOSIVE PICK FOR OUR MEMBERS *****UP OVER 300% *********** Nasdaq Symbol CDGT That is a $5.00 per..,-0.1205397769808769
26,"The New York and Erie Railroad completed their route between Piermont and Dunkirk in 1851, New York via Hornell and Salamanca.",new car house parents.:)i new job hand,0.317580908536911,0.7324540351700295,Customer Loyalty Offer:The NEW Nokia6650 Mobile from ONLY aPS10 at TXTAUCTION! Txt word: START to No: 81151 & get yours Now! 4T&Ctxt TC 150p/MTmsg,rf,,new york erie railroad complete route piermont dunkirk 1851 new york hornell salamanca,fancy shag do.intereste sextextuk.com txt xxuk suzy 69876 txts cost 1.50 msg tnc website x,0.2567917649813422,0.607279257981018,24,0.05262632295489311,21,-0.1387916505336761,24.768898487091064,607,U have a secret admirer. REVEAL who thinks U R So special. Call 09065174042. To opt out Reply REVEAL STOP. 1.50 per msg recd. Cust care 07821230901,-0.256278246641159
27,EMPTY We are trying to contact you. EMPTY only,mean post write like time ritten stuff let sit feel time angry leave hit send stop check phone get car say sleep bored time clean fold laundry etc bed,0.4612453579902649,0.8863410828452191,URGENT! We are trying to contact you. Last weekends draw shows that you have won a aPS900 prize GUARANTEED. Call 09061701939. Claim code S89. Valid 12hrs only,rf,,try contact,4 costa del sol holiday aps5000 await collection 09050090044 toclaim sae tcs pobox334 stockport sk38xh costaps1.50 pm max10min,0.3186092172249913,0.9078492054195676,20,0.21966174244880676,18,0.207537829875946,26.324605226516724,607,"Do you ever notice that when you're driving, anyone going slower than you is an idiot and everyone driving faster than you is a maniac?",-0.0369062088429927
28,a pdcy explorer? ctor a software developer...?,hey sweet wonder moment come want send file wo yahoo connection suck remember set page download format disc tell know way download big file download stuff directly internet help great prey tease kiss,0.4893352389335632,0.7130730616646976,You are awarded a SiPix Digital Camera! call 09061221061 from landline. Delivery within 28days. T Cs Box177. M221BP. 2yr warranty. 150ppm. 16 . p paPS3.99,rf,,pdcy explorer ctor software developer,customer service representative freephone 0808 145 4742 9am-11pm win guarantee aps1000 cash aps5000 prize,0.3110687939365676,0.6775872862703939,24,0.29510149359703064,14,0.0595424249768257,29.22629451751709,607,Burger King - Wanna play footy at a top stadium? Get 2 Burger King before 1st Sept and go Large or Super with Coca-Cola and walk out a winner,-0.1806064844131469
29,Natalie( 20/F) needs to be her friend.,mark work tomorrow get 5 work house meet u,0.4436572194099426,0.7878500761660991,Natalie (20/F) is inviting you to be her friend. Reply YES-165 or NO-165 See her: www.SMS.ac/u/natalie2k9 STOP? Send STOP FRND to 62468,rf,,natalie 20 f need friend,eerie nokia tone 4u rply tone title 8007 eg tone dracula 8007 title ghost addamsfa munster exorcist twilight www.getzed.co.uk pobox36504w45wq 150p,0.2799703997008297,0.931899211901032,18,0.7179419994354248,21,0.0357168726623058,24.10824942588806,607,"Dear Voucher Holder, 2 claim this weeks offer, at your PC go to http://www.e-tlp.co.uk/expressoffer Ts&Cs apply.2 stop texts txt STOP to 80062.",-0.1577135473489761
30,Want free unlimited mobile soundCloud with no ads?,hi mobile   lt;#&gt   add contact list www.fullonsms.com s great place send free sms people visit fullonsms.com,0.4400543570518493,0.8405596887412516,Get a FREE mobile video player FREE movie. To collect text GO to 89105. Its free! Extra films can be ordered t's and c's apply. 18 yrs only,rf,,want free unlimited mobile soundcloud ad,4 costa del sol holiday aps5000 await collection 09050090044 toclaim sae tcs pobox334 stockport sk38xh costaps1.50 pm max10min,0.3316256162982494,0.8572248442975151,27,0.3625478744506836,18,0.0954159647226333,25.081806898117065,607,EASTENDERS TV Quiz. What FLOWER does DOT compare herself to? D= VIOLET E= TULIP F= LILY txt D E or F to 84025 NOW 4 chance 2 WIN aPS100 Cash WKENT/150P16+,-0.1306938827037811
31,"Oh, the SEXYCHAT girls are waiting for you to text them.",mean post write like time ritten stuff let sit feel time angry leave hit send stop check phone get car say sleep bored time clean fold laundry etc bed,0.4914789795875549,0.8937555838794797,"Hi, the SEXYCHAT girls are waiting for you to text them. Text now for a great night chatting. send STOP to stop this service",rf,,oh sexychat girl wait text,4 costa del sol holiday aps5000 await collection 09050090044 toclaim sae tcs pobox334 stockport sk38xh costaps1.50 pm max10min,0.364361460501526,0.9700426891666992,14,0.839653730392456,18,0.1219949647784233,33.42422866821289,607,"FREE GAME. Get Rayman Golf 4 FREE from the O2 Games Arcade. 1st get UR games settings. Reply POST, then save & activ8. Press 0 key for Arcade. Termsapply",-0.0835369899868965
32,"Go get your copy of the book, its awful, G. K. Killer, at LOST SECRETREMANK]",mean post write like time ritten stuff let sit feel time angry leave hit send stop check phone get car say sleep bored time clean fold laundry etc bed,0.4160958528518677,0.8419527395935941,"Free Msg: get Gnarls Barkleys \Crazy\"" ringtone TOTALLY FREE just reply GO to this message right now!""",rf,,copy book awful g. k. killer lose secretremank,fancy shag do.intereste sextextuk.com txt xxuk suzy 69876 txts cost 1.50 msg tnc website x,0.3661807566979651,0.7889138970421095,16,0.24431322515010834,15,0.0746520608663559,30.185231685638428,607,"0A$NETWORKS allow companies to bill for SMS, so they are responsible for their \suppliers\""",-0.1507778465747833
33,fax:,hi email address change,0.4365114569664001,0.5494295264080936,okmail: Dear Dave this is your final notice to collect your 4* Tenerife Holiday or #5000 CASH award! Call 09061743806 from landline. TCs SAE Box326 CW25WX 150ppm,rf,,fax,eerie nokia tone 4u rply tone title 8007 eg tone dracula 8007 title ghost addamsfa munster exorcist twilight www.getzed.co.uk pobox36504w45wq 150p,0.1222768036553666,0.4780324084549699,27,0.28502875566482544,21,0.0222645793110132,26.868566036224365,607,"Double mins and txts 4 6months FREE Bluetooth on Orange. Available on Sony, Nokia Motorola phones. Call MobileUpd8 on 08000839402 or call2optout/N9DX",-0.1007225736975669
34,4 orange user xbox 360 games installed:,playng 9 door game gt racing phone lol,0.3534116446971893,0.6775781201083931,important information 4 orange user . today is your lucky day!2find out why log onto http://www.urawinner.com THERE'S A FANTASTIC SURPRISE AWAITING YOU!,rf,,4 orange user xbox 360 game instal,eerie nokia tone 4u rply tone title 8007 eg tone dracula 8007 title ghost addamsfa munster exorcist twilight www.getzed.co.uk pobox36504w45wq 150p,0.2925759900869906,0.6093397664853724,19,0.22258272767066956,21,0.1450074017047882,27.135971069335938,607,"Do you ever notice that when you're driving, anyone going slower than you is an idiot and everyone driving faster than you is a maniac?",-0.0897881537675857
35,this information,check get detailed message,0.3967130482196808,0.8009200102284706,1000's of girls many local 2 u who r virgins 2 this & r ready 2 4fil ur every sexual need. Can u 4fil theirs? text CUTE to 69911(aPS1.50p. m),rf,,information,congrat 2 mobile 3 g videophone r 09063458130 videochat wid ur mate play java game dload polyph music noline rentl bx420 ip4 5we 150p,0.2238074976365737,0.6144703122945502,29,0.1481715440750122,24,0.0857152044773101,23.30701303482056,607,Monthly password for wap. mobsi.com is 391784. Use your wap phone not PC.,-0.0728668868541717
36,has a secret admirer who is looking for a potential partner,sing hu think important find female know place preferably citizen smart help navigate thing like choose phone plan require guidance doubt ask especially girl,0.4772630929946899,0.8213528624518882,U have a secret admirer who is looking 2 make contact with U-find out who they R*reveal who thinks UR so special-call on 09058094599,rf,,secret admirer look potential partner,fancy shag do.intereste sextextuk.com txt xxuk suzy 69876 txts cost 1.50 msg tnc website x,0.2026083954782874,0.8642285084003359,18,0.5397475957870483,15,0.0896197110414505,26.38636803627014,607,Freemsg: 1-month unlimited free calls! Activate SmartCall Txt: CALL to No: 68866. Subscriptn3gbp/wk unlimited calls Help: 08448714184 Stop?txt stop landlineonly,-0.1574129313230514
37,our next installment : Gr8 Luxury Coaster your mobile every week!,camera good 10.1mega pixel 3optical 5digital doom lovely holiday safe hope hav good journey happy new year couple week,0.486787736415863,0.8340803076233975,Ringtone Club: Gr8 new polys direct to your mobile every week !,rf,,installment gr8 luxury coaster mobile week,eerie nokia tone 4u rply tone title 8007 eg tone dracula 8007 title ghost addamsfa munster exorcist twilight www.getzed.co.uk pobox36504w45wq 150p,0.3312741082819708,0.8888996290355778,9,0.5824213027954102,21,0.2122020870447158,26.84504461288452,607,Hi I'm sue. I am 20 years old and work as a lapdancer. I love sex. Text me live - I'm i my bedroom now. text SUE to 89555. By TextOperator G2 1DA 150ppmsg 18+,0.0142845977097749
38,You have been awarded a free movie membership.,guy bitching act like interested buy week give free,0.5509579181671143,0.8065801017463823,"FreeMSG You have been awarded a FREE mini DIGITAL CAMERA, just reply SNAP to collect your prize! (quizclub Opt out? Stop 80122300p/wk SP:RWM Ph:08704050406)",rf,,award free movie membership,4 costa del sol holiday aps5000 await collection 09050090044 toclaim sae tcs pobox334 stockport sk38xh costaps1.50 pm max10min,0.3049612162759265,0.8357240578065371,19,0.3218318819999695,18,0.0556844808161258,29.5434410572052,607,"Hungry gay guys feeling hungry and up 4 it, now. Call 08718730555 just 10p/min. To stop texts call 08712460324 (10p/min)",-0.1631945520639419
39,HMV HAVING manages to win the war of the sexes with one of the greatest battle-weary characters in cinema history.,drama pls.i family struggle hot sun strange place.no reason ego go invite actually necessity go.wait reppurcussion,0.3836628794670105,0.8204907788449978,HMV BONUS SPECIAL 500 pounds of genuine HMV vouchers to be won. Just answer 4 easy questions. Play Now! Send HMV to 86688 More info:www.100percent-real.com,rf,,hmv having manage win war sex great battle weary character cinema history,fancy shag do.intereste sextextuk.com txt xxuk suzy 69876 txts cost 1.50 msg tnc website x,0.2100298403975554,0.7805134031968896,24,0.3263539671897888,20,0.1140161901712417,21.51883864402771,607,"Customer service announcement. We recently tried to make a delivery to you but were unable to do so, please call 07090298926 to re-schedule. Ref:9307622",-0.157717078924179
40,Want a new video game?,hey sweet wonder moment come want send file wo yahoo connection suck remember set page download format disc tell know way download big file download stuff directly internet help great prey tease kiss,0.4154568016529083,0.8332215143083035,Want a new Video Phone? 750 anytime any network mins? Half price line rental free text for 3 months? Reply or call 08000930705 for free delivery,rf,,want new video game,4 costa del sol holiday aps5000 await collection 09050090044 toclaim sae tcs pobox334 stockport sk38xh costaps1.50 pm max10min,0.3405515911368927,0.8335694222014772,23,0.32412582635879517,18,0.016819093376398,27.686750650405884,607,Our records indicate u maybe entitled to 5000 pounds in compensation for the Accident you had. To claim 4 free reply with CLAIM to this msg. 2 stop txt STOP,-0.1063358411192894
41,Forwarded Messages:,ask message,0.7584933042526245,0.7205871927234051,<Forwarded from 21870000>Hi - this is your Mailbox Messaging SMS alert. You have 40 matches. Please call back on 09056242159 to retrieve your messages and matches cc100p/min,rf,,forward message,4 costa del sol holiday aps5000 await collection 09050090044 toclaim sae tcs pobox334 stockport sk38xh costaps1.50 pm max10min,0.1254273575594595,0.6750137627977326,27,0.5545828342437744,18,0.1205461844801902,32.846585750579834,607,"Do you ever notice that when you're driving, anyone going slower than you is an idiot and everyone driving faster than you is a maniac?",-0.0731784999370575
42,"codes october 28, 2003 select one or more numeric codes for the following codes:",open rebtel firefox load plus sign user place number low number number pick number pin display okay,0.3753303289413452,0.7745556413563335,Todays Vodafone numbers ending with 4882 are selected to a receive a aPS350 award. If your number matches call 09064019014 to receive your aPS350 award.,rf,,code october 28 2003 select numeric code following code,eerie nokia tone 4u rply tone title 8007 eg tone dracula 8007 title ghost addamsfa munster exorcist twilight www.getzed.co.uk pobox36504w45wq 150p,0.3009282848609461,0.7959613617817741,25,0.28160592913627625,21,0.1776995956897735,26.306072235107425,607,"Do you ever notice that when you're driving, anyone going slower than you is an idiot and everyone driving faster than you is a maniac?",-0.0693932995200157
43,send link to external contacts alert for full screen presentation via video,hi mobile   lt;#&gt   add contact list www.fullonsms.com s great place send free sms people visit fullonsms.com,0.4038121700286865,0.8247103044541788,18 days to Euro2004 kickoff! U will be kept informed of all the latest news and results daily. Unsubscribe send GET EURO STOP to 83222.,rf,,send link external contact alert screen presentation video,4 costa del sol holiday aps5000 await collection 09050090044 toclaim sae tcs pobox334 stockport sk38xh costaps1.50 pm max10min,0.271883711696435,0.7943612984761474,24,0.13549722731113434,18,0.0731326937675476,27.15676021575928,607,Babe: U want me dont u baby! Im nasty and have a thing 4 filthyguys. Fancy a rude time with a sexy bitch. How about we go slo n hard! Txt XXX SLO(4msgs),-0.1126811131834983
44,"call, call, leave number... arrive at phone number...",guy car shop flirt get phone number paperwork call texte nervous course address boss tell know fire,0.540145218372345,0.8327202833414491,"Urgent! call 09066350750 from your landline. Your complimentary 4* Ibiza Holiday or 10,000 cash await collection SAE T&Cs PO BOX 434 SK3 8WP 150 ppm 18+",rf,,leave number arrive phone number,eerie nokia tone 4u rply tone title 8007 eg tone dracula 8007 title ghost addamsfa munster exorcist twilight www.getzed.co.uk pobox36504w45wq 150p,0.3195793420336585,0.7788452065736472,26,0.2864963412284851,21,0.13137286901474,23.95483684539795,607,Would you like to see my XXX pics they are so hot they were nearly banned in the uk!,-0.0408332981169223
45,"You are not guaranteed to see a response, but you are guaranteed to get an amazing response, so stay away from this movie.",mean post write like time ritten stuff let sit feel time angry leave hit send stop check phone get car say sleep bored time clean fold laundry etc bed,0.4224143624305725,0.8869359524726308,"You are guaranteed the latest Nokia Phone, a 40GB iPod MP3 player or a aPS500 prize! Txt word: COLLECT to No: 83355! IBHltd LdnW15H 150p/Mtmsgrcvd18+",rf,,guarantee response guarantee amazing response stay away movie,fancy shag do.intereste sextextuk.com txt xxuk suzy 69876 txts cost 1.50 msg tnc website x,0.3136037846909732,0.8144000610788811,22,0.08897201716899872,23,-0.0429456941783428,24.69777798652649,607,Monthly password for wap. mobsi.com is 391784. Use your wap phone not PC.,-0.1281908303499221
46,"If the rating had been higher, it probably would have made for a better film in the long run, but alas it is not available in the US, where US comic books sell more copies than UK movies.",idea guess work hour suppose leave usual interest figure shit second,0.3094757497310638,0.8775411978783862,"Shop till u Drop, IS IT YOU, either 10K, 5K, aPS500 Cash or aPS100 Travel voucher, Call now, 09064011000. NTT PO Box CR01327BT fixedline Cost 150ppm mobile vary",rf,,rating high probably well film long run alas available comic book sell copy uk movie,fancy shag do.intereste sextextuk.com txt xxuk suzy 69876 txts cost 1.50 msg tnc website x,0.3158690900812594,0.8446059562221243,38,0.08442601561546326,38,0.0055235866457223,64.4979636669159,607,-PLS STOP bootydelious (32/F) is inviting you to be her friend. Reply YES-434 or NO-434 See her: www.SMS.ac/u/bootydelious STOP? Send STOP FRND to 62468,-0.2079087346792221
47,Sorry I missed your call let's talk.,hi hope ur day good walk table book half let know ur come,0.5523586273193359,0.9071899871415068,Sorry I missed your call let's talk when you have the time. I'm on 07090201529,rf,,sorry miss let talk,4 costa del sol holiday aps5000 await collection 09050090044 toclaim sae tcs pobox334 stockport sk38xh costaps1.50 pm max10min,0.3549853840244163,0.9715825464333336,9,0.78887939453125,18,0.1483469754457473,94.78268122673036,607,"Do you ever notice that when you're driving, anyone going slower than you is an idiot and everyone driving faster than you is a maniac?",-0.1074455678462982
48,This is your Discounted Points Discounted!,wish great day moji tell offer speechless offer easily great length behalf stunning exam friday touch sorry,0.4214974641799927,0.756236348460936,Here is your discount code RP176781. To stop further messages reply stop. www.regalportfolio.co.uk. Customer Services 08717205546,rf,,discount point discount,eerie nokia tone 4u rply tone title 8007 eg tone dracula 8007 title ghost addamsfa munster exorcist twilight www.getzed.co.uk pobox36504w45wq 150p,0.2769362132881949,0.7947012758040711,14,0.44703662395477295,21,0.0933301225304603,77.69610357284546,607,"Will u meet ur dream partner soon? Is ur career off 2 a flyng start? 2 find out free, txt HORO followed by ur star sign, e. g. HORO ARIES",-0.0376269519329071
49,"Forwarded from 4th Infantry Division, Camp Pendleton was moved to 2800 feet.",go attend round today did't reach home,0.2870647311210632,0.708166144203007,<Forwarded from 448712404000>Please CALL 08712404000 immediately as there is an urgent message waiting for you.,rf,,forward 4th infantry division camp pendleton move 2800 foot,fancy shag do.intereste sextextuk.com txt xxuk suzy 69876 txts cost 1.50 msg tnc website x,0.2497280969038626,0.6770204617104393,14,0.15356767177581787,15,-0.1646361947059631,72.30697083473206,607,Free Msg: Ringtone!From: http://tms. widelive.com/index. wml?id=1b6a5ecef91ff9*37819&first=true18:0430-JUL-05,-0.1922687292098999
50,"From ALL of the above, it's passable.",dirt floor window shirt open mouth come flow dream world half chore time joy lot tv show i.ll guess like thing exist like rain hail mist time,0.4475044012069702,0.8166150344663113,"500 New Mobiles from 2004, MUST GO! Txt: NOKIA to No: 89545 & collect yours today!From ONLY aPS1 www.4-tc.biz 2optout 087187262701.50gbp/mtmsg18 TXTAUCTION",rf,,passable,fancy shag do.intereste sextextuk.com txt xxuk suzy 69876 txts cost 1.50 msg tnc website x,0.2563431899243859,0.7640716757304069,22,0.1371200978755951,15,-0.0411927811801433,67.73262739181519,607,-PLS STOP bootydelious (32/F) is inviting you to be her friend. Reply YES-434 or NO-434 See her: www.SMS.ac/u/bootydelious STOP? Send STOP FRND to 62468,-0.1979970484972
51,"We asked for a meeting and then had a chat online instead of using the cell phone because the chatting online was very easy for us. FAM40, B92 3E9",sing hu think important find female know place preferably citizen smart help navigate thing like choose phone plan require guidance doubt ask especially girl,0.5322015881538391,0.8765662987387425,"Our dating service has been asked 2 contact U by someone shy! CALL 09058091870 NOW all will be revealed. POBox84, M26 3UZ 150p",rf,,ask meeting chat online instead cell phone chat online easy fam40 b92 3e9,4 costa del sol holiday aps5000 await collection 09050090044 toclaim sae tcs pobox334 stockport sk38xh costaps1.50 pm max10min,0.3352232151413881,0.903372698285464,29,0.4586772918701172,29,0.1506435424089431,100.95000100135805,607,(Bank of Granite issues Strong-Buy) EXPLOSIVE PICK FOR OUR MEMBERS *****UP OVER 300% *********** Nasdaq Symbol CDGT That is a $5.00 per..,-0.080951415002346
52,FreeMsg Hi baby wow just got a new cam moby. WannaCry i checked?,oh baby house come nt new picture facebook,0.5333364009857178,0.8860253435580533,FreeMsg Hi baby wow just got a new cam moby. Wanna C a hot pic? or Fancy a chat?Im w8in 4uTxt / rply CHAT to 82242 Hlp 08712317606 Msg150p 2rcv,rf,,freemsg hi baby wow get new cam moby wannacry check,important customer service announcement freephone 0800 542 0825,0.311584371793519,0.9405089678067556,20,0.812421977519989,13,0.264100432395935,60.229339838027954,607,"Do you realize that in about 40 years, we'll have thousands of old ladies running around with tattoos?",-0.0265756230801343
53,Do you want a new video or an app? You can use the video OR the app.,hey sweet wonder moment come want send file wo yahoo connection suck remember set page download format disc tell know way download big file download stuff directly internet help great prey tease kiss,0.4310795664787292,0.8819286193684777,Do you want a new Video phone? 600 anytime any network mins 400 Inclusive Video calls AND downloads 5 per week Free delTOMORROW call 08002888812 or reply NOW,rf,,want new video app use video app,4 costa del sol holiday aps5000 await collection 09050090044 toclaim sae tcs pobox334 stockport sk38xh costaps1.50 pm max10min,0.2975242250329252,0.9008621337073408,23,0.44708892703056335,18,-0.030695891007781,74.0838713645935,607,Call Germany for only 1 pence per minute! Call from a fixed line via access number 0844 861 85 85. No prepayment. Direct access!,-0.1383897066116333
54,Why are you ever surprised?,think say clearly ok leave need ask come,0.5652718544006348,0.915905412419136,"Do you ever notice that when you're driving, anyone going slower than you is an idiot and everyone driving faster than you is a maniac?",rf,,surprised,hot live fantasy 08707509020 20p min ntt ltd po box 1327 croydon cr9 5wb 0870 national rate,0.2900487670380787,0.914423529878464,24,0.3465888202190399,17,-0.0955924093723297,65.54791378974915,607,Want a new Video Phone? 750 anytime any network mins? Half price line rental free text for 3 months? Reply or call 08000930705 for free delivery,-0.1715066730976104
55,What do you think for Xmas?,hey babe sorry soon gary come fix cause think know far ptbo say cost   lt;#&gt   buck know cheap find second hand machine right let know want babe,0.5343427658081055,0.9024098203061636,What do U want for Xmas? How about 100 free text messages & a new video phone with half price line rental? Call free now on 0800 0721072 to find out more!,rf,,think xma,important customer service announcement freephone 0800 542 0825,0.3537872588502201,0.8719349645396433,28,0.3855353891849518,8,-0.0953748077154159,99.39148020744324,607,FROM 88066 LOST aPS12 HELP,-0.1722399741411209
56,"congratulations, 2 kos [ANSWER]",oh god happy message 3 day,0.6413970589637756,0.6557644833132286,"Congrats! 2 mobile 3G Videophones R yours. call 09063458130 now! videochat wid your mates, play java games, Dload polyPH music, noline rentl.",rf,,congratulation 2 kos answer,eerie nokia tone 4u rply tone title 8007 eg tone dracula 8007 title ghost addamsfa munster exorcist twilight www.getzed.co.uk pobox36504w45wq 150p,0.2403806155332507,0.6553366185964037,21,0.22415277361869812,21,0.0324352383613586,74.07383251190186,607,This msg is for your mobile content order It has been resent as previous attempt failed due to network error Queries to customersqueries@netvision.uk.com,-0.0329892262816429
57,"From: Kristina Barrois, MD, FRCP, Hamburg, Germany.",alex know guy sell mid south tampa think set like 8,0.3433763384819031,0.5843467085259029,Email AlertFrom: Jeri StewartSize: 2KBSubject: Low-cost prescripiton drvgsTo listen to email call 123,rf,,kristina barrois md frcp hamburg germany,important customer service announcement freephone 0800 542 0825,0.2707471238274895,0.5272290763375761,13,0.13151559233665466,8,0.1262021958827972,63.53414583206177,607,Update_Now - 12Mths Half Price Orange line rental: 400mins...Call MobileUpd8 on 08000839402 or call2optout=J5Q,-0.128710463643074
58,Do you want a new video app?,hey sweet wonder moment come want send file wo yahoo connection suck remember set page download format disc tell know way download big file download stuff directly internet help great prey tease kiss,0.4418320655822754,0.8840854892673141,Do you want a new video handset? 750 anytime any network mins? Half Price Line Rental? Camcorder? Reply or call 08000930705 for delivery tomorrow,rf,,want new video app,4 costa del sol holiday aps5000 await collection 09050090044 toclaim sae tcs pobox334 stockport sk38xh costaps1.50 pm max10min,0.3268877568287535,0.8897777374385919,18,0.4696899950504303,18,0.0089186746627092,80.3717954158783,607,"Urgent UR awarded a complimentary trip to EuroDisinc Trav, Aco&Entry41 Or aPS1000. To claim txt DIS to 87121 18+6*aPS1.50(moreFrmMob. ShrAcomOrSglSuplt)10, LS1 3AJ",-0.1233059540390968
59,"With 1, 362 votes, John T. Driscoll defeated Anthony Patrick King at 6 -- 4, 6 -- 1 in the final.",opinion 1 2 jada 3 kusruthi 4 lovable 5 silent 6 spl character 7 mature 8 stylish 9 simple pls reply,0.3254305124282837,0.7415376817600405,"44 7732584351, Do you want a New Nokia 3510i colour phone DeliveredTomorrow? With 300 free minutes to any mobile + 100 free texts + Free Camcorder reply or call 08000930705.",rf,,1 362 vote john t. driscoll defeat anthony patrick king 6 4 6 1 final,fancy shag do.intereste sextextuk.com txt xxuk suzy 69876 txts cost 1.50 msg tnc website x,0.2812824925783899,0.6735135955972091,30,0.031589701771736145,21,0.0678887069225311,66.16574358940125,607,"\For the most sparkling shopping breaks from 45 per person; call 0121 2025050 or visit www.shortbreaks.org.uk\""""",-0.1177455782890319
60,please call!,call message miss call,0.5285421013832092,0.8269558873041933,Santa Calling! Would your little ones like a call from Santa Xmas eve? Call 09058094583 to book your time.,rf,,,eerie nokia tone 4u rply tone title 8007 eg tone dracula 8007 title ghost addamsfa munster exorcist twilight www.getzed.co.uk pobox36504w45wq 150p,0.3226207472326632,0.7746627670157514,19,0.38344138860702515,21,0.1481361091136932,79.7696704864502,607,"Do you ever notice that when you're driving, anyone going slower than you is an idiot and everyone driving faster than you is a maniac?",-0.1043391451239585
61,"For a change search, I suggest run this over Fido while searching for my over 500 dvd's.",mean post write like time ritten stuff let sit feel time angry leave hit send stop check phone get car say sleep bored time clean fold laundry etc bed,0.3872527480125427,0.8619292380905104,"Eerie Nokia tones 4u, rply TONE TITLE to 8007 eg TONE DRACULA to 8007 Titles: GHOST, ADDAMSFA, MUNSTERS, EXORCIST, TWILIGHT www.getzed.co.uk POBox36504W45WQ 150p",rf,,change search suggest run fido search 500 dvd,4 costa del sol holiday aps5000 await collection 09050090044 toclaim sae tcs pobox334 stockport sk38xh costaps1.50 pm max10min,0.3724991313078345,0.616722507024475,23,0.06230563670396805,18,0.1499359011650085,70.65542435646057,607,Babe: U want me dont u baby! Im nasty and have a thing 4 filthyguys. Fancy a rude time with a sexy bitch. How about we go slo n hard! Txt XXX SLO(4msgs),-0.1017276421189308
62,"4 out of 10, but my vote for the actual mystery is six.",doubt handle 5 time night case,0.464064747095108,0.8544312447007852,"Dear Voucher Holder, 2 claim this weeks offer, at your PC go to http://www.e-tlp.co.uk/expressoffer Ts&Cs apply.2 stop texts txt STOP to 80062.",rf,,4 10 vote actual mystery,fancy shag do.intereste sextextuk.com txt xxuk suzy 69876 txts cost 1.50 msg tnc website x,0.2767301696128964,0.8595004885884957,22,0.06906118988990784,15,0.0266579873859882,61.29749822616577,607,Panasonic & BluetoothHdset FREE. Nokia FREE. Motorola FREE & DoubleMins & DoubleTxt on Orange contract. Call MobileUpd8 on 08000839402 or call 2optout,-0.1307353377342224
63,MUST SEE FOR ALL AGES!,3 guy want come time soon,0.503572404384613,0.8220394318980984,XMAS Prize draws! We are trying to contact U. Todays draw shows that you have won a aPS2000 prize GUARANTEED. Call 09058094565 from land line. Valid 12hrs only,rf,,age,eerie nokia tone 4u rply tone title 8007 eg tone dracula 8007 title ghost addamsfa munster exorcist twilight www.getzed.co.uk pobox36504w45wq 150p,0.2844649672576608,0.8522695100587767,28,0.10782980918884277,21,0.0931547358632087,59.42746829986572,607,"Customer service announcement. We recently tried to make a delivery to you but were unable to do so, please call 07099833605 to re-schedule. Ref:9280114",-0.1557832360267639
64,have a secret admirer.,great hope connection mode man cos know old friend lead today,0.4707071483135223,0.7928911723075958,U have a secret admirer. REVEAL who thinks U R So special. Call 09065174042. To opt out Reply REVEAL STOP. 1.50 per msg recd. Cust care 07821230901,rf,,secret admirer,hot live fantasy 08707509020 20p min ntt ltd po box 1327 croydon cr9 5wb 0870 national rate,0.2857454998308842,0.8219164234630699,23,0.5333433151245117,17,0.0084355482831597,73.98552918434143,607,Freemsg: 1-month unlimited free calls! Activate SmartCall Txt: CALL to No: 68866. Subscriptn3gbp/wk unlimited calls Help: 08448714184 Stop?txt stop landlineonly,-0.1868919432163238
65,The following services are available in Middelburg:,sure available,0.3354624509811401,0.7790841249252941,88800 and 89034 are premium phone services call 08718711108,rf,,follow service available middelburg,eerie nokia tone 4u rply tone title 8007 eg tone dracula 8007 title ghost addamsfa munster exorcist twilight www.getzed.co.uk pobox36504w45wq 150p,0.1501679313501523,0.7891808357882281,8,0.2828294634819031,21,-0.0682548359036445,75.94464612007141,607,"FREE2DAY sexy St George's Day pic of Jordan!Txt PIC to 89080 dont miss out, then every wk a saucy celeb!4 more pics c PocketBabe.co.uk 0870241182716 aPS3/wk",-0.1153832674026489
66,Managers called the manager.,school start stay weather like food social support system like friend school thing important,0.420054942369461,0.7041252288386453,Customer service annoncement. You have a New Years delivery waiting for you. Please call 07046744435 now to arrange delivery,rf,,manager call manager,fancy shag do.intereste sextextuk.com txt xxuk suzy 69876 txts cost 1.50 msg tnc website x,0.1673404687595559,0.7094063546432424,19,0.2557699680328369,15,-0.0469233877956867,66.76391243934631,607,You'll not rcv any more msgs from the chat svc. For FREE Hardcore services text GO to: 69988 If u get nothing u must Age Verify with yr network & try again,-0.1886307150125503
67,Call now,call message miss call,0.6676263809204102,0.8591204401329844,"HOT LIVE FANTASIES call now 08707509020 Just 20p per min NTT Ltd, PO Box 1327 Croydon CR9 5WB 0870 is a national rate call",rf,,,4 costa del sol holiday aps5000 await collection 09050090044 toclaim sae tcs pobox334 stockport sk38xh costaps1.50 pm max10min,0.26701423625188,0.701823839656862,23,0.4102697968482971,18,0.2492406517267227,73.86874675750732,607,"Do you ever notice that when you're driving, anyone going slower than you is an idiot and everyone driving faster than you is a maniac?",-0.0374485254287719
68,"You are guaranteed the next day you awake, an hour later.",actually time go bed long speak wake 7 night,0.6424977779388428,0.887815031449133,"You are guaranteed the latest Nokia Phone, a 40GB iPod MP3 player or a aPS500 prize! Txt word: COLLECT to No: 83355! IBHltd LdnW15H 150p/Mtmsgrcvd18+",rf,,guarantee day awake hour later,fancy shag do.intereste sextextuk.com txt xxuk suzy 69876 txts cost 1.50 msg tnc website x,0.3045439360224558,0.7911653720515713,21,0.1652086079120636,15,-0.0217647589743137,79.14583802223206,607,Refused a loan? Secured or Unsecured? Can't get credit? Call free now 0800 195 6669 or text back 'help' & we will!,-0.1148372516036033
69,"Got what it takes 2 take part in the WRC Rally in Oz? U can with Lucozade Energy! U can also choose ( 25p), see packs or the llc roadshow",mark work tomorrow get 5 work house meet u,0.478145033121109,0.8642619195345542,"Got what it takes 2 take part in the WRC Rally in Oz? U can with Lucozade Energy! Text RALLY LE to 61200 (25p), see packs or lucozade.co.uk/wrc & itcould be u!",rf,,get take 2 wrc rally oz u lucozade energy u choose 25p pack llc roadshow,eerie nokia tone 4u rply tone title 8007 eg tone dracula 8007 title ghost addamsfa munster exorcist twilight www.getzed.co.uk pobox36504w45wq 150p,0.392544975542376,0.9798770948821628,11,0.899193286895752,30,0.1294184625148773,28.810413122177124,607,"Do you ever notice that when you're driving, anyone going slower than you is an idiot and everyone driving faster than you is a maniac?",-0.1058742627501487
70,Did you free the space?,hey sweet wonder moment come want send file wo yahoo connection suck remember set page download format disc tell know way download big file download stuff directly internet help great prey tease kiss,0.327812910079956,0.8749446191247516,Refused a loan? Secured or Unsecured? Can't get credit? Call free now 0800 195 6669 or text back 'help' & we will!,rf,,free space,4 costa del sol holiday aps5000 await collection 09050090044 toclaim sae tcs pobox334 stockport sk38xh costaps1.50 pm max10min,0.3448548921346206,0.860678510169837,21,0.13851603865623474,18,0.0065923910588026,23.31486201286316,607,Todays Voda numbers ending 7548 are selected to receive a $350 award. If you have a match please call 08712300220 quoting claim code 4041 standard rates app,-0.1293179392814636
71,"walt went to the basement and took out the old key emblem and punched the paper cup, thought it was walt's...... sopranoose-yoga-come-back-now,",dirt floor window shirt open mouth come flow dream world half chore time joy lot tv show i.ll guess like thing exist like rain hail mist time,0.3894611597061157,0.8557538737098345,UR awarded a City Break and could WIN a aPS200 Summer Shopping spree every WK. Txt STORE to 88039 . SkilGme. TsCs087147403231Winawk!Age16 aPS1.50perWKsub,rf,,walt go basement take old key emblem punch paper cup think walt sopranoose yoga come,fancy shag do.intereste sextextuk.com txt xxuk suzy 69876 txts cost 1.50 msg tnc website x,0.3080959134362075,0.8309997121698827,22,0.07289808243513107,22,-0.110016256570816,25.797752380371094,607,Freemsg: 1-month unlimited free calls! Activate SmartCall Txt: CALL to No: 68866. Subscriptn3gbp/wk unlimited calls Help: 08448714184 Stop?txt stop landlineonly,-0.2299606949090957
72,we try to contact you via our secure server. we will do anything we can to help you as regards our investigation.,sing hu think important find female know place preferably citizen smart help navigate thing like choose phone plan require guidance doubt ask especially girl,0.457669734954834,0.8923205160483445,We tried to contact you re our offer of New Video Phone 750 anytime any network mins HALF PRICE Rental camcorder call 08000930705 or reply for delivery Wed,rf,,try contact secure server help regard investigation,eerie nokia tone 4u rply tone title 8007 eg tone dracula 8007 title ghost addamsfa munster exorcist twilight www.getzed.co.uk pobox36504w45wq 150p,0.2870704178718808,0.9054221740350282,24,0.3496163487434387,22,0.109091430902481,22.50880551338196,607,Burger King - Wanna play footy at a top stadium? Get 2 Burger King before 1st Sept and go Large or Super with Coca-Cola and walk out a winner,-0.1104628890752792
73,Do you support free talking any more msgs from the chat,hey sweet wonder moment come want send file wo yahoo connection suck remember set page download format disc tell know way download big file download stuff directly internet help great prey tease kiss,0.5251730680465698,0.8759701412192845,You'll not rcv any more msgs from the chat svc. For FREE Hardcore services text GO to: 69988 If u get nothing u must Age Verify with yr network & try again,rf,,support free talk msg chat,4 costa del sol holiday aps5000 await collection 09050090044 toclaim sae tcs pobox334 stockport sk38xh costaps1.50 pm max10min,0.3206036526679053,0.9264008497884452,28,0.47371354699134827,18,0.0599485076963901,22.07817554473877,607,"In The Simpsons Movie released in July 2007 name the band that died at the start of the film? A-Green Day, B-Blue Day, C-Red Day. (Send A, B or C)",-0.1130677461624145
74,to review and KEEP the fantastic Nokia N-Gage game,uncle boye need movie oh guide plus know torrent particularly legal system slow gr8 day plus start cos nt meet online honey moon,0.4383487999439239,0.8110139868412544,"To review and KEEP the fantastic Nokia N-Gage game deck with Club Nokia, go 2 www.cnupdates.com/newsletter. unsubscribe from alerts reply with the word OUT",rf,,review fantastic nokia n gage game,fancy shag do.intereste sextextuk.com txt xxuk suzy 69876 txts cost 1.50 msg tnc website x,0.3874976681728935,0.9419142442511392,16,0.7739947438240051,15,0.2131710052490234,26.00493049621582,607,Filthy stories and GIRLS waiting for your,-0.0868693813681602
75,""" WORST MOVIE EVER!!!!",yay well tell 5 girl,0.4445586502552032,0.7305363584512974,"\URGENT! This is the 2nd attempt to contact U!U have WON aPS1000CALL 09071512432 b4 300603t&csBCM4235WC1N3XX.callcost150ppmmobilesvary. maxaPS7. 50\""""",rf,,bad movie,important customer service announcement freephone 0800 542 0825,0.2517630335282002,0.7697252220463128,17,-0.10253269970417023,8,-0.1056467816233635,27.245665550231934,607,<Forwarded from 21870000>Hi - this is your Mailbox Messaging SMS alert. You have 40 matches. Please call back on 09056242159 to retrieve your messages and matches cc100p/min,-0.1907062232494354
76,Does life get better?,certainly put thing perspective like happen,0.4032189548015594,0.8704127940484586,Wanna have a laugh? Try CHIT-CHAT on your mobile now! Logon by txting the word: CHAT and send it to No: 8883 CM PO Box 4217 London W1A 6ZF 16+ 118p/msg rcvd,rf,,life well,4 costa del sol holiday aps5000 await collection 09050090044 toclaim sae tcs pobox334 stockport sk38xh costaps1.50 pm max10min,0.2824404379467537,0.7727160009857532,32,-0.027733711525797844,18,-0.1240032836794853,30.760193347930908,607,Kit Strip - you have been billed 150p. Netcollex Ltd. PO Box 1013 IG11 OJA,-0.2034886330366134
77,The phone I got could not fit into the pocket of the black pants I was wearing The pocket was too narrow.,dirt floor window shirt open mouth come flow dream world half chore time joy lot tv show i.ll guess like thing exist like rain hail mist time,0.4525095224380493,0.8730006511043774,"\URGENT! This is the 2nd attempt to contact U!U have WON aPS1000CALL 09071512432 b4 300603t&csBCM4235WC1N3XX.callcost150ppmmobilesvary. maxaPS7. 50\""""",rf,,phone get fit pocket black pant wear pocket narrow,4 costa del sol holiday aps5000 await collection 09050090044 toclaim sae tcs pobox334 stockport sk38xh costaps1.50 pm max10min,0.3175821023261753,0.8306667042718284,21,0.08483507484197617,22,0.0751515924930572,28.37544131278992,607,TheMob>Yo yo yo-Here comes a new selection of hot downloads for our members to get for FREE! Just click & open the next link sent to ur fone...,-0.1308564245700836
78,Single: No text strings.,say text time,0.4212742149829864,0.777382377031928,Free msg: Single? Find a partner in your area! 1000s of real people are waiting to chat now!Send CHAT to 62220Cncl send STOPCS 08717890890aPS1.50 per msg,rf,,single text string,4 costa del sol holiday aps5000 await collection 09050090044 toclaim sae tcs pobox334 stockport sk38xh costaps1.50 pm max10min,0.2829138768765432,0.7380219228167051,26,0.18625621497631073,18,0.0113469259813427,20.91650080680847,607,The current leading bid is 151. To pause this auction send OUT. Customer Care: 08718726270,-0.1351725757122039
79,"stop our text, c'est moi, 2!",thanx4 today cer nice 2 catch ave 2 find time oh care c u soon.c,0.4858894348144531,0.7320396299788954,Don't b floppy... b snappy & happy! Only gay chat service with photo upload call 08718730666 (10p/min). 2 stop our texts call 08712460324,rf,,stop text c'est moi 2,eerie nokia tone 4u rply tone title 8007 eg tone dracula 8007 title ghost addamsfa munster exorcist twilight www.getzed.co.uk pobox36504w45wq 150p,0.3407035498910147,0.7937333228365705,22,0.24476221203804016,21,0.1597509831190109,28.09971785545349,607,You have won a Nokia 7250i. This is what you get when you win our FREE auction. To take part send Nokia to 86021 now. HG/Suite342/2Lands Row/W1JHL 16+,-0.0391300842165946
80,Call calls now EMPTY,call message miss call,0.6487650275230408,0.8387210467102362,"HOT LIVE FANTASIES call now 08707500020 Just 20p per min NTT Ltd, PO Box 1327 Croydon CR9 5WB 0870 is a national rate call",rf,,call,4 costa del sol holiday aps5000 await collection 09050090044 toclaim sae tcs pobox334 stockport sk38xh costaps1.50 pm max10min,0.2495964931678656,0.6812817418949829,23,0.3566789925098419,18,0.1787554323673248,24.770206689834595,607,"Do you ever notice that when you're driving, anyone going slower than you is an idiot and everyone driving faster than you is a maniac?",-0.0827185958623886
81,WON A MILLION DOLLARS OF GIMP [ANSWER],1 thing change sentence \because want 2 concentrate educational career m leave,0.3786469995975494,0.7230798058600306,"URGENT! Your mobile No *********** WON a aPS2,000 Bonus Caller Prize on 02/06/03! This is the 2nd attempt to reach YOU! Call 09066362220 ASAP! BOX97N7QP, 150ppm",rf,,win million dollar gimp answer,eerie nokia tone 4u rply tone title 8007 eg tone dracula 8007 title ghost addamsfa munster exorcist twilight www.getzed.co.uk pobox36504w45wq 150p,0.2383214935232967,0.6760333386803562,25,0.2782405614852905,21,-0.0178018976002931,30.32162618637085,607,sexy sexy cum and text me im wet and warm and ready for some porn! u up for some fun? THIS MSG IS FREE RECD MSGS 150P INC VAT 2 CANCEL TEXT STOP,-0.0608002431690692
82,Thank by sms. EMPTY,hi mobile   lt;#&gt   add contact list www.fullonsms.com s great place send free sms people visit fullonsms.com,0.5374264717102051,0.7647968974126214,"Thank you, winner notified by sms. Good Luck! No future marketing reply STOP to 84122 customer services 08450542832",rf,,thank sms,hot live fantasy 08707509020 20p min ntt ltd po box 1327 croydon cr9 5wb 0870 national rate,0.3764238245339388,0.8202466634625948,15,0.5667640566825867,17,0.2071864604949951,34.73658037185669,607,"Do you ever notice that when you're driving, anyone going slower than you is an idiot and everyone driving faster than you is a maniac?",-0.1752243638038635
83,WEBSERVING: NEVER HATE IT!!!!!!!!!!!!!!,well thank lol,0.4032727777957916,0.7020459030136973,FREEMSG: Our records indicate you may be entitled to 3750 pounds for the Accident you had. To claim for free reply with YES to this msg. To opt out text STOP,rf,,webserving hate,eerie nokia tone 4u rply tone title 8007 eg tone dracula 8007 title ghost addamsfa munster exorcist twilight www.getzed.co.uk pobox36504w45wq 150p,0.2318864984632133,0.5555289255073865,31,0.11861611902713776,21,0.098390981554985,22.97423028945923,607,"Romantic Paris. 2 nights, 2 flights from aPS79 Book now 4 next year. Call 08704439680Ts&Cs apply.",-0.0738995894789695
84,"3rd week of leave early, 2nd prize... - triple the credit, 2nd prize... -",dear know   lt;#&gt th   lt;#&gt th birthday love gopalettan plan small gift day like participate welcome contact admin team detail,0.4446936845779419,0.7781197049750402,Free 1st week entry 2 TEXTPOD 4 a chance 2 win 40GB iPod or aPS250 cash every wk. Txt POD to 84128 Ts&Cs www.textpod.net custcare 08712405020.,rf,,3rd week leave early 2nd prize triple credit 2nd prize,eerie nokia tone 4u rply tone title 8007 eg tone dracula 8007 title ghost addamsfa munster exorcist twilight www.getzed.co.uk pobox36504w45wq 150p,0.2196985135645097,0.7946430152470954,25,0.17049354314804077,21,-0.0198646988719701,20.68690729141236,607,"Do you ever notice that when you're driving, anyone going slower than you is an idiot and everyone driving faster than you is a maniac?",-0.118444986641407
85,"AS A VOYFALL, YOU MUST AVOID call 09061743386",sing hu think important find female know place preferably citizen smart help navigate thing like choose phone plan require guidance doubt ask especially girl,0.4568798542022705,0.8700389725015044,YOU HAVE WON! As a valued Vodafone customer our computer has picked YOU to win a aPS150 prize. To collect is easy. Just call 09061743386 ,rf,,voyfall avoid 09061743386,4 costa del sol holiday aps5000 await collection 09050090044 toclaim sae tcs pobox334 stockport sk38xh costaps1.50 pm max10min,0.2698577977760221,0.8829189295549555,23,0.45421576499938965,18,0.3097292184829712,32.58171105384827,607,"In The Simpsons Movie released in July 2007 name the band that died at the start of the film? A-Green Day, B-Blue Day, C-Red Day. (Send A, B or C)",0.007090694271028
86,only call me once a month. [ANSWER],problem baby good time talk call leave message,0.4973221719264984,0.8446375939132852,December only! Had your mobile 11mths+? You are entitled to update to the latest colour camera mobile for Free! Call The Mobile Update VCo FREE on 08002986906 ,rf,,month answer,4 costa del sol holiday aps5000 await collection 09050090044 toclaim sae tcs pobox334 stockport sk38xh costaps1.50 pm max10min,0.3100448698450646,0.810392203597972,28,0.13833658397197723,18,0.1829354912042617,21.34671258926392,607,Would you like to see my XXX pics they are so hot they were nearly banned in the uk!,-0.0649273768067359
87,I couldn't think of a good reason to not like this film either.,certainly put thing perspective like happen,0.5046072006225586,0.914963216120519,Ever thought about living a good life with a perfect partner? Just txt back NAME and AGE to join the mobile community. (100p/SMS),rf,,think good reason like film,4 costa del sol holiday aps5000 await collection 09050090044 toclaim sae tcs pobox334 stockport sk38xh costaps1.50 pm max10min,0.3008116475868621,0.8968247958746028,20,-0.0752304345369339,18,-0.1154915988445282,26.41145634651184,607,You have WON a guaranteed aPS1000 cash or a aPS2000 prize.To claim yr prize call our customer service representative on,-0.2482157051563263
88,"Text BANNEDUK to 89555 to see! , cost $150. 00",want new video phone 750 anytime network min half price line rental free text 3 month reply 08000930705 free delivery,0.7544768452644348,0.8051779065066939,Text BANNEDUK to 89555 to see! cost 150p textoperator g696ga 18+ XXX,rf,,text banneduk 89555 cost $ 150 00,eerie nokia tone 4u rply tone title 8007 eg tone dracula 8007 title ghost addamsfa munster exorcist twilight www.getzed.co.uk pobox36504w45wq 150p,0.2574473409773481,0.8647406148499981,6,0.8309583067893982,21,0.2770041227340698,23.370678186416622,607,"Do you ever notice that when you're driving, anyone going slower than you is an idiot and everyone driving faster than you is a maniac?",-0.1186637878417968
89,"congratulations: Nokia's stylish 2011 mobile handsets called """"",like new mobile,0.5938029289245605,0.79620258728388,Congrats! Nokia 3650 video camera phone is your Call 09066382422 Calls cost 150ppm Ave call 3mins vary from mobiles 16+ Close 300603 post BCM4284 Ldn WC1N3XX,rf,,congratulation nokia stylish 2011 mobile handset call,hot live fantasy 08707509020 20p min ntt ltd po box 1327 croydon cr9 5wb 0870 national rate,0.3007312748430637,0.736590610774838,26,0.5173203945159912,17,0.2112630307674408,25.317846059799194,607,"Will u meet ur dream partner soon? Is ur career off 2 a flyng start? 2 find out free, txt HORO followed by ur star sign, e. g. HORO ARIES",-0.054605234414339
90,sends urges user to turn off adblock,hey sweet wonder moment come want send file wo yahoo connection suck remember set page download format disc tell know way download big file download stuff directly internet help great prey tease kiss,0.406060516834259,0.6994261505161858,tells u 2 call 09066358152 to claim aPS5000 prize. U have 2 enter all ur mobile & personal details @ the prompts. Careful!,rf,,send urge user turn adblock,4 costa del sol holiday aps5000 await collection 09050090044 toclaim sae tcs pobox334 stockport sk38xh costaps1.50 pm max10min,0.1773264562105592,0.6605958139049238,22,0.3527470827102661,18,0.1261481642723083,31.66318106651306,607,EASTENDERS TV Quiz. What FLOWER does DOT compare herself to? D= VIOLET E= TULIP F= LILY txt D E or F to 84025 NOW 4 chance 2 WIN aPS100 Cash WKENT/150P16+,-0.1858719587326049
91,Bought and lost.,sorry man account dry want trade half buy shit credit card,0.4997180700302124,0.7604006382168929,Bought one ringtone and now getting texts costing 3 pound offering more tones etc,rf,,buy lose,hot live fantasy 08707509020 20p min ntt ltd po box 1327 croydon cr9 5wb 0870 national rate,0.2680293255859196,0.7871007774694788,12,0.17256587743759155,17,0.0562930852174758,23.854458332061768,607,"FREE RING TONE just text \POLYS\"" to 87131. Then every week get a new tone. 0870737910216yrs only aPS1.50/wk.""",-0.1373356580734253
92,You have limited aVPY or a GREAT MOVIE!,great role model give wish day miracle god reason wish know nt look young great day,0.4464177787303924,0.8594835408616677,You have WON a guaranteed aPS1000 cash or a aPS2000 prize.To claim yr prize call our customer service representative on,rf,,limit avpy great movie,4 costa del sol holiday aps5000 await collection 09050090044 toclaim sae tcs pobox334 stockport sk38xh costaps1.50 pm max10min,0.3352106882727723,0.8519703710058601,16,0.045045193284749985,18,-0.0461938008666038,23.865226984024048,607,"You are being contacted by our dating service by someone you know! To find out who it is, call from a land line 09050000928. PoBox45W2TG150P",-0.1203953698277473
93,You will be receiving this week's update.,hope have good week check,0.5396488308906555,0.883500094961388,You will be receiving this week's Triple Echo ringtone shortly. Enjoy it!,rf,,receive week update,eerie nokia tone 4u rply tone title 8007 eg tone dracula 8007 title ghost addamsfa munster exorcist twilight www.getzed.co.uk pobox36504w45wq 150p,0.2729760507339785,0.9422806141161482,6,0.5222272872924805,21,-0.0071442946791648,27.409320831298828,607,"Double mins and txts 4 6months FREE Bluetooth on Orange. Available on Sony, Nokia Motorola phones. Call MobileUpd8 on 08000839402 or call2optout/N9DX",-0.1519848853349685
94,send data to support batching.,pls pls send mail know relative come deliver know cost risk benefit thank,0.4377890527248382,0.7608566779664302,"0A$NETWORKS allow companies to bill for SMS, so they are responsible for their \suppliers\""",rf,,send datum support batching,4 costa del sol holiday aps5000 await collection 09050090044 toclaim sae tcs pobox334 stockport sk38xh costaps1.50 pm max10min,0.2427946995487996,0.7432031877931493,13,0.10314269363880157,18,0.1694809943437576,23.997426509857178,607,U have a secret admirer who is looking 2 make contact with U-find out who they R*reveal who thinks UR so special-call on 09058094599,-0.1174393743276596
95,married local women looking for sex,run young man pretty baby,0.3970279991626739,0.751947587761691,Married local women looking for discreet action now! 5 real matches instantly to your phone. Text MATCH to 69969 Msg cost 150p 2 stop txt stop BCMSFWC1N3XX,rf,,marry local woman look sex,eerie nokia tone 4u rply tone title 8007 eg tone dracula 8007 title ghost addamsfa munster exorcist twilight www.getzed.co.uk pobox36504w45wq 150p,0.2814431315025756,0.7644270129493193,23,0.4578607678413391,21,0.0764197036623954,23.28558707237244,607,"Do you ever notice that when you're driving, anyone going slower than you is an idiot and everyone driving faster than you is a maniac?",-0.1432490050792694
96,EMPTY sells for a gun. EMPTY,dirt floor window shirt open mouth come flow dream world half chore time joy lot tv show i.ll guess like thing exist like rain hail mist time,0.361228734254837,0.7421627760294847,For sale - arsenal dartboard. Good condition but no doubles or trebles!,rf,,sell gun,4 costa del sol holiday aps5000 await collection 09050090044 toclaim sae tcs pobox334 stockport sk38xh costaps1.50 pm max10min,0.2974710358685445,0.7502899175109333,12,0.4129774868488312,18,0.1155903786420822,23.218109607696533,607,ROMCAPspam Everyone around should be responding well to your presence since you are so warm and outgoing. You are bringing in a real breath of sunshine.,-0.115013763308525
97,"The Tripper is a 2006 comedy horror slasher film which was directed by David Arquette and stars Jaime King, Thomas Jane and Lukas Haas.",good movie ok leave hourish,0.4001477360725403,0.7240115613173,U have a secret admirer who is looking 2 make contact with U-find out who they R*reveal who thinks UR so special-call on 09058094565,rf,,tripper 2006 comedy horror slasher film direct david arquette star jaime king thomas jane lukas haas,important customer service announcement freephone 0800 542 0825,0.2177265178907968,0.6381396385891823,24,0.02226744219660759,24,-0.0530521683394908,37.393518924713135,607,it to 80488. Your 500 free text messages are valid until 31 December 2005.,-0.1692852526903152
98,congratulations 2 mobile,3 receive mobile content enjoy,0.5873053073883057,0.7360271435094177,"Congrats 2 mobile 3G Videophones R yours. call 09063458130 now! videochat wid ur mates, play java games, Dload polypH music, noline rentl. bx420. ip4. 5we. 150p",rf,,congratulation 2 mobile,eerie nokia tone 4u rply tone title 8007 eg tone dracula 8007 title ghost addamsfa munster exorcist twilight www.getzed.co.uk pobox36504w45wq 150p,0.2922691255789628,0.6671559991447286,24,0.5535094738006592,21,0.2195241302251815,26.134828567504883,607,"In The Simpsons Movie released in July 2007 name the band that died at the start of the film? A-Green Day, B-Blue Day, C-Red Day. (Send A, B or C)",-0.0372205376625061
